#
# A fatal error has been detected by the Java Runtime Environment:
#
#  EXCEPTION_ACCESS_VIOLATION (0xc0000005) at pc=0x00007ffcdfeaf73a, pid=72660, tid=61076
#
# JRE version: Java(TM) SE Runtime Environment (25.0.3+9) (build 25.0.3+9-LTS-195)
# Java VM: Java HotSpot(TM) 64-Bit Server VM (25.0.3+9-LTS-195, mixed mode, sharing, tiered, compressed oops, compressed class ptrs, g1 gc, windows-amd64)
# Problematic frame:
# V  [jvm.dll+0x71f73a]
#
# No core dump will be written. Minidumps are not enabled by default on client versions of Windows
#
# If you would like to submit a bug report, please visit:
#   https://bugreport.java.com/bugreport/crash.jsp
#

---------------  S U M M A R Y ------------

Command Line: -Ddebugger.agent.enable.coroutines=true -Ddebugger.async.stack.trace.for.all.threads=true -Dfabric.dli.config=J:\minecraft@@0020orgenal@@0020mod@@0020with@@0020GPT\the_end_of_dragon\fabric\.gradle\loom-cache\launch.cfg -Dfabric.dli.env=client -Dfabric.dli.main=net.fabricmc.loader.impl.launch.knot.KnotClient -Dkotlinx.coroutines.debug.enable.creation.stack.trace=false -Dkotlinx.coroutines.debug.enable.flows.stack.trace=true -Dkotlinx.coroutines.debug.enable.mutable.state.flows.stack.trace=true --sun-misc-unsafe-memory-access=allow --enable-native-access=ALL-UNNAMED -agentlib:jdwp=transport=dt_socket,server=n,suspend=y,address=127.0.0.1:56896 -javaagent:C:\Users\Owner\AppData\Local\JetBrains\IntelliJIdea2026.1\captureAgent\debugger-agent.jar=file:///C:/Users/Owner/AppData/Local/Temp/capture16944122318608684624.props -Dfile.encoding=UTF-8 -Duser.country=JP -Duser.language=ja -Duser.variant net.fabricmc.devlaunchinjector.Main

Host: Intel(R) Core(TM) i7-14700K, 28 cores, 63G,  Windows 11 , 64 bit Build 26100 (10.0.26100.8521)
Time: Thu Jul  9 12:11:59 2026 elapsed time: 13.232538 seconds (0d 0h 0m 13s)

---------------  T H R E A D  ---------------

Current thread (0x00000274fac96550):  JavaThread "C2 CompilerThread6" daemon [_thread_in_native, id=61076, stack(0x000000c14ed00000,0x000000c14ee00000) (1024K)]


Current CompileTask:
C2:13232 21720       4       net.minecraft.world.phys.shapes.Shapes::create (254 bytes)

Stack: [0x000000c14ed00000,0x000000c14ee00000],  sp=0x000000c14edfcee0,  free space=1011k
Native frames: (J=compiled Java code, j=interpreted, Vv=VM code, C=native code)
V  [jvm.dll+0x71f73a]  (no source info available)
V  [jvm.dll+0x71f8db]  (no source info available)
V  [jvm.dll+0x725ccb]  (no source info available)
V  [jvm.dll+0x726d49]  (no source info available)
V  [jvm.dll+0x725008]  (no source info available)
V  [jvm.dll+0x2c09b5]  (no source info available)
V  [jvm.dll+0x2bfcff]  (no source info available)
V  [jvm.dll+0x237b20]  (no source info available)
V  [jvm.dll+0x2cfe26]  (no source info available)
V  [jvm.dll+0x2ce0a5]  (no source info available)
V  [jvm.dll+0x48ee81]  (no source info available)
V  [jvm.dll+0x907c6d]  (no source info available)
V  [jvm.dll+0x7a6345]  (no source info available)
C  [ucrtbase.dll+0x2cd30]  (no source info available)
C  [KERNEL32.DLL+0x2e957]  (no source info available)
C  [ntdll.dll+0x87c1c]  (no source info available)


siginfo: EXCEPTION_ACCESS_VIOLATION (0xc0000005), writing address 0x0000027cc72c47f8


Registers:
RAX=0x00000274f9af9c88, RBX=0x00000274eda40c20, RCX=0x00000000f9af9701, RDX=0x0000000000000018
RSP=0x000000c14edfcee0, RBP=0x0000000000000000, RSI=0x00000274f9af9790, RDI=0x0000000000000000
R8 =0x0000000000000064, R9 =0x0000000000000080, R10=0x00007ffd82760000, R11=0x00007ffd82771c4f
R12=0x00000274f90a9a20, R13=0x000000c14edfd500, R14=0x00000274f9af8870, R15=0x00000274f90aa4d0
RIP=0x00007ffcdfeaf73a, EFLAGS=0x0000000000010202

XMM[0]=0x0000000000000000 0x0000000000000000
XMM[1]=0x0000000000000000 0x0000000000000000
XMM[2]=0x00000274ef0d3af8 0x00000274ef0d3a48
XMM[3]=0x00000274e48d5b18 0x00000274e48d5b18
XMM[4]=0x00000274e48d5b18 0x00000274e48d5b18
XMM[5]=0x00000274e48d64c8 0x00000274e48d6c58
XMM[6]=0x0000000000000000 0x0000000000000000
XMM[7]=0x0000000000000000 0x0000000000000000
XMM[8]=0x0000000000000000 0x0000000000000000
XMM[9]=0x0000000000000000 0x0000000000000000
XMM[10]=0x0000000000000000 0x0000000000000000
XMM[11]=0x0000000000000000 0x0000000000000000
XMM[12]=0x0000000000000000 0x0000000000000000
XMM[13]=0x0000000000000000 0x0000000000000000
XMM[14]=0x0000000000000000 0x0000000000000000
XMM[15]=0x0000000000000000 0x0000000000000000
  MXCSR=0x00001fa0


Register to memory mapping:

RAX=0x00000274f9af9c88 points into unknown readable memory: 0x0000000000000000 | 00 00 00 00 00 00 00 00
RBX=0x00000274eda40c20 points into unknown readable memory: 0x00007ffce02592e0 | e0 92 25 e0 fc 7f 00 00
RCX=0x00000000f9af9701 is an unknown value
RDX=0x0000000000000018 is an unknown value
RSP=0x000000c14edfcee0 is pointing into the stack for thread: 0x00000274fac96550
RBP=0x0 is null
RSI=0x00000274f9af9790 points into unknown readable memory: 0x0000000000000000 | 00 00 00 00 00 00 00 00
RDI=0x0 is null
R8 =0x0000000000000064 is an unknown value
R9 =0x0000000000000080 is an unknown value
R10=0x00007ffd82760000 VCRUNTIME140.dll
R11=0x00007ffd82771c4f VCRUNTIME140.dll
R12=0x00000274f90a9a20 points into unknown readable memory: 0x00007ffce022f930 | 30 f9 22 e0 fc 7f 00 00
R13=0x000000c14edfd500 is pointing into the stack for thread: 0x00000274fac96550
R14=0x00000274f9af8870 points into unknown readable memory: 0x0000000000000000 | 00 00 00 00 00 00 00 00
R15=0x00000274f90aa4d0 points into unknown readable memory: 0x00007ffce0226ea8 | a8 6e 22 e0 fc 7f 00 00

Top of Stack: (sp=0x000000c14edfcee0)
0x000000c14edfcee0:   00000274f90a9b78 0000000000000000   x...t...........
0x000000c14edfcef0:   00000274f9af9000 00007ffcdfeb0014   ....t...........
0x000000c14edfcf00:   00000274ef0d3da8 0000000000000298   .=..t...........
0x000000c14edfcf10:   f9af970100000003 0000027400000004   ............t...
0x000000c14edfcf20:   000000c14edfd500 0000000000000000   ...N............
0x000000c14edfcf30:   00000274f90aa528 00000274f9af80e0   (...t.......t...
0x000000c14edfcf40:   00000274f90a9a20 000000c14edfd500    ...t......N....
0x000000c14edfcf50:   00000274f90aa4d0 00007ffcdfeaf8db   ....t...........
0x000000c14edfcf60:   000000c14edfd500 0000000000000000   ...N............
0x000000c14edfcf70:   00000274f9af8870 00000274f90a9a20   p...t... ...t...
0x000000c14edfcf80:   000000c14edfd098 00000274fad35e50   ...N....P^..t...
0x000000c14edfcf90:   0000000100000002 0000027400000004   ............t...
0x000000c14edfcfa0:   00000274f9af7890 0000000000000000   .x..t...........
0x000000c14edfcfb0:   000000c14edfd500 00000274f90aa528   ...N....(...t...
0x000000c14edfcfc0:   0000000000000000 00000274f9af80e0   ............t...
0x000000c14edfcfd0:   0000000000000001 00007ffcdfeb5ccb   .........\......
0x000000c14edfcfe0:   000000c14edfd500 000000c14edfd518   ...N.......N....
0x000000c14edfcff0:   00000274f9af80e0 00000274f90a9a20   ....t... ...t...
0x000000c14edfd000:   000000c14edfd098 00007ffcdff11409   ...N............
0x000000c14edfd010:   00000000000027d8 00000274f9af80e0   .'..........t...
0x000000c14edfd020:   00000274f9afa080 00000274f90a9a98   ....t.......t...
0x000000c14edfd030:   00000274f78a7400 00000274f90aa528   .t..t...(...t...
0x000000c14edfd040:   0000000000000019 000000c14edfd500   ...........N....
0x000000c14edfd050:   0000000000000000 0000000000000000   ................
0x000000c14edfd060:   fffffffffffffff8 000000c14edfd0d8   ...........N....
0x000000c14edfd070:   00000274f90aa528 00007ffcdfeb6d49   (...t...Im......
0x000000c14edfd080:   00000274e48d44b0 000000c100000102   .D..t...........
0x000000c14edfd090:   00000274f90a9a98 00000274f90a9a98   ....t.......t...
0x000000c14edfd0a0:   0000027485815438 0000027485822208   8T..t...."..t...
0x000000c14edfd0b0:   0000027485813d48 00000274faacf680   H=..t.......t...
0x000000c14edfd0c0:   0000000000000020 000000c14edfd199    ..........N....
0x000000c14edfd0d0:   0000000000000030 000000c14edfeae8   0..........N....

Instructions: (pc=0x00007ffcdfeaf73a)
  0x00007ffcdfeaf63a:   24 40 8b ef 41 bd 01 00 00 00 89 7c 24 34 41 8b
  0x00007ffcdfeaf64a:   dd 89 44 24 38 44 89 6c 24 30 3b c3 0f 86 e1 02
  0x00007ffcdfeaf65a:   00 00 4c 8b ac 24 a0 00 00 00 be 08 00 00 00 44
  0x00007ffcdfeaf66a:   8b e0 49 c7 c6 ff ff ff ff 49 8b 07 8b d3 49 8b
  0x00007ffcdfeaf67a:   cf ff 50 78 85 c0 74 34 49 8b 47 08 48 8b 0c 06
  0x00007ffcdfeaf68a:   8b 41 2c 83 e0 3f 3c 30 75 22 48 8b 41 08 48 85
  0x00007ffcdfeaf69a:   ed 75 11 49 83 7d 00 01 48 8b 68 08 75 0e 49 89
  0x00007ffcdfeaf6aa:   6d 00 eb 08 48 3b 68 08 49 0f 45 ee ff c3 48 83
  0x00007ffcdfeaf6ba:   c6 08 41 3b dc 72 b2 4c 8b b4 24 90 00 00 00 4c
  0x00007ffcdfeaf6ca:   8b a4 24 98 00 00 00 44 8b 6c 24 30 66 66 0f 1f
  0x00007ffcdfeaf6da:   84 00 00 00 00 00 49 8b 07 41 8b d5 49 8b cf ff
  0x00007ffcdfeaf6ea:   50 78 85 c0 0f 84 2e 02 00 00 49 8b 47 08 41 8b
  0x00007ffcdfeaf6fa:   cd 4c 8b ac 24 80 00 00 00 48 8b 1c c8 b9 90 07
  0x00007ffcdfeaf70a:   00 00 49 8d 55 18 e8 8b 7c 9d ff 48 8b f0 48 85
  0x00007ffcdfeaf71a:   c0 74 16 48 8d 88 f8 04 00 00 33 d2 41 b8 7c 02
  0x00007ffcdfeaf72a:   00 00 e8 61 a2 2c 00 eb 03 48 8b f7 8b 4c 24 34
=>0x00007ffcdfeaf73a:   49 89 b4 ce 80 07 00 00 ff c1 48 89 be 80 07 00
  0x00007ffcdfeaf74a:   00 48 89 be 88 07 00 00 48 89 9e 78 07 00 00 89
  0x00007ffcdfeaf75a:   4c 24 34 8b 4b 28 8b c1 c1 e8 05 41 3b 85 90 00
  0x00007ffcdfeaf76a:   00 00 72 05 45 32 ed eb 16 8b d0 83 e1 1f 49 8b
  0x00007ffcdfeaf77a:   85 98 00 00 00 8b 04 90 0f a3 c8 41 0f 92 c5 48
  0x00007ffcdfeaf78a:   8b 03 48 8b cb ff 50 28 48 8b 08 48 8b 51 48 48
  0x00007ffcdfeaf79a:   8b c8 ff d2 84 c0 0f 85 d3 00 00 00 45 84 ed 75
  0x00007ffcdfeaf7aa:   28 49 8b 07 49 8b cf ff 10 3d 56 01 00 00 75 19
  0x00007ffcdfeaf7ba:   8b 43 2c 25 ff 07 00 00 3d 04 06 00 00 75 0a 41
  0x00007ffcdfeaf7ca:   38 7f 3b 0f 85 a6 00 00 00 44 8b 53 2c 41 8b c2
  0x00007ffcdfeaf7da:   48 8b 4b 08 83 e0 3f 4c 8b 09 3c 30 75 0d 48 8b
  0x00007ffcdfeaf7ea:   41 08 48 8b 48 08 4c 8b 01 eb 03 4c 8b c7 4d 85
  0x00007ffcdfeaf7fa:   e4 74 42 4d 85 c9 74 3d 4d 3b e1 74 38 4d 3b e0
  0x00007ffcdfeaf80a:   74 33 49 8b cc 8b d7 8b 41 2c 24 3f 3c 20 0f 84
  0x00007ffcdfeaf81a:   e9 00 00 00 48 8b 41 08 48 8b 08 49 3b c9 74 0c
  0x00007ffcdfeaf82a:   49 3b c8 74 07 ff c2 83 fa 06 72 db 83 fa 06 0f


Stack slot to memory mapping:

stack at sp + 0 slots: 0x00000274f90a9b78 points into unknown readable memory: 0x00007ffce022f9f8 | f8 f9 22 e0 fc 7f 00 00
stack at sp + 1 slots: 0x0 is null
stack at sp + 2 slots: 0x00000274f9af9000 points into unknown readable memory: 0x0000000000000000 | 00 00 00 00 00 00 00 00
stack at sp + 3 slots: 0x00007ffcdfeb0014 jvm.dll
stack at sp + 4 slots: 0x00000274ef0d3da8 points into unknown readable memory: 0x00000274ef0d3de8 | e8 3d 0d ef 74 02 00 00
stack at sp + 5 slots: 0x0000000000000298 is an unknown value
stack at sp + 6 slots: 0xf9af970100000003 is an unknown value
stack at sp + 7 slots: 0x0000027400000004 is an unknown value

Lock stack of current Java thread (top to bottom):


---------------  P R O C E S S  ---------------

Threads class SMR info:
_java_thread_list=0x00000274aff77fa0, length=66, elements={
0x00000274b1d6d7c0, 0x00000274cce34ef0, 0x00000274cce356b0, 0x00000274cce3a7f0,
0x00000274cce40e40, 0x00000274cce43850, 0x00000274cce44410, 0x00000274ccd750f0,
0x00000274ccd730b0, 0x00000274ccd738c0, 0x00000274ccd728a0, 0x00000274ccd75900,
0x00000274e478d8f0, 0x00000274e47a6ad0, 0x00000274e47a76b0, 0x00000274e4807940,
0x00000274e47fe430, 0x00000274e47eda70, 0x00000274e4a058c0, 0x00000274f0966cd0,
0x00000274f8503990, 0x00000274f8508f80, 0x00000274f8509750, 0x00000274f8507810,
0x00000274f98175e0, 0x00000274f9d49700, 0x00000274f9d4f4c0, 0x00000274f9d50460,
0x00000274f9d4d580, 0x00000274f9d51400, 0x00000274f32b71d0, 0x00000274fa704a80,
0x00000274fa705250, 0x00000274fa705a20, 0x00000274fa7069c0, 0x00000274fa70b010,
0x00000274fa70a070, 0x00000274fa70b7e0, 0x00000274fa70def0, 0x00000274fa70bfb0,
0x00000274fa711d70, 0x00000274fa710dd0, 0x00000274fa714480, 0x00000274fa7115a0,
0x00000274fa715bf0, 0x00000274fa716b90, 0x00000274fa7134e0, 0x00000274fa7192a0,
0x00000274fa718ad0, 0x00000274fa719a70, 0x00000274fa717360, 0x00000274fa71b1e0,
0x00000274f9658320, 0x00000274f9d3a4d0, 0x00000274fac93d00, 0x00000274fac95530,
0x00000274fac934f0, 0x00000274fac91cc0, 0x00000274fac924d0, 0x00000274fac96550,
0x00000274f8ca4ff0, 0x00000274f8ca86a0, 0x00000274f8c9f230, 0x00000274f8caccf0,
0x00000274f8caf400, 0x00000274f8cb49f0
}

Java Threads: ( => current thread )
  0x00000274b1d6d7c0 JavaThread "Render thread"                     [_thread_blocked, id=61272, stack(0x000000c148a00000,0x000000c148b00000) (1024K)]
  0x00000274cce34ef0 JavaThread "Reference Handler"          daemon [_thread_blocked, id=61144, stack(0x000000c149200000,0x000000c149300000) (1024K)]
  0x00000274cce356b0 JavaThread "Finalizer"                  daemon [_thread_blocked, id=55080, stack(0x000000c149300000,0x000000c149400000) (1024K)]
  0x00000274cce3a7f0 JavaThread "Signal Dispatcher"          daemon [_thread_blocked, id=43476, stack(0x000000c149400000,0x000000c149500000) (1024K)]
  0x00000274cce40e40 JavaThread "Attach Listener"            daemon [_thread_blocked, id=62076, stack(0x000000c149500000,0x000000c149600000) (1024K)]
  0x00000274cce43850 JavaThread "Service Thread"             daemon [_thread_blocked, id=2936, stack(0x000000c149600000,0x000000c149700000) (1024K)]
  0x00000274cce44410 JavaThread "Monitor Deflation Thread"   daemon [_thread_blocked, id=62148, stack(0x000000c149700000,0x000000c149800000) (1024K)]
  0x00000274ccd750f0 JavaThread "C2 CompilerThread0"         daemon [_thread_in_native, id=72728, stack(0x000000c149800000,0x000000c149900000) (1024K)]
  0x00000274ccd730b0 JavaThread "C1 CompilerThread0"         daemon [_thread_blocked, id=39732, stack(0x000000c149900000,0x000000c149a00000) (1024K)]
  0x00000274ccd738c0 JavaThread "C1 CompilerThread1"         daemon [_thread_in_vm, id=37116, stack(0x000000c149a00000,0x000000c149b00000) (1024K)]
  0x00000274ccd728a0 JavaThread "C1 CompilerThread2"         daemon [_thread_blocked, id=73160, stack(0x000000c149b00000,0x000000c149c00000) (1024K)]
  0x00000274ccd75900 JavaThread "C1 CompilerThread3"         daemon [_thread_in_native, id=23452, stack(0x000000c149c00000,0x000000c149d00000) (1024K)]
  0x00000274e478d8f0 JavaThread "JDWP Transport Listener: dt_socket" daemon [_thread_in_native, id=66596, stack(0x000000c149e00000,0x000000c149f00000) (1024K)]
  0x00000274e47a6ad0 JavaThread "JDWP Event Helper Thread"   daemon [_thread_blocked, id=56016, stack(0x000000c149f00000,0x000000c14a000000) (1024K)]
  0x00000274e47a76b0 JavaThread "JDWP Command Reader"        daemon [_thread_in_native, id=43988, stack(0x000000c14a000000,0x000000c14a100000) (1024K)]
  0x00000274e4807940 JavaThread "Common-Cleaner"             daemon [_thread_blocked, id=70584, stack(0x000000c14a100000,0x000000c14a200000) (1024K)]
  0x00000274e47fe430 JavaThread "IntelliJ Suspend Helper"    daemon [_thread_blocked, id=24276, stack(0x000000c14a200000,0x000000c14a300000) (1024K)]
  0x00000274e47eda70 JavaThread "Notification Thread"        daemon [_thread_blocked, id=60688, stack(0x000000c14a300000,0x000000c14a400000) (1024K)]
  0x00000274e4a058c0 JavaThread "CoarseTimer"                daemon [_thread_blocked, id=70272, stack(0x000000c14a400000,0x000000c14a500000) (1024K)]
  0x00000274f0966cd0 JavaThread "JNA Cleaner"                daemon [_thread_blocked, id=35688, stack(0x000000c14c100000,0x000000c14c200000) (1024K)]
  0x00000274f8503990 JavaThread "Timer hack thread"          daemon [_thread_blocked, id=9548, stack(0x000000c14c500000,0x000000c14c600000) (1024K)]
  0x00000274f8508f80 JavaThread "Yggdrasil Key Fetcher"      daemon [_thread_blocked, id=73696, stack(0x000000c14c600000,0x000000c14c700000) (1024K)]
  0x00000274f8509750 JavaThread "Download-1"                 daemon [_thread_blocked, id=69320, stack(0x000000c14c700000,0x000000c14c800000) (1024K)]
  0x00000274f8507810 JavaThread "Download-2"                 daemon [_thread_blocked, id=71280, stack(0x000000c14c800000,0x000000c14c900000) (1024K)]
  0x00000274f98175e0 JavaThread "Keep-Alive-Timer"           daemon [_thread_blocked, id=37664, stack(0x000000c14ca00000,0x000000c14cb00000) (1024K)]
  0x00000274f9d49700 JavaThread "Worker-Main-1"              daemon [_thread_blocked, id=48564, stack(0x000000c14d000000,0x000000c14d100000) (1024K)]
  0x00000274f9d4f4c0 JavaThread "Worker-Main-2"              daemon [_thread_blocked, id=68176, stack(0x000000c14d100000,0x000000c14d200000) (1024K)]
  0x00000274f9d50460 JavaThread "Worker-Main-3"              daemon [_thread_blocked, id=58696, stack(0x000000c14d200000,0x000000c14d300000) (1024K)]
  0x00000274f9d4d580 JavaThread "Worker-Main-4"              daemon [_thread_blocked, id=73624, stack(0x000000c14d300000,0x000000c14d400000) (1024K)]
  0x00000274f9d51400 JavaThread "Worker-Main-5"              daemon [_thread_in_Java, id=69148, stack(0x000000c14d400000,0x000000c14d500000) (1024K)]
  0x00000274f32b71d0 JavaThread "Worker-Main-6"              daemon [_thread_in_Java, id=61216, stack(0x000000c14d500000,0x000000c14d600000) (1024K)]
  0x00000274fa704a80 JavaThread "Worker-Main-7"              daemon [_thread_in_Java, id=27444, stack(0x000000c14d600000,0x000000c14d700000) (1024K)]
  0x00000274fa705250 JavaThread "Worker-Main-8"              daemon [_thread_blocked, id=70992, stack(0x000000c14d700000,0x000000c14d800000) (1024K)]
  0x00000274fa705a20 JavaThread "Worker-Main-9"              daemon [_thread_in_Java, id=54172, stack(0x000000c14d800000,0x000000c14d900000) (1024K)]
  0x00000274fa7069c0 JavaThread "Worker-Main-10"             daemon [_thread_blocked, id=36492, stack(0x000000c14d900000,0x000000c14da00000) (1024K)]
  0x00000274fa70b010 JavaThread "Worker-Main-12"             daemon [_thread_blocked, id=67552, stack(0x000000c14da00000,0x000000c14db00000) (1024K)]
  0x00000274fa70a070 JavaThread "Worker-Main-11"             daemon [_thread_blocked, id=61480, stack(0x000000c14db00000,0x000000c14dc00000) (1024K)]
  0x00000274fa70b7e0 JavaThread "Worker-Main-13"             daemon [_thread_blocked, id=19276, stack(0x000000c14dc00000,0x000000c14dd00000) (1024K)]
  0x00000274fa70def0 JavaThread "Worker-Main-14"             daemon [_thread_blocked, id=62636, stack(0x000000c14dd00000,0x000000c14de00000) (1024K)]
  0x00000274fa70bfb0 JavaThread "Worker-Main-15"             daemon [_thread_blocked, id=41056, stack(0x000000c14de00000,0x000000c14df00000) (1024K)]
  0x00000274fa711d70 JavaThread "Worker-Main-16"             daemon [_thread_in_Java, id=72444, stack(0x000000c14df00000,0x000000c14e000000) (1024K)]
  0x00000274fa710dd0 JavaThread "Worker-Main-17"             daemon [_thread_in_Java, id=72088, stack(0x000000c14e000000,0x000000c14e100000) (1024K)]
  0x00000274fa714480 JavaThread "Worker-Main-18"             daemon [_thread_in_Java, id=74000, stack(0x000000c14e100000,0x000000c14e200000) (1024K)]
  0x00000274fa7115a0 JavaThread "Worker-Main-19"             daemon [_thread_in_Java, id=74336, stack(0x000000c14e200000,0x000000c14e300000) (1024K)]
  0x00000274fa715bf0 JavaThread "Worker-Main-20"             daemon [_thread_in_Java, id=56160, stack(0x000000c14e400000,0x000000c14e500000) (1024K)]
  0x00000274fa716b90 JavaThread "Worker-Main-21"             daemon [_thread_blocked, id=54184, stack(0x000000c14e500000,0x000000c14e600000) (1024K)]
  0x00000274fa7134e0 JavaThread "Worker-Main-22"             daemon [_thread_in_Java, id=6316, stack(0x000000c14e600000,0x000000c14e700000) (1024K)]
  0x00000274fa7192a0 JavaThread "Worker-Main-23"             daemon [_thread_in_Java, id=72464, stack(0x000000c14e700000,0x000000c14e800000) (1024K)]
  0x00000274fa718ad0 JavaThread "Worker-Main-24"             daemon [_thread_blocked, id=72720, stack(0x000000c14e800000,0x000000c14e900000) (1024K)]
  0x00000274fa719a70 JavaThread "Worker-Main-25"             daemon [_thread_in_Java, id=71940, stack(0x000000c14e900000,0x000000c14ea00000) (1024K)]
  0x00000274fa717360 JavaThread "Worker-Main-26"             daemon [_thread_in_Java, id=62080, stack(0x000000c14ea00000,0x000000c14eb00000) (1024K)]
  0x00000274fa71b1e0 JavaThread "Worker-Main-27"             daemon [_thread_in_Java, id=52744, stack(0x000000c14eb00000,0x000000c14ec00000) (1024K)]
  0x00000274f9658320 JavaThread "ForkJoinPool.commonPool-worker-1" daemon [_thread_blocked, id=73464, stack(0x000000c14bf00000,0x000000c14c000000) (1024K)]
  0x00000274f9d3a4d0 JavaThread "IO-Worker-1"                       [_thread_blocked, id=53064, stack(0x000000c14f100000,0x000000c14f200000) (1024K)]
  0x00000274fac93d00 JavaThread "C2 CompilerThread1"         daemon [_thread_in_native, id=74380, stack(0x000000c149d00000,0x000000c149e00000) (1024K)]
  0x00000274fac95530 JavaThread "C2 CompilerThread2"         daemon [_thread_in_native, id=72112, stack(0x000000c14a500000,0x000000c14a600000) (1024K)]
  0x00000274fac934f0 JavaThread "C2 CompilerThread3"         daemon [_thread_in_native, id=65132, stack(0x000000c14ba00000,0x000000c14bb00000) (1024K)]
  0x00000274fac91cc0 JavaThread "C2 CompilerThread4"         daemon [_thread_in_native, id=66376, stack(0x000000c14e300000,0x000000c14e400000) (1024K)]
  0x00000274fac924d0 JavaThread "C2 CompilerThread5"         daemon [_thread_in_native, id=69408, stack(0x000000c14ec00000,0x000000c14ed00000) (1024K)]
=>0x00000274fac96550 JavaThread "C2 CompilerThread6"         daemon [_thread_in_native, id=61076, stack(0x000000c14ed00000,0x000000c14ee00000) (1024K)]
  0x00000274f8ca4ff0 JavaThread "Sound engine"               daemon [_thread_blocked, id=9452, stack(0x000000c14c000000,0x000000c14c100000) (1024K)]
  0x00000274f8ca86a0 JavaThread "Server thread"                     [_thread_in_Java, id=63092, stack(0x000000c14f200000,0x000000c14f300000) (1024K)]
  0x00000274f8c9f230 JavaThread "IO-Worker-2"                       [_thread_blocked, id=24768, stack(0x000000c14ee00000,0x000000c14ef00000) (1024K)]
  0x00000274f8caccf0 JavaThread "IO-Worker-3"                       [_thread_blocked, id=66964, stack(0x000000c14f300000,0x000000c14f400000) (1024K)]
  0x00000274f8caf400 JavaThread "IO-Worker-4"                       [_thread_blocked, id=44616, stack(0x000000c14f400000,0x000000c14f500000) (1024K)]
  0x00000274f8cb49f0 JavaThread "IO-Worker-5"                       [_thread_blocked, id=31524, stack(0x000000c14f500000,0x000000c14f600000) (1024K)]
Total: 66

Other Threads:
  0x00000274cce24f70 VMThread "VM Thread"                           [id=68196, stack(0x000000c149100000,0x000000c149200000) (1024K)]
  0x00000274ccd6fc50 WatcherThread "VM Periodic Task Thread"        [id=68824, stack(0x000000c149000000,0x000000c149100000) (1024K)]
  0x00000274cccd0550 WorkerThread "GC Thread#0"                     [id=16680, stack(0x000000c148b00000,0x000000c148c00000) (1024K)]
  0x00000274e9dd2810 WorkerThread "GC Thread#1"                     [id=14724, stack(0x000000c14a600000,0x000000c14a700000) (1024K)]
  0x00000274e9c31de0 WorkerThread "GC Thread#2"                     [id=68956, stack(0x000000c14a700000,0x000000c14a800000) (1024K)]
  0x00000274e9bc36f0 WorkerThread "GC Thread#3"                     [id=63908, stack(0x000000c14a800000,0x000000c14a900000) (1024K)]
  0x00000274e9c1c040 WorkerThread "GC Thread#4"                     [id=66372, stack(0x000000c14a900000,0x000000c14aa00000) (1024K)]
  0x00000274e9d9f7c0 WorkerThread "GC Thread#5"                     [id=68780, stack(0x000000c14aa00000,0x000000c14ab00000) (1024K)]
  0x00000274e9c1b1c0 WorkerThread "GC Thread#6"                     [id=72780, stack(0x000000c14ab00000,0x000000c14ac00000) (1024K)]
  0x00000274e9dafaf0 WorkerThread "GC Thread#7"                     [id=62812, stack(0x000000c14ac00000,0x000000c14ad00000) (1024K)]
  0x00000274e9dac730 WorkerThread "GC Thread#8"                     [id=70408, stack(0x000000c14ad00000,0x000000c14ae00000) (1024K)]
  0x00000274e9daff40 WorkerThread "GC Thread#9"                     [id=43532, stack(0x000000c14ae00000,0x000000c14af00000) (1024K)]
  0x00000274e9dad420 WorkerThread "GC Thread#10"                    [id=50864, stack(0x000000c14af00000,0x000000c14b000000) (1024K)]
  0x00000274e9daf6a0 WorkerThread "GC Thread#11"                    [id=69680, stack(0x000000c14b000000,0x000000c14b100000) (1024K)]
  0x00000274e9dad870 WorkerThread "GC Thread#12"                    [id=66120, stack(0x000000c14b100000,0x000000c14b200000) (1024K)]
  0x00000274e9dacb80 WorkerThread "GC Thread#13"                    [id=69864, stack(0x000000c14b200000,0x000000c14b300000) (1024K)]
  0x00000274e9dae560 WorkerThread "GC Thread#14"                    [id=13600, stack(0x000000c14b300000,0x000000c14b400000) (1024K)]
  0x00000274e9dacfd0 WorkerThread "GC Thread#15"                    [id=73928, stack(0x000000c14b400000,0x000000c14b500000) (1024K)]
  0x00000274e9daf250 WorkerThread "GC Thread#16"                    [id=61568, stack(0x000000c14b500000,0x000000c14b600000) (1024K)]
  0x00000274e9dae110 WorkerThread "GC Thread#17"                    [id=3884, stack(0x000000c14b600000,0x000000c14b700000) (1024K)]
  0x00000274e9dadcc0 WorkerThread "GC Thread#18"                    [id=68980, stack(0x000000c14b700000,0x000000c14b800000) (1024K)]
  0x00000274e9dae9b0 WorkerThread "GC Thread#19"                    [id=42672, stack(0x000000c14b800000,0x000000c14b900000) (1024K)]
  0x00000274b4345500 ConcurrentGCThread "G1 Main Marker"            [id=72940, stack(0x000000c148c00000,0x000000c148d00000) (1024K)]
  0x00000274b4349860 WorkerThread "G1 Conc#0"                       [id=52092, stack(0x000000c148d00000,0x000000c148e00000) (1024K)]
  0x00000274eace0740 WorkerThread "G1 Conc#1"                       [id=50728, stack(0x000000c14b900000,0x000000c14ba00000) (1024K)]
  0x00000274eacde910 WorkerThread "G1 Conc#2"                       [id=65476, stack(0x000000c14bb00000,0x000000c14bc00000) (1024K)]
  0x00000274eacdd380 WorkerThread "G1 Conc#3"                       [id=73188, stack(0x000000c14bc00000,0x000000c14bd00000) (1024K)]
  0x00000274eace0fe0 WorkerThread "G1 Conc#4"                       [id=71060, stack(0x000000c14bd00000,0x000000c14be00000) (1024K)]
  0x00000274ccd56790 ConcurrentGCThread "G1 Refine#0"               [id=17576, stack(0x000000c148e00000,0x000000c148f00000) (1024K)]
  0x00000274ccd58d60 ConcurrentGCThread "G1 Service"                [id=52132, stack(0x000000c148f00000,0x000000c149000000) (1024K)]
Total: 30

Threads with active compile tasks:
C2 CompilerThread0  13477 22790       4       net.minecraft.world.level.chunk.PalettedContainer$$Lambda/0x0000000085628000::apply (16 bytes)
C2 CompilerThread1  13477 22791   !   4       net.minecraft.world.level.chunk.PalettedContainer::unpack (292 bytes)
C2 CompilerThread2  13477 22834       4       net.minecraft.world.level.lighting.DataLayerStorageMap::getLayer (125 bytes)
C2 CompilerThread3  13477 22830       4       it.unimi.dsi.fastutil.longs.Long2ObjectOpenHashMap::find (109 bytes)
C2 CompilerThread4  13477 22822       4       java.util.Arrays::fill (23 bytes)
C2 CompilerThread5  13477 22816       4       java.util.concurrent.CompletableFuture::asyncSupplyStage (30 bytes)
C2 CompilerThread6  13477 21720       4       net.minecraft.world.phys.shapes.Shapes::create (254 bytes)
Total: 7

VM state: not at safepoint (normal execution)

VM Mutex/Monitor currently owned by a thread: None

Heap address: 0x0000000403000000, size: 16336 MB, Compressed Oops mode: Zero based, Oop shift amount: 3

CDS archive(s) mapped at: [0x0000000083000000-0x0000000083dd0000-0x0000000083dd0000), size 14483456, SharedBaseAddress: 0x0000000083000000, ArchiveRelocationMode: 1.
Compressed class space mapped at: 0x0000000084000000-0x00000000c4000000, reserved size: 1073741824
UseCompressedClassPointers 1, UseCompactObjectHeaders 0
Narrow klass pointer bits 32, Max shift 3
Narrow klass base: 0x0000000083000000, Narrow klass shift: 0
Encoding Range: [0x0000000083000000 - 0x0000000183000000), (4294967296 bytes)
Klass Range:    [0x0000000083010000 - 0x00000000c4000000), (1090453504 bytes)
Klass ID Range:  [65536 - 1090519033) (1090453497)
Protection zone: [0x0000000083000000 - 0x0000000083010000), (65536 bytes)

GC Precious Log:
 CardTable entry size: 512
 Card Set container configuration: InlinePtr #cards 4 size 8 Array Of Cards #cards 64 size 144 Howl #buckets 8 coarsen threshold 14745 Howl Bitmap #cards 2048 size 272 coarsen threshold 1843 Card regions per heap region 1 cards per card region 16384
 CPUs: 28 total, 28 available
 Memory: 65312M
 Large Page Support: Disabled
 NUMA Support: Disabled
 Compressed Oops: Enabled (Zero based)
 Heap Region Size: 8M
 Heap Min Capacity: 8M
 Heap Initial Capacity: 1G
 Heap Max Capacity: 16336M
 Pre-touch: Disabled
 Parallel Workers: 20
 Concurrent Workers: 5
 Concurrent Refinement Workers: 20
 Periodic GC: Disabled

Heap:
 garbage-first heap   total reserved 16728064K, committed 778240K, used 420079K [0x0000000403000000, 0x0000000800000000)
  region size 8192K, 24 young (196608K), 4 survivors (32768K)

Heap Regions: E=young(eden), S=young(survivor), O=old, HS=humongous(starts), HC=humongous(continues), CS=collection set, F=free, TAMS=top-at-mark-start, PB=parsable bottom
|   0|0x0000000403000000, 0x0000000403800000, 0x0000000403800000|100%| O|  |TAMS 0x0000000403000000| PB 0x0000000403000000| Untracked |  0
|   1|0x0000000403800000, 0x0000000404000000, 0x0000000404000000|100%| O|  |TAMS 0x0000000403800000| PB 0x0000000403800000| Untracked |  0
|   2|0x0000000404000000, 0x0000000404800000, 0x0000000404800000|100%| O|  |TAMS 0x0000000404000000| PB 0x0000000404000000| Untracked |  0
|   3|0x0000000404800000, 0x0000000405000000, 0x0000000405000000|100%| O|  |TAMS 0x0000000404800000| PB 0x0000000404800000| Untracked |  0
|   4|0x0000000405000000, 0x0000000405800000, 0x0000000405800000|100%| O|  |TAMS 0x0000000405000000| PB 0x0000000405000000| Untracked |  0
|   5|0x0000000405800000, 0x0000000406000000, 0x0000000406000000|100%|HS|  |TAMS 0x0000000405800000| PB 0x0000000405800000| Complete |  0
|   6|0x0000000406000000, 0x0000000406800000, 0x0000000406800000|100%|HC|  |TAMS 0x0000000406000000| PB 0x0000000406000000| Complete |  0
|   7|0x0000000406800000, 0x0000000407000000, 0x0000000407000000|100%| O|  |TAMS 0x0000000406800000| PB 0x0000000406800000| Untracked |  0
|   8|0x0000000407000000, 0x0000000407800000, 0x0000000407800000|100%| O|  |TAMS 0x0000000407000000| PB 0x0000000407000000| Untracked |  0
|   9|0x0000000407800000, 0x0000000408000000, 0x0000000408000000|100%| O|  |TAMS 0x0000000407800000| PB 0x0000000407800000| Untracked |  0
|  10|0x0000000408000000, 0x0000000408800000, 0x0000000408800000|100%| O|  |TAMS 0x0000000408000000| PB 0x0000000408000000| Untracked |  0
|  11|0x0000000408800000, 0x0000000409000000, 0x0000000409000000|100%| O|  |TAMS 0x0000000408800000| PB 0x0000000408800000| Untracked |  0
|  12|0x0000000409000000, 0x0000000409800000, 0x0000000409800000|100%| O|  |TAMS 0x0000000409000000| PB 0x0000000409000000| Untracked |  0
|  13|0x0000000409800000, 0x000000040a000000, 0x000000040a000000|100%| O|  |TAMS 0x0000000409800000| PB 0x0000000409800000| Untracked |  0
|  14|0x000000040a000000, 0x000000040a800000, 0x000000040a800000|100%| O|  |TAMS 0x000000040a000000| PB 0x000000040a000000| Untracked |  0
|  15|0x000000040a800000, 0x000000040b000000, 0x000000040b000000|100%| O|  |TAMS 0x000000040a800000| PB 0x000000040a800000| Untracked |  0
|  16|0x000000040b000000, 0x000000040b800000, 0x000000040b800000|100%| O|  |TAMS 0x000000040b000000| PB 0x000000040b000000| Untracked |  0
|  17|0x000000040b800000, 0x000000040c000000, 0x000000040c000000|100%| O|  |TAMS 0x000000040b800000| PB 0x000000040b800000| Untracked |  0
|  18|0x000000040c000000, 0x000000040c800000, 0x000000040c800000|100%| O|  |TAMS 0x000000040c000000| PB 0x000000040c000000| Untracked |  0
|  19|0x000000040c800000, 0x000000040d000000, 0x000000040d000000|100%| O|  |TAMS 0x000000040c800000| PB 0x000000040c800000| Untracked |  0
|  20|0x000000040d000000, 0x000000040d800000, 0x000000040d800000|100%| O|  |TAMS 0x000000040d000000| PB 0x000000040d000000| Untracked |  0
|  21|0x000000040d800000, 0x000000040e000000, 0x000000040e000000|100%| O|  |TAMS 0x000000040d800000| PB 0x000000040d800000| Untracked |  0
|  22|0x000000040e000000, 0x000000040e800000, 0x000000040e800000|100%| O|  |TAMS 0x000000040e000000| PB 0x000000040e000000| Untracked |  0
|  23|0x000000040e800000, 0x000000040f000000, 0x000000040f000000|100%| O|  |TAMS 0x000000040e800000| PB 0x000000040e800000| Untracked |  0
|  24|0x000000040f000000, 0x000000040f6a3ad0, 0x000000040f800000| 82%| O|  |TAMS 0x000000040f000000| PB 0x000000040f000000| Untracked |  0
|  25|0x000000040f800000, 0x000000040f800000, 0x0000000410000000|  0%| F|  |TAMS 0x000000040f800000| PB 0x000000040f800000| Untracked |  0
|  26|0x0000000410000000, 0x0000000410000000, 0x0000000410800000|  0%| F|  |TAMS 0x0000000410000000| PB 0x0000000410000000| Untracked |  0
|  27|0x0000000410800000, 0x0000000410800000, 0x0000000411000000|  0%| F|  |TAMS 0x0000000410800000| PB 0x0000000410800000| Untracked |  0
|  28|0x0000000411000000, 0x0000000411000000, 0x0000000411800000|  0%| F|  |TAMS 0x0000000411000000| PB 0x0000000411000000| Untracked |  0
|  29|0x0000000411800000, 0x0000000411800000, 0x0000000412000000|  0%| F|  |TAMS 0x0000000411800000| PB 0x0000000411800000| Untracked |  0
|  30|0x0000000412000000, 0x0000000412000000, 0x0000000412800000|  0%| F|  |TAMS 0x0000000412000000| PB 0x0000000412000000| Untracked |  0
|  31|0x0000000412800000, 0x0000000412800000, 0x0000000413000000|  0%| F|  |TAMS 0x0000000412800000| PB 0x0000000412800000| Untracked |  0
|  32|0x0000000413000000, 0x0000000413000000, 0x0000000413800000|  0%| F|  |TAMS 0x0000000413000000| PB 0x0000000413000000| Untracked |  0
|  33|0x0000000413800000, 0x0000000413800000, 0x0000000414000000|  0%| F|  |TAMS 0x0000000413800000| PB 0x0000000413800000| Untracked |  0
|  34|0x0000000414000000, 0x0000000414000000, 0x0000000414800000|  0%| F|  |TAMS 0x0000000414000000| PB 0x0000000414000000| Untracked |  0
|  35|0x0000000414800000, 0x0000000414800000, 0x0000000415000000|  0%| F|  |TAMS 0x0000000414800000| PB 0x0000000414800000| Untracked |  0
|  36|0x0000000415000000, 0x0000000415000000, 0x0000000415800000|  0%| F|  |TAMS 0x0000000415000000| PB 0x0000000415000000| Untracked |  0
|  37|0x0000000415800000, 0x0000000415800000, 0x0000000416000000|  0%| F|  |TAMS 0x0000000415800000| PB 0x0000000415800000| Untracked |  0
|  38|0x0000000416000000, 0x0000000416000000, 0x0000000416800000|  0%| F|  |TAMS 0x0000000416000000| PB 0x0000000416000000| Untracked |  0
|  39|0x0000000416800000, 0x0000000416c70340, 0x0000000417000000| 55%| S|CS|TAMS 0x0000000416800000| PB 0x0000000416800000| Complete |  0
|  40|0x0000000417000000, 0x0000000417800000, 0x0000000417800000|100%| S|CS|TAMS 0x0000000417000000| PB 0x0000000417000000| Complete |  0
|  41|0x0000000417800000, 0x0000000418000000, 0x0000000418000000|100%| S|CS|TAMS 0x0000000417800000| PB 0x0000000417800000| Complete |  0
|  42|0x0000000418000000, 0x0000000418800000, 0x0000000418800000|100%| S|CS|TAMS 0x0000000418000000| PB 0x0000000418000000| Complete |  0
|  43|0x0000000418800000, 0x0000000418800000, 0x0000000419000000|  0%| F|  |TAMS 0x0000000418800000| PB 0x0000000418800000| Untracked |  0
|  44|0x0000000419000000, 0x0000000419000000, 0x0000000419800000|  0%| F|  |TAMS 0x0000000419000000| PB 0x0000000419000000| Untracked |  0
|  45|0x0000000419800000, 0x0000000419800000, 0x000000041a000000|  0%| F|  |TAMS 0x0000000419800000| PB 0x0000000419800000| Untracked |  0
|  46|0x000000041a000000, 0x000000041a000000, 0x000000041a800000|  0%| F|  |TAMS 0x000000041a000000| PB 0x000000041a000000| Untracked |  0
|  47|0x000000041a800000, 0x000000041a800000, 0x000000041b000000|  0%| F|  |TAMS 0x000000041a800000| PB 0x000000041a800000| Untracked |  0
|  48|0x000000041b000000, 0x000000041b000000, 0x000000041b800000|  0%| F|  |TAMS 0x000000041b000000| PB 0x000000041b000000| Untracked |  0
|  49|0x000000041b800000, 0x000000041b800000, 0x000000041c000000|  0%| F|  |TAMS 0x000000041b800000| PB 0x000000041b800000| Untracked |  0
|  50|0x000000041c000000, 0x000000041c000000, 0x000000041c800000|  0%| F|  |TAMS 0x000000041c000000| PB 0x000000041c000000| Untracked |  0
|  51|0x000000041c800000, 0x000000041c800000, 0x000000041d000000|  0%| F|  |TAMS 0x000000041c800000| PB 0x000000041c800000| Untracked |  0
|  52|0x000000041d000000, 0x000000041d000000, 0x000000041d800000|  0%| F|  |TAMS 0x000000041d000000| PB 0x000000041d000000| Untracked |  0
|  53|0x000000041d800000, 0x000000041d800000, 0x000000041e000000|  0%| F|  |TAMS 0x000000041d800000| PB 0x000000041d800000| Untracked |  0
|  54|0x000000041e000000, 0x000000041e000000, 0x000000041e800000|  0%| F|  |TAMS 0x000000041e000000| PB 0x000000041e000000| Untracked |  0
|  55|0x000000041e800000, 0x000000041e800000, 0x000000041f000000|  0%| F|  |TAMS 0x000000041e800000| PB 0x000000041e800000| Untracked |  0
|  56|0x000000041f000000, 0x000000041f000000, 0x000000041f800000|  0%| F|  |TAMS 0x000000041f000000| PB 0x000000041f000000| Untracked |  0
|  57|0x000000041f800000, 0x000000041f800000, 0x0000000420000000|  0%| F|  |TAMS 0x000000041f800000| PB 0x000000041f800000| Untracked |  0
|  58|0x0000000420000000, 0x0000000420000000, 0x0000000420800000|  0%| F|  |TAMS 0x0000000420000000| PB 0x0000000420000000| Untracked |  0
|  59|0x0000000420800000, 0x0000000420800000, 0x0000000421000000|  0%| F|  |TAMS 0x0000000420800000| PB 0x0000000420800000| Untracked |  0
|  60|0x0000000421000000, 0x0000000421000000, 0x0000000421800000|  0%| F|  |TAMS 0x0000000421000000| PB 0x0000000421000000| Untracked |  0
|  61|0x0000000421800000, 0x0000000421800000, 0x0000000422000000|  0%| F|  |TAMS 0x0000000421800000| PB 0x0000000421800000| Untracked |  0
|  62|0x0000000422000000, 0x0000000422000000, 0x0000000422800000|  0%| F|  |TAMS 0x0000000422000000| PB 0x0000000422000000| Untracked |  0
|  63|0x0000000422800000, 0x0000000422800000, 0x0000000423000000|  0%| F|  |TAMS 0x0000000422800000| PB 0x0000000422800000| Untracked |  0
|  64|0x0000000423000000, 0x0000000423000000, 0x0000000423800000|  0%| F|  |TAMS 0x0000000423000000| PB 0x0000000423000000| Untracked |  0
|  65|0x0000000423800000, 0x0000000423800000, 0x0000000424000000|  0%| F|  |TAMS 0x0000000423800000| PB 0x0000000423800000| Untracked |  0
|  66|0x0000000424000000, 0x0000000424000000, 0x0000000424800000|  0%| F|  |TAMS 0x0000000424000000| PB 0x0000000424000000| Untracked |  0
|  67|0x0000000424800000, 0x0000000424800000, 0x0000000425000000|  0%| F|  |TAMS 0x0000000424800000| PB 0x0000000424800000| Untracked |  0
|  68|0x0000000425000000, 0x0000000425000000, 0x0000000425800000|  0%| F|  |TAMS 0x0000000425000000| PB 0x0000000425000000| Untracked |  0
|  69|0x0000000425800000, 0x0000000425800000, 0x0000000426000000|  0%| F|  |TAMS 0x0000000425800000| PB 0x0000000425800000| Untracked |  0
|  70|0x0000000426000000, 0x000000042630ba38, 0x0000000426800000| 38%| E|  |TAMS 0x0000000426000000| PB 0x0000000426000000| Complete |  0
|  71|0x0000000426800000, 0x0000000427000000, 0x0000000427000000|100%| E|CS|TAMS 0x0000000426800000| PB 0x0000000426800000| Complete |  0
|  72|0x0000000427000000, 0x0000000427800000, 0x0000000427800000|100%| E|CS|TAMS 0x0000000427000000| PB 0x0000000427000000| Complete |  0
|  73|0x0000000427800000, 0x0000000428000000, 0x0000000428000000|100%| E|CS|TAMS 0x0000000427800000| PB 0x0000000427800000| Complete |  0
|  74|0x0000000428000000, 0x0000000428800000, 0x0000000428800000|100%| E|CS|TAMS 0x0000000428000000| PB 0x0000000428000000| Complete |  0
|  75|0x0000000428800000, 0x0000000429000000, 0x0000000429000000|100%| E|  |TAMS 0x0000000428800000| PB 0x0000000428800000| Complete |  0
|  76|0x0000000429000000, 0x0000000429800000, 0x0000000429800000|100%| E|CS|TAMS 0x0000000429000000| PB 0x0000000429000000| Complete |  0
|  77|0x0000000429800000, 0x000000042a000000, 0x000000042a000000|100%| E|CS|TAMS 0x0000000429800000| PB 0x0000000429800000| Complete |  0
|  78|0x000000042a000000, 0x000000042a800000, 0x000000042a800000|100%| E|CS|TAMS 0x000000042a000000| PB 0x000000042a000000| Complete |  0
|  79|0x000000042a800000, 0x000000042b000000, 0x000000042b000000|100%| E|CS|TAMS 0x000000042a800000| PB 0x000000042a800000| Complete |  0
|  80|0x000000042b000000, 0x000000042b800000, 0x000000042b800000|100%| E|CS|TAMS 0x000000042b000000| PB 0x000000042b000000| Complete |  0
|  81|0x000000042b800000, 0x000000042c000000, 0x000000042c000000|100%| E|CS|TAMS 0x000000042b800000| PB 0x000000042b800000| Complete |  0
|  82|0x000000042c000000, 0x000000042c800000, 0x000000042c800000|100%| E|CS|TAMS 0x000000042c000000| PB 0x000000042c000000| Complete |  0
|  83|0x000000042c800000, 0x000000042d000000, 0x000000042d000000|100%| E|CS|TAMS 0x000000042c800000| PB 0x000000042c800000| Complete |  0
|  84|0x000000042d000000, 0x000000042d800000, 0x000000042d800000|100%| E|CS|TAMS 0x000000042d000000| PB 0x000000042d000000| Complete |  0
|  85|0x000000042d800000, 0x000000042e000000, 0x000000042e000000|100%| E|CS|TAMS 0x000000042d800000| PB 0x000000042d800000| Complete |  0
|  86|0x000000042e000000, 0x000000042e800000, 0x000000042e800000|100%| E|CS|TAMS 0x000000042e000000| PB 0x000000042e000000| Complete |  0
|  87|0x000000042e800000, 0x000000042f000000, 0x000000042f000000|100%| E|CS|TAMS 0x000000042e800000| PB 0x000000042e800000| Complete |  0
|  88|0x000000042f000000, 0x000000042f800000, 0x000000042f800000|100%| E|CS|TAMS 0x000000042f000000| PB 0x000000042f000000| Complete |  0
|2036|0x00000007fd000000, 0x00000007fd800000, 0x00000007fd800000|100%| O|  |TAMS 0x00000007fd000000| PB 0x00000007fd000000| Untracked |  0
|2037|0x00000007fd800000, 0x00000007fe000000, 0x00000007fe000000|100%| O|  |TAMS 0x00000007fd800000| PB 0x00000007fd800000| Untracked |  0
|2038|0x00000007fe000000, 0x00000007fe800000, 0x00000007fe800000|100%| O|  |TAMS 0x00000007fe000000| PB 0x00000007fe000000| Untracked |  0
|2039|0x00000007fe800000, 0x00000007fef27e10, 0x00000007ff000000| 89%| O|  |TAMS 0x00000007fe800000| PB 0x00000007fe800000| Untracked |  0
|2040|0x00000007ff000000, 0x00000007ff800000, 0x00000007ff800000|100%| O|  |TAMS 0x00000007ff000000| PB 0x00000007ff000000| Untracked |  0
|2041|0x00000007ff800000, 0x0000000800000000, 0x0000000800000000|100%| E|CS|TAMS 0x00000007ff800000| PB 0x00000007ff800000| Complete |  0

Card table byte_map: [0x00000274cee40000,0x00000274d0e30000] _byte_map_base: 0x00000274cce28000

Marking Bits: (CMBitMap*) 0x00000274b432c0c0
 Bits: [0x00000274d0e30000, 0x00000274e0d70000)

Polling page: 0x00000274b20b0000

Metaspace:
Metaspace        used 138962K, committed 140736K, reserved 1179648K
 class space     used 22713K, committed 23424K, reserved 1048576K

Usage:
  Non-class:    113.52 MB used.
      Class:     22.18 MB used.
       Both:    135.71 MB used.

Virtual space:
  Non-class space:      128.00 MB reserved,     114.56 MB ( 90%) committed,  2 nodes.
      Class space:        1.00 GB reserved,      22.88 MB (  2%) committed,  1 nodes.
             Both:        1.12 GB reserved,     137.44 MB ( 12%) committed. 

Chunk freelists:
   Non-Class:  13.08 MB
       Class:  9.13 MB
        Both:  22.21 MB

MaxMetaspaceSize: unlimited
CompressedClassSpaceSize: 1.00 GB
Initial GC threshold: 21.00 MB
Current GC threshold: 193.69 MB
CDS: on
 - commit_granule_bytes: 65536.
 - commit_granule_words: 8192.
 - virtual_space_node_default_size: 8388608.
 - enlarge_chunks_in_place: 1.
UseCompressedClassPointers 1, UseCompactObjectHeaders 0
Narrow klass pointer bits 32, Max shift 3
Narrow klass base: 0x0000000083000000, Narrow klass shift: 0
Encoding Range: [0x0000000083000000 - 0x0000000183000000), (4294967296 bytes)
Klass Range:    [0x0000000083010000 - 0x00000000c4000000), (1090453504 bytes)
Klass ID Range:  [65536 - 1090519033) (1090453497)
Protection zone: [0x0000000083000000 - 0x0000000083010000), (65536 bytes)


Internal statistics:

num_allocs_failed_limit: 21.
num_arena_births: 2838.
num_arena_deaths: 0.
num_vsnodes_births: 3.
num_vsnodes_deaths: 0.
num_space_committed: 2193.
num_space_uncommitted: 0.
num_chunks_returned_to_freelist: 21.
num_chunks_taken_from_freelist: 8503.
num_chunk_merges: 15.
num_chunk_splits: 5555.
num_chunks_enlarged: 3990.
num_inconsistent_stats: 0.

CodeHeap 'non-profiled nmethods': size=119232Kb used=12947Kb max_used=12947Kb free=106284Kb
 bounds [0x00000274c46d0000, 0x00000274c5380000, 0x00000274cbb40000]
CodeHeap 'profiled nmethods': size=119104Kb used=29310Kb max_used=29310Kb free=89793Kb
 bounds [0x00000274bcb40000, 0x00000274be7e0000, 0x00000274c3f90000]
CodeHeap 'non-nmethods': size=7424Kb used=5270Kb max_used=5373Kb free=2153Kb
 bounds [0x00000274c3f90000, 0x00000274c4500000, 0x00000274c46d0000]
CodeCache: size=245760Kb, used=47527Kb, max_used=47630Kb, free=198230Kb
 total_blobs=22453, nmethods=19790, adapters=2513, full_count=0
Compilation: enabled, stopped_count=0, restarted_count=0

Compilation events (20 events):
Event: 13.226 Thread 0x00000274ccd738c0 nmethod 21753 0x00000274be62f808 code [0x00000274be62f900, 0x00000274be62fd58]
Event: 13.226 Thread 0x00000274ccd730b0 nmethod 21755 0x00000274be62fd88 code [0x00000274be62fe80, 0x00000274be62ffe0]
Event: 13.226 Thread 0x00000274ccd738c0 21759       3       net.minecraft.world.level.ChunkPos::pack (17 bytes)
Event: 13.226 Thread 0x00000274ccd730b0 21758       3       net.minecraft.server.level.SimulationChunkTracker::getLevel (11 bytes)
Event: 13.226 Thread 0x00000274ccd738c0 nmethod 21759 0x00000274be630088 code [0x00000274be630180, 0x00000274be630288]
Event: 13.226 Thread 0x00000274ccd738c0 21756       3       net.minecraft.world.level.lighting.LeveledPriorityQueue::enqueue (25 bytes)
Event: 13.226 Thread 0x00000274ccd730b0 nmethod 21758 0x00000274be630388 code [0x00000274be630480, 0x00000274be630690]
Event: 13.226 Thread 0x00000274ccd730b0 21760       3       net.minecraft.world.level.lighting.DynamicGraphMinFixedPoint::checkNeighbor (144 bytes)
Event: 13.226 Thread 0x00000274ccd738c0 nmethod 21756 0x00000274be630708 code [0x00000274be630800, 0x00000274be630a50]
Event: 13.226 Thread 0x00000274ccd738c0 21761       3       net.minecraft.server.level.ChunkTracker::computeLevelFromNeighbor (19 bytes)
Event: 13.226 Thread 0x00000274fac93d00 nmethod 21721 0x00000274c52e0c88 code [0x00000274c52e0d80, 0x00000274c52e1d98]
Event: 13.226 Thread 0x00000274ccd738c0 nmethod 21761 0x00000274be630a88 code [0x00000274be630b80, 0x00000274be630dc0]
Event: 13.226 Thread 0x00000274ccd75900 nmethod 21757 0x00000274be630e08 code [0x00000274be630f00, 0x00000274be631588]
Event: 13.226 Thread 0x00000274ccd738c0 21762       3       net.minecraft.world.level.lighting.LeveledPriorityQueue::isEmpty (17 bytes)
Event: 13.226 Thread 0x00000274fac93d00 21739       4       net.minecraft.world.phys.shapes.BitSetDiscreteVoxelShape::lambda$join$0 (73 bytes)
Event: 13.226 Thread 0x00000274ccd75900 21763       3       it.unimi.dsi.fastutil.longs.Long2ByteOpenHashMap::insert (64 bytes)
Event: 13.226 Thread 0x00000274ccd738c0 nmethod 21762 0x00000274be631608 code [0x00000274be631700, 0x00000274be631858]
Event: 13.226 Thread 0x00000274ccd75900 nmethod 21763 0x00000274be631908 code [0x00000274be631a00, 0x00000274be631cf0]
Event: 13.226 Thread 0x00000274ccd728a0 nmethod 21754 0x00000274be631d08 code [0x00000274be631e00, 0x00000274be633160]
Event: 13.227 Thread 0x00000274ccd730b0 nmethod 21760 0x00000274be633188 code [0x00000274be633280, 0x00000274be633df0]

GC Heap Usage History (20 events):
Event: 4.783 {heap Before GC invocations=18 (full 0):
 garbage-first heap   total reserved 16728064K, committed 442368K, used 350066K [0x0000000403000000, 0x0000000800000000)
  region size 8192K, 32 young (262144K), 4 survivors (32768K)
}
Event: 4.790 {heap After GC invocations=19 (full 0):
 garbage-first heap   total reserved 16728064K, committed 442368K, used 125789K [0x0000000403000000, 0x0000000800000000)
  region size 8192K, 3 young (24576K), 3 survivors (24576K)
}
Event: 5.451 {heap Before GC invocations=19 (full 0):
 garbage-first heap   total reserved 16728064K, committed 442368K, used 363357K [0x0000000403000000, 0x0000000800000000)
  region size 8192K, 32 young (262144K), 3 survivors (24576K)
}
Event: 5.458 {heap After GC invocations=20 (full 0):
 garbage-first heap   total reserved 16728064K, committed 442368K, used 143507K [0x0000000403000000, 0x0000000800000000)
  region size 8192K, 4 young (32768K), 4 survivors (32768K)
}
Event: 5.506 {heap Before GC invocations=20 (full 0):
 garbage-first heap   total reserved 16728064K, committed 442368K, used 151699K [0x0000000403000000, 0x0000000800000000)
  region size 8192K, 6 young (49152K), 4 survivors (32768K)
}
Event: 5.510 {heap After GC invocations=21 (full 0):
 garbage-first heap   total reserved 16728064K, committed 442368K, used 150898K [0x0000000403000000, 0x0000000800000000)
  region size 8192K, 1 young (8192K), 1 survivors (8192K)
}
Event: 6.432 {heap Before GC invocations=22 (full 0):
 garbage-first heap   total reserved 16728064K, committed 442368K, used 388466K [0x0000000403000000, 0x0000000800000000)
  region size 8192K, 30 young (245760K), 1 survivors (8192K)
}
Event: 6.436 {heap After GC invocations=23 (full 0):
 garbage-first heap   total reserved 16728064K, committed 442368K, used 156785K [0x0000000403000000, 0x0000000800000000)
  region size 8192K, 2 young (16384K), 2 survivors (16384K)
}
Event: 6.634 {heap Before GC invocations=23 (full 0):
 garbage-first heap   total reserved 16728064K, committed 442368K, used 394353K [0x0000000403000000, 0x0000000800000000)
  region size 8192K, 31 young (253952K), 2 survivors (16384K)
}
Event: 6.645 {heap After GC invocations=24 (full 0):
 garbage-first heap   total reserved 16728064K, committed 450560K, used 188732K [0x0000000403000000, 0x0000000800000000)
  region size 8192K, 4 young (32768K), 4 survivors (32768K)
}
Event: 6.694 {heap Before GC invocations=24 (full 0):
 garbage-first heap   total reserved 16728064K, committed 450560K, used 393532K [0x0000000403000000, 0x0000000800000000)
  region size 8192K, 29 young (237568K), 4 survivors (32768K)
}
Event: 6.702 {heap After GC invocations=25 (full 0):
 garbage-first heap   total reserved 16728064K, committed 450560K, used 195965K [0x0000000403000000, 0x0000000800000000)
  region size 8192K, 2 young (16384K), 2 survivors (16384K)
}
Event: 6.811 {heap Before GC invocations=26 (full 0):
 garbage-first heap   total reserved 16728064K, committed 450560K, used 384381K [0x0000000403000000, 0x0000000800000000)
  region size 8192K, 26 young (212992K), 2 survivors (16384K)
}
Event: 6.816 {heap After GC invocations=27 (full 0):
 garbage-first heap   total reserved 16728064K, committed 450560K, used 207164K [0x0000000403000000, 0x0000000800000000)
  region size 8192K, 4 young (32768K), 4 survivors (32768K)
}
Event: 7.309 {heap Before GC invocations=27 (full 0):
 garbage-first heap   total reserved 16728064K, committed 450560K, used 387388K [0x0000000403000000, 0x0000000800000000)
  region size 8192K, 27 young (221184K), 4 survivors (32768K)
}
Event: 7.322 {heap After GC invocations=28 (full 0):
 garbage-first heap   total reserved 16728064K, committed 778240K, used 239156K [0x0000000403000000, 0x0000000800000000)
  region size 8192K, 4 young (32768K), 4 survivors (32768K)
}
Event: 12.516 {heap Before GC invocations=28 (full 0):
 garbage-first heap   total reserved 16728064K, committed 778240K, used 648756K [0x0000000403000000, 0x0000000800000000)
  region size 8192K, 55 young (450560K), 4 survivors (32768K)
}
Event: 12.522 {heap After GC invocations=29 (full 0):
 garbage-first heap   total reserved 16728064K, committed 778240K, used 262109K [0x0000000403000000, 0x0000000800000000)
  region size 8192K, 6 young (49152K), 6 survivors (49152K)
}
Event: 13.113 {heap Before GC invocations=29 (full 0):
 garbage-first heap   total reserved 16728064K, committed 778240K, used 638941K [0x0000000403000000, 0x0000000800000000)
  region size 8192K, 53 young (434176K), 6 survivors (49152K)
}
Event: 13.119 {heap After GC invocations=30 (full 0):
 garbage-first heap   total reserved 16728064K, committed 778240K, used 272623K [0x0000000403000000, 0x0000000800000000)
  region size 8192K, 4 young (32768K), 4 survivors (32768K)
}

Metaspace Usage History (20 events):
Event: 4.783 {metaspace Before GC invocations=18 (full 0):
 Metaspace       used 81894K, committed 82624K, reserved 1179648K
  class space    used 13894K, committed 14208K, reserved 1048576K
}
Event: 4.790 {metaspace After GC invocations=19 (full 0):
 Metaspace       used 81894K, committed 82624K, reserved 1179648K
  class space    used 13894K, committed 14208K, reserved 1048576K
}
Event: 5.451 {metaspace Before GC invocations=19 (full 0):
 Metaspace       used 98434K, committed 99264K, reserved 1179648K
  class space    used 16330K, committed 16640K, reserved 1048576K
}
Event: 5.458 {metaspace After GC invocations=20 (full 0):
 Metaspace       used 98434K, committed 99264K, reserved 1179648K
  class space    used 16330K, committed 16640K, reserved 1048576K
}
Event: 5.506 {metaspace Before GC invocations=20 (full 0):
 Metaspace       used 99959K, committed 100800K, reserved 1179648K
  class space    used 16402K, committed 16768K, reserved 1048576K
}
Event: 5.510 {metaspace After GC invocations=21 (full 0):
 Metaspace       used 99959K, committed 100800K, reserved 1179648K
  class space    used 16402K, committed 16768K, reserved 1048576K
}
Event: 6.432 {metaspace Before GC invocations=22 (full 0):
 Metaspace       used 111447K, committed 113024K, reserved 1179648K
  class space    used 18071K, committed 18752K, reserved 1048576K
}
Event: 6.436 {metaspace After GC invocations=23 (full 0):
 Metaspace       used 111447K, committed 113024K, reserved 1179648K
  class space    used 18071K, committed 18752K, reserved 1048576K
}
Event: 6.634 {metaspace Before GC invocations=23 (full 0):
 Metaspace       used 115445K, committed 117056K, reserved 1179648K
  class space    used 18735K, committed 19392K, reserved 1048576K
}
Event: 6.645 {metaspace After GC invocations=24 (full 0):
 Metaspace       used 115445K, committed 117056K, reserved 1179648K
  class space    used 18735K, committed 19392K, reserved 1048576K
}
Event: 6.694 {metaspace Before GC invocations=24 (full 0):
 Metaspace       used 116937K, committed 118528K, reserved 1179648K
  class space    used 18954K, committed 19648K, reserved 1048576K
}
Event: 6.702 {metaspace After GC invocations=25 (full 0):
 Metaspace       used 116937K, committed 118528K, reserved 1179648K
  class space    used 18954K, committed 19648K, reserved 1048576K
}
Event: 6.811 {metaspace Before GC invocations=26 (full 0):
 Metaspace       used 118057K, committed 119680K, reserved 1179648K
  class space    used 19082K, committed 19776K, reserved 1048576K
}
Event: 6.816 {metaspace After GC invocations=27 (full 0):
 Metaspace       used 118057K, committed 119680K, reserved 1179648K
  class space    used 19082K, committed 19776K, reserved 1048576K
}
Event: 7.309 {metaspace Before GC invocations=27 (full 0):
 Metaspace       used 119588K, committed 121216K, reserved 1179648K
  class space    used 19290K, committed 19968K, reserved 1048576K
}
Event: 7.322 {metaspace After GC invocations=28 (full 0):
 Metaspace       used 119588K, committed 121216K, reserved 1179648K
  class space    used 19290K, committed 19968K, reserved 1048576K
}
Event: 12.516 {metaspace Before GC invocations=28 (full 0):
 Metaspace       used 127069K, committed 128832K, reserved 1179648K
  class space    used 20667K, committed 21376K, reserved 1048576K
}
Event: 12.522 {metaspace After GC invocations=29 (full 0):
 Metaspace       used 127069K, committed 128832K, reserved 1179648K
  class space    used 20667K, committed 21376K, reserved 1048576K
}
Event: 13.113 {metaspace Before GC invocations=29 (full 0):
 Metaspace       used 136233K, committed 137984K, reserved 1179648K
  class space    used 22197K, committed 22912K, reserved 1048576K
}
Event: 13.119 {metaspace After GC invocations=30 (full 0):
 Metaspace       used 136233K, committed 137984K, reserved 1179648K
  class space    used 22197K, committed 22912K, reserved 1048576K
}

Dll operation events (16 events):
Event: 0.092 Loaded shared library C:\Program Files\Java\jdk-25.0.3\bin\java.dll
Event: 0.092 Loaded shared library C:\Program Files\Java\jdk-25.0.3\bin\zip.dll
Event: 0.180 Loaded shared library C:\Program Files\Java\jdk-25.0.3\bin\instrument.dll
Event: 0.185 Loaded shared library C:\Program Files\Java\jdk-25.0.3\bin\net.dll
Event: 0.186 Loaded shared library C:\Program Files\Java\jdk-25.0.3\bin\nio.dll
Event: 0.201 Loaded shared library C:\Program Files\Java\jdk-25.0.3\bin\verify.dll
Event: 0.222 Loaded shared library C:\Program Files\Java\jdk-25.0.3\bin\zip.dll
Event: 0.284 Loaded shared library C:\Program Files\Java\jdk-25.0.3\bin\jimage.dll
Event: 0.535 Loaded shared library C:\Program Files\Java\jdk-25.0.3\bin\management.dll
Event: 0.536 Loaded shared library C:\Program Files\Java\jdk-25.0.3\bin\management_ext.dll
Event: 1.983 Loaded shared library C:\Users\Owner\AppData\Local\Temp\jna--823301853\jna5751401786498006432.dll
Event: 5.046 Loaded shared library C:\Program Files\Java\jdk-25.0.3\bin\sunmscapi.dll
Event: 5.090 Loaded shared library C:\Program Files\Java\jdk-25.0.3\bin\extnet.dll
Event: 5.429 Loaded shared library C:\Users\Owner\AppData\Local\Temp\lwjgl_LichtMeilleur\3.4.1-snapshot\x64\lwjgl.dll
Event: 5.781 Loaded shared library C:\Users\Owner\AppData\Local\Temp\lwjgl_LichtMeilleur\3.4.1-snapshot\x64\lwjgl_opengl.dll
Event: 5.934 Loaded shared library C:\Users\Owner\AppData\Local\Temp\lwjgl_LichtMeilleur\3.4.1-snapshot\x64\lwjgl_stb.dll

Deoptimization events (20 events):
Event: 13.213 Thread 0x00000274f8ca86a0 DEOPT PACKING pc=0x00000274bd088b44 sp=0x000000c14f2fef80
Event: 13.213 Thread 0x00000274f8ca86a0 DEOPT UNPACKING pc=0x00000274c3fe1702 sp=0x000000c14f2fe4a0 mode 1
Event: 13.213 Thread 0x00000274f8ca86a0 DEOPT PACKING pc=0x00000274be617ff4 sp=0x000000c14f2ff090
Event: 13.213 Thread 0x00000274f8ca86a0 DEOPT UNPACKING pc=0x00000274c3fe1702 sp=0x000000c14f2fe548 mode 1
Event: 13.219 Thread 0x00000274f8ca86a0 Uncommon trap: trap_request=0xffffffde fr.pc=0x00000274c4d262d8 relative=0x00000000000000d8
Event: 13.219 Thread 0x00000274f8ca86a0 Uncommon trap: reason=class_check action=maybe_recompile pc=0x00000274c4d262d8 method=net.minecraft.world.level.levelgen.BitRandomSource.nextInt()I @ 3 c2
Event: 13.219 Thread 0x00000274f8ca86a0 DEOPT PACKING pc=0x00000274c4d262d8 sp=0x000000c14f2ff250
Event: 13.219 Thread 0x00000274f8ca86a0 DEOPT UNPACKING pc=0x00000274c40c0f02 sp=0x000000c14f2ff208 mode 2
Event: 13.220 Thread 0x00000274f8ca86a0 Uncommon trap: trap_request=0xffffff45 fr.pc=0x00000274c522a98c relative=0x000000000000008c
Event: 13.220 Thread 0x00000274f8ca86a0 Uncommon trap: reason=unstable_if action=reinterpret pc=0x00000274c522a98c method=net.minecraft.core.Holder$Reference.is(Lnet/minecraft/resources/ResourceKey;)Z @ 5 c2
Event: 13.220 Thread 0x00000274f8ca86a0 DEOPT PACKING pc=0x00000274c522a98c sp=0x000000c14f2fed30
Event: 13.220 Thread 0x00000274f8ca86a0 DEOPT UNPACKING pc=0x00000274c40c0f02 sp=0x000000c14f2fecc8 mode 2
Event: 13.221 Thread 0x00000274f8ca86a0 DEOPT PACKING pc=0x00000274bccb29cc sp=0x000000c14f2fed80
Event: 13.221 Thread 0x00000274f8ca86a0 DEOPT UNPACKING pc=0x00000274c3fe1702 sp=0x000000c14f2fe248 mode 1
Event: 13.221 Thread 0x00000274f8ca86a0 DEOPT PACKING pc=0x00000274bcfe03c4 sp=0x000000c14f2fee10
Event: 13.221 Thread 0x00000274f8ca86a0 DEOPT UNPACKING pc=0x00000274c3fe1702 sp=0x000000c14f2fe390 mode 1
Event: 13.221 Thread 0x00000274f8ca86a0 DEOPT PACKING pc=0x00000274bd088b44 sp=0x000000c14f2fef80
Event: 13.221 Thread 0x00000274f8ca86a0 DEOPT UNPACKING pc=0x00000274c3fe1702 sp=0x000000c14f2fe4a0 mode 1
Event: 13.221 Thread 0x00000274f8ca86a0 DEOPT PACKING pc=0x00000274be617ff4 sp=0x000000c14f2ff090
Event: 13.221 Thread 0x00000274f8ca86a0 DEOPT UNPACKING pc=0x00000274c3fe1702 sp=0x000000c14f2fe548 mode 1

Classes loaded (20 events):
Event: 13.222 Loading class net/minecraft/server/level/ChunkGenerationTask
Event: 13.222 Loading class net/minecraft/server/level/ChunkGenerationTask done
Event: 13.225 Loading class net/minecraft/server/level/ChunkHolder
Event: 13.225 Loading class net/minecraft/server/level/ChunkHolder done
Event: 13.225 Loading class net/minecraft/server/level/ChunkHolder
Event: 13.225 Loading class net/minecraft/server/level/ChunkHolder done
Event: 13.225 Loading class it/unimi/dsi/fastutil/longs/LongSet
Event: 13.225 Loading class it/unimi/dsi/fastutil/longs/LongSet done
Event: 13.225 Loading class it/unimi/dsi/fastutil/longs/LongSet
Event: 13.225 Loading class it/unimi/dsi/fastutil/longs/LongSet done
Event: 13.225 Loading class net/minecraft/server/level/ChunkHolder
Event: 13.225 Loading class net/minecraft/server/level/ChunkHolder done
Event: 13.225 Loading class net/minecraft/server/level/ChunkLoadCounter
Event: 13.225 Loading class net/minecraft/server/level/ChunkLoadCounter done
Event: 13.225 Loading class it/unimi/dsi/fastutil/longs/LongSet
Event: 13.225 Loading class it/unimi/dsi/fastutil/longs/LongSet done
Event: 13.225 Loading class it/unimi/dsi/fastutil/longs/Long2ObjectFunction
Event: 13.225 Loading class it/unimi/dsi/fastutil/longs/Long2ObjectFunction done
Event: 13.225 Loading class net/minecraft/server/level/TicketType
Event: 13.225 Loading class net/minecraft/server/level/TicketType done

Classes unloaded (0 events):
No events

Classes redefined (1 events):
Event: 0.207 Thread 0x00000274cce24f70 redefined class name=java.lang.Throwable, count=1

Internal exceptions (20 events):
Event: 13.030 Thread 0x00000274f8ca86a0 Exception <a 'java/lang/NoSuchMethodError'{0x0000000419ab51f8}: 'int java.lang.invoke.DirectMethodHandle$Holder.invokeVirtual(java.lang.Object, java.lang.Object, long)'> (0x0000000419ab51f8) 
thrown [s\open\src\hotspot\share\interpreter\linkResolver.cpp, line 804]
Event: 13.045 Thread 0x00000274f8ca86a0 Exception <a 'sun/nio/fs/WindowsException'{0x0000000419ec4cf8}> (0x0000000419ec4cf8) 
thrown [s\open\src\hotspot\share\prims\jni.cpp, line 516]
Event: 13.046 Thread 0x00000274f8ca86a0 Exception <a 'java/lang/NoSuchMethodError'{0x0000000419f2a8f8}: 'java.lang.Object java.lang.invoke.DirectMethodHandle$Holder.newInvokeSpecial(java.lang.Object, java.lang.Object, int, long)'> (0x0000000419f2a8f8) 
thrown [s\open\src\hotspot\share\interpreter\linkResolver.cpp, line 804]
Event: 13.105 Thread 0x00000274f8ca86a0 Exception <a 'java/lang/NoSuchMethodError'{0x0000000418d0b8f8}: 'void java.lang.invoke.DirectMethodHandle$Holder.invokeVirtual(java.lang.Object, java.lang.Object, long, int, int)'> (0x0000000418d0b8f8) 
thrown [s\open\src\hotspot\share\interpreter\linkResolver.cpp, line 804]
Event: 13.123 Thread 0x00000274f32b71d0 Exception <a 'java/lang/NoSuchMethodError'{0x000000042f245008}: 'long java.lang.invoke.DirectMethodHandle$Holder.invokeVirtual(java.lang.Object, java.lang.Object, java.lang.Object)'> (0x000000042f245008) 
thrown [s\open\src\hotspot\share\interpreter\linkResolver.cpp, line 804]
Event: 13.123 Thread 0x00000274fa705a20 Exception <a 'java/lang/NoSuchMethodError'{0x000000042f2768f0}: 'long java.lang.invoke.DirectMethodHandle$Holder.invokeVirtual(java.lang.Object, java.lang.Object, java.lang.Object)'> (0x000000042f2768f0) 
thrown [s\open\src\hotspot\share\interpreter\linkResolver.cpp, line 804]
Event: 13.123 Thread 0x00000274fa716b90 Exception <a 'java/lang/NoSuchMethodError'{0x000000042f0cb528}: 'long java.lang.invoke.DirectMethodHandle$Holder.invokeVirtual(java.lang.Object, java.lang.Object, java.lang.Object)'> (0x000000042f0cb528) 
thrown [s\open\src\hotspot\share\interpreter\linkResolver.cpp, line 804]
Event: 13.123 Thread 0x00000274fa704a80 Exception <a 'java/lang/NoSuchMethodError'{0x000000042f1418c0}: 'long java.lang.invoke.DirectMethodHandle$Holder.invokeVirtual(java.lang.Object, java.lang.Object, java.lang.Object)'> (0x000000042f1418c0) 
thrown [s\open\src\hotspot\share\interpreter\linkResolver.cpp, line 804]
Event: 13.123 Thread 0x00000274fa717360 Exception <a 'java/lang/NoSuchMethodError'{0x000000042f1c57e8}: 'long java.lang.invoke.DirectMethodHandle$Holder.invokeVirtual(java.lang.Object, java.lang.Object, java.lang.Object)'> (0x000000042f1c57e8) 
thrown [s\open\src\hotspot\share\interpreter\linkResolver.cpp, line 804]
Event: 13.123 Thread 0x00000274fa714480 Exception <a 'java/lang/NoSuchMethodError'{0x000000042f184a08}: 'long java.lang.invoke.DirectMethodHandle$Holder.invokeVirtual(java.lang.Object, java.lang.Object, java.lang.Object)'> (0x000000042f184a08) 
thrown [s\open\src\hotspot\share\interpreter\linkResolver.cpp, line 804]
Event: 13.141 Thread 0x00000274f8ca86a0 Exception <a 'java/lang/NoSuchMethodError'{0x000000042e9b8978}: 'java.lang.Object java.lang.invoke.DirectMethodHandle$Holder.invokeStatic(java.lang.Object, float, java.lang.Object, java.lang.Object)'> (0x000000042e9b8978) 
thrown [s\open\src\hotspot\share\interpreter\linkResolver.cpp, line 804]
Event: 13.144 Thread 0x00000274f8ca86a0 Exception <a 'java/lang/NoSuchMethodError'{0x000000042ea8c960}: 'java.lang.Object java.lang.invoke.DirectMethodHandle$Holder.invokeStatic(java.lang.Object, java.lang.Object, java.lang.Object, java.lang.Object, java.lang.Object, java.lang.Object, int)'> (0x000000042ea8c960) 
thrown [s\open\src\hotspot\share\interpreter\linkResolver.cpp, line 804]
Event: 13.146 Thread 0x00000274f8ca86a0 Exception <a 'sun/nio/fs/WindowsException'{0x000000042eadb1e0}> (0x000000042eadb1e0) 
thrown [s\open\src\hotspot\share\prims\jni.cpp, line 516]
Event: 13.148 Thread 0x00000274f8ca86a0 Exception <a 'java/lang/NoSuchMethodError'{0x000000042eb76668}: 'java.lang.Object java.lang.invoke.DirectMethodHandle$Holder.newInvokeSpecial(java.lang.Object, java.lang.Object, java.lang.Object, java.lang.Object, java.lang.Object, int, java.lang.Object)'> (0x000000042eb76668) 
thrown [s\open\src\hotspot\share\interpreter\linkResolver.cpp, line 804]
Event: 13.155 Thread 0x00000274f8ca86a0 Exception <a 'java/lang/NoSuchMethodError'{0x000000042edd98e0}: 'java.lang.Object java.lang.invoke.Invokers$Holder.linkToTargetMethod(java.lang.Object, long, java.lang.Object)'> (0x000000042edd98e0) 
thrown [s\open\src\hotspot\share\interpreter\linkResolver.cpp, line 804]
Event: 13.197 Thread 0x00000274f8ca86a0 Exception <a 'sun/nio/fs/WindowsException'{0x000000042dacfcc8}> (0x000000042dacfcc8) 
thrown [s\open\src\hotspot\share\prims\jni.cpp, line 516]
Event: 13.212 Thread 0x00000274f8ca86a0 Exception <a 'java/lang/NoSuchMethodError'{0x000000042d28d240}: 'java.lang.Object java.lang.invoke.DirectMethodHandle$Holder.invokeSpecial(java.lang.Object, java.lang.Object, double, double, double, double)'> (0x000000042d28d240) 
thrown [s\open\src\hotspot\share\interpreter\linkResolver.cpp, line 804]
Event: 13.213 Thread 0x00000274f8ca86a0 Exception <a 'sun/nio/fs/WindowsException'{0x000000042d2a2a58}> (0x000000042d2a2a58) 
thrown [s\open\src\hotspot\share\prims\jni.cpp, line 516]
Event: 13.219 Thread 0x00000274f8ca86a0 Exception <a 'sun/nio/fs/WindowsException'{0x000000042d3bddc8}> (0x000000042d3bddc8) 
thrown [s\open\src\hotspot\share\prims\jni.cpp, line 516]
Event: 13.221 Thread 0x00000274f8ca86a0 Exception <a 'sun/nio/fs/WindowsException'{0x000000042d420278}> (0x000000042d420278) 
thrown [s\open\src\hotspot\share\prims\jni.cpp, line 516]

VM Operations (20 events):
Event: 12.854 Executing non-safepoint VM operation: HandshakeAllThreads (Deoptimize)
Event: 12.854 Executing non-safepoint VM operation: HandshakeAllThreads (Deoptimize) done
Event: 12.856 Executing non-safepoint VM operation: HandshakeAllThreads (Deoptimize)
Event: 12.857 Executing non-safepoint VM operation: HandshakeAllThreads (Deoptimize) done
Event: 12.926 Executing non-safepoint VM operation: HandshakeAllThreads (Deoptimize)
Event: 12.927 Executing non-safepoint VM operation: HandshakeAllThreads (Deoptimize) done
Event: 12.930 Executing non-safepoint VM operation: HandshakeAllThreads (Deoptimize)
Event: 12.930 Executing non-safepoint VM operation: HandshakeAllThreads (Deoptimize) done
Event: 12.931 Executing non-safepoint VM operation: HandshakeAllThreads (Deoptimize)
Event: 12.931 Executing non-safepoint VM operation: HandshakeAllThreads (Deoptimize) done
Event: 13.026 Executing non-safepoint VM operation: HandshakeAllThreads (Deoptimize)
Event: 13.026 Executing non-safepoint VM operation: HandshakeAllThreads (Deoptimize) done
Event: 13.088 Executing non-safepoint VM operation: HandshakeAllThreads (Deoptimize)
Event: 13.088 Executing non-safepoint VM operation: HandshakeAllThreads (Deoptimize) done
Event: 13.098 Executing non-safepoint VM operation: HandshakeAllThreads (Deoptimize)
Event: 13.098 Executing non-safepoint VM operation: HandshakeAllThreads (Deoptimize) done
Event: 13.113 Executing safepoint VM operation: G1CollectForAllocation (G1 Evacuation Pause)
Event: 13.119 Executing safepoint VM operation: G1CollectForAllocation (G1 Evacuation Pause) done
Event: 13.167 Executing non-safepoint VM operation: HandshakeAllThreads (Deoptimize)
Event: 13.189 Executing non-safepoint VM operation: HandshakeAllThreads (Deoptimize) done

Memory protections (0 events):
No events

Nmethod flushes (20 events):
Event: 6.752 Thread 0x00000274cce24f70 flushing  nmethod 0x00000274bd625208
Event: 6.752 Thread 0x00000274cce24f70 flushing  nmethod 0x00000274bd6f8388
Event: 6.752 Thread 0x00000274cce24f70 flushing  nmethod 0x00000274bd7c5608
Event: 6.752 Thread 0x00000274cce24f70 flushing  nmethod 0x00000274bd824688
Event: 6.752 Thread 0x00000274cce24f70 flushing  nmethod 0x00000274bd828288
Event: 6.752 Thread 0x00000274cce24f70 flushing  nmethod 0x00000274bd964588
Event: 6.752 Thread 0x00000274cce24f70 flushing  nmethod 0x00000274bd966988
Event: 6.752 Thread 0x00000274cce24f70 flushing  nmethod 0x00000274bda02808
Event: 6.752 Thread 0x00000274cce24f70 flushing  nmethod 0x00000274bda05d08
Event: 6.752 Thread 0x00000274cce24f70 flushing  nmethod 0x00000274bda06408
Event: 6.752 Thread 0x00000274cce24f70 flushing  nmethod 0x00000274bda08388
Event: 6.752 Thread 0x00000274cce24f70 flushing  nmethod 0x00000274bda08e88
Event: 6.752 Thread 0x00000274cce24f70 flushing  nmethod 0x00000274bda0ed88
Event: 6.752 Thread 0x00000274cce24f70 flushing  nmethod 0x00000274bda0fb08
Event: 6.752 Thread 0x00000274cce24f70 flushing  nmethod 0x00000274bdabfc08
Event: 6.752 Thread 0x00000274cce24f70 flushing  nmethod 0x00000274bdac1188
Event: 6.752 Thread 0x00000274cce24f70 flushing  nmethod 0x00000274bdac1d88
Event: 6.752 Thread 0x00000274cce24f70 flushing  nmethod 0x00000274bdac7408
Event: 6.752 Thread 0x00000274cce24f70 flushing  nmethod 0x00000274bdbd3e88
Event: 6.752 Thread 0x00000274cce24f70 flushing  nmethod 0x00000274bdc8d908

Events (20 events):
Event: 7.668 Thread 0x00000274ee2dc7f0 Thread exited: 0x00000274ee2dc7f0
Event: 7.710 Thread 0x00000274e9b6ba60 Thread exited: 0x00000274e9b6ba60
Event: 7.710 Thread 0x00000274ccd78150 Thread exited: 0x00000274ccd78150
Event: 7.777 Thread 0x00000274ccd76110 Thread exited: 0x00000274ccd76110
Event: 9.055 Thread 0x00000274ccd75900 Thread added: 0x00000274fac8dc40
Event: 9.055 Thread 0x00000274ccd75900 Thread added: 0x00000274fac8ec60
Event: 9.301 Thread 0x00000274fac8ec60 Thread exited: 0x00000274fac8ec60
Event: 9.317 Thread 0x00000274fac8dc40 Thread exited: 0x00000274fac8dc40
Event: 10.169 Thread 0x00000274ccd738c0 Thread added: 0x00000274fac8dc40
Event: 10.756 Thread 0x00000274fac8dc40 Thread exited: 0x00000274fac8dc40
Event: 12.249 Thread 0x00000274ccd75900 Thread added: 0x00000274fac93d00
Event: 12.249 Thread 0x00000274ccd75900 Thread added: 0x00000274fac95530
Event: 12.249 Thread 0x00000274ccd75900 Thread added: 0x00000274fac934f0
Event: 12.250 Thread 0x00000274ccd75900 Thread added: 0x00000274fac91cc0
Event: 12.273 Thread 0x00000274ccd728a0 Thread added: 0x00000274fac924d0
Event: 12.273 Thread 0x00000274ccd728a0 Thread added: 0x00000274fac96550
Event: 12.273 Thread 0x00000274ccd728a0 Thread added: 0x00000274fac94510
Event: 12.849 Thread 0x00000274f9d421d0 Thread exited: 0x00000274f9d421d0
Event: 12.850 Thread 0x00000274b1d6d7c0 Thread added: 0x00000274f8ca4ff0
Event: 12.989 Thread 0x00000274b1d6d7c0 Thread added: 0x00000274f8ca86a0


Dynamic libraries:
0x00007ff613b00000 - 0x00007ff613b10000 	C:\Program Files\Java\jdk-25.0.3\bin\java.exe
0x00007ffda3b00000 - 0x00007ffda3d66000 	C:\WINDOWS\SYSTEM32\ntdll.dll
0x00007ffd62620000 - 0x00007ffd62641000 	C:\Program Files\Norton\Suite\aswhook.dll
0x00007ffda1c10000 - 0x00007ffda1cd9000 	C:\WINDOWS\System32\KERNEL32.DLL
0x00007ffda1190000 - 0x00007ffda158a000 	C:\WINDOWS\System32\KERNELBASE.dll
0x00007ffda0ee0000 - 0x00007ffda102c000 	C:\WINDOWS\System32\ucrtbase.dll
0x00007ffd9de80000 - 0x00007ffd9de97000 	C:\Program Files\Java\jdk-25.0.3\bin\jli.dll
0x00007ffd82760000 - 0x00007ffd8277e000 	C:\Program Files\Java\jdk-25.0.3\bin\VCRUNTIME140.dll
0x00007ffda1870000 - 0x00007ffda1a37000 	C:\WINDOWS\System32\USER32.dll
0x00007ffda1590000 - 0x00007ffda15b7000 	C:\WINDOWS\System32\win32u.dll
0x00007ffd78a10000 - 0x00007ffd78ca2000 	C:\WINDOWS\WinSxS\amd64_microsoft.windows.common-controls_6595b64144ccf1df_6.0.26100.8521_none_3e08b75ce33403b3\COMCTL32.dll
0x00007ffda2150000 - 0x00007ffda217b000 	C:\WINDOWS\System32\GDI32.dll
0x00007ffda2c00000 - 0x00007ffda2ca9000 	C:\WINDOWS\System32\msvcrt.dll
0x00007ffda15c0000 - 0x00007ffda16eb000 	C:\WINDOWS\System32\gdi32full.dll
0x00007ffda1030000 - 0x00007ffda10d3000 	C:\WINDOWS\System32\msvcp_win.dll
0x00007ffda20c0000 - 0x00007ffda20f2000 	C:\WINDOWS\System32\IMM32.DLL
0x00007ffd87050000 - 0x00007ffd8705c000 	C:\Program Files\Java\jdk-25.0.3\bin\vcruntime140_1.dll
0x00007ffd15310000 - 0x00007ffd1539d000 	C:\Program Files\Java\jdk-25.0.3\bin\msvcp140.dll
0x00007ffcdf790000 - 0x00007ffce05f0000 	C:\Program Files\Java\jdk-25.0.3\bin\server\jvm.dll
0x00007ffda3a00000 - 0x00007ffda3ab6000 	C:\WINDOWS\System32\ADVAPI32.dll
0x00007ffda1f30000 - 0x00007ffda1fda000 	C:\WINDOWS\System32\sechost.dll
0x00007ffda2ae0000 - 0x00007ffda2bf8000 	C:\WINDOWS\System32\RPCRT4.dll
0x00007ffda1e20000 - 0x00007ffda1ea0000 	C:\WINDOWS\System32\WS2_32.dll
0x00007ffda0980000 - 0x00007ffda09de000 	C:\WINDOWS\SYSTEM32\POWRPROF.dll
0x00007ffd99530000 - 0x00007ffd9953b000 	C:\WINDOWS\SYSTEM32\VERSION.dll
0x00007ffd92140000 - 0x00007ffd92176000 	C:\WINDOWS\SYSTEM32\WINMM.dll
0x00007ffda07a0000 - 0x00007ffda07b4000 	C:\WINDOWS\SYSTEM32\UMPDC.dll
0x00007ffd9fb20000 - 0x00007ffd9fb3b000 	C:\WINDOWS\SYSTEM32\kernel.appcore.dll
0x00007ffd87000000 - 0x00007ffd8700a000 	C:\Program Files\Java\jdk-25.0.3\bin\jimage.dll
0x00007ffd92510000 - 0x00007ffd92752000 	C:\WINDOWS\SYSTEM32\DBGHELP.DLL
0x00007ffda2e90000 - 0x00007ffda3213000 	C:\WINDOWS\System32\combase.dll
0x00007ffda1fe0000 - 0x00007ffda20b9000 	C:\WINDOWS\System32\OLEAUT32.dll
0x00007ffd92480000 - 0x00007ffd924bb000 	C:\WINDOWS\SYSTEM32\dbgcore.DLL
0x00007ffda10e0000 - 0x00007ffda1188000 	C:\WINDOWS\System32\bcryptPrimitives.dll
0x00007ffd7c450000 - 0x00007ffd7c48d000 	C:\Program Files\Java\jdk-25.0.3\bin\jdwp.dll
0x00007ffd868c0000 - 0x00007ffd868d0000 	C:\Program Files\Java\jdk-25.0.3\bin\instrument.dll
0x00007ffd82610000 - 0x00007ffd8262f000 	C:\Program Files\Java\jdk-25.0.3\bin\java.dll
0x00007ffda2cb0000 - 0x00007ffda2e48000 	C:\WINDOWS\System32\ole32.dll
0x00007ffda2290000 - 0x00007ffda2a14000 	C:\WINDOWS\System32\SHELL32.dll
0x00007ffd7b2d0000 - 0x00007ffd7b2e7000 	C:\Program Files\Java\jdk-25.0.3\bin\zip.dll
0x00007ffd9e990000 - 0x00007ffd9f210000 	C:\WINDOWS\SYSTEM32\windows.storage.dll
0x00007ffda1d00000 - 0x00007ffda1df6000 	C:\WINDOWS\System32\SHCORE.dll
0x00007ffda1ba0000 - 0x00007ffda1c07000 	C:\WINDOWS\System32\shlwapi.dll
0x00007ffda0cb0000 - 0x00007ffda0cd9000 	C:\WINDOWS\SYSTEM32\profapi.dll
0x00007ffd867c0000 - 0x00007ffd867cc000 	C:\Program Files\Java\jdk-25.0.3\bin\dt_socket.dll
0x00007ffd9f520000 - 0x00007ffd9f553000 	C:\WINDOWS\SYSTEM32\IPHLPAPI.DLL
0x00007ffda0090000 - 0x00007ffda00fc000 	C:\WINDOWS\system32\mswsock.dll
0x00007ffd7b2b0000 - 0x00007ffd7b2c2000 	C:\Program Files\Java\jdk-25.0.3\bin\net.dll
0x00007ffd7b0f0000 - 0x00007ffd7b106000 	C:\Program Files\Java\jdk-25.0.3\bin\nio.dll
0x00007ffd82810000 - 0x00007ffd82820000 	C:\Program Files\Java\jdk-25.0.3\bin\verify.dll
0x00007ffd82730000 - 0x00007ffd8273a000 	C:\Program Files\Java\jdk-25.0.3\bin\management.dll
0x00007ffd7dff0000 - 0x00007ffd7dffc000 	C:\Program Files\Java\jdk-25.0.3\bin\management_ext.dll
0x00007ffda1ce0000 - 0x00007ffda1ce8000 	C:\WINDOWS\System32\PSAPI.DLL
0x00007ffd64ea0000 - 0x00007ffd64eb8000 	C:\WINDOWS\system32\napinsp.dll
0x00007ffd9f560000 - 0x00007ffd9f6aa000 	C:\WINDOWS\SYSTEM32\DNSAPI.dll
0x00007ffd9fe90000 - 0x00007ffd9fe9d000 	C:\WINDOWS\SYSTEM32\DSPARSE.dll
0x00007ffda1cf0000 - 0x00007ffda1cfa000 	C:\WINDOWS\System32\NSI.dll
0x00007ffd64d50000 - 0x00007ffd64d63000 	C:\WINDOWS\System32\winrnr.dll
0x00007ffd64d20000 - 0x00007ffd64d42000 	C:\WINDOWS\system32\nlansp_c.dll
0x00007ffd989e0000 - 0x00007ffd989f6000 	C:\WINDOWS\system32\wshbth.dll
0x00007ffd92000000 - 0x00007ffd9200b000 	C:\Windows\System32\rasadhlp.dll
0x00007ffd98470000 - 0x00007ffd984f6000 	C:\WINDOWS\System32\fwpuclnt.dll
0x00007ffda0380000 - 0x00007ffda039b000 	C:\WINDOWS\SYSTEM32\CRYPTSP.dll
0x00007ffd9fa80000 - 0x00007ffd9fab9000 	C:\WINDOWS\system32\rsaenh.dll
0x00007ffda0140000 - 0x00007ffda0173000 	C:\WINDOWS\SYSTEM32\USERENV.dll
0x00007ffda0c80000 - 0x00007ffda0caa000 	C:\WINDOWS\SYSTEM32\bcrypt.dll
0x00007ffda0370000 - 0x00007ffda037c000 	C:\WINDOWS\SYSTEM32\CRYPTBASE.dll
0x00007ffd79da0000 - 0x00007ffd79de9000 	C:\Users\Owner\AppData\Local\Temp\jna--823301853\jna5751401786498006432.dll
0x00007ffda2a20000 - 0x00007ffda2ace000 	C:\WINDOWS\System32\clbcatq.dll
0x00007ffd92010000 - 0x00007ffd9202d000 	C:\WINDOWS\SYSTEM32\amsi.dll
0x00007ffd77cc0000 - 0x00007ffd77dc0000 	C:\Program Files\Norton\Suite\aswAMSI.dll
0x00007ffd80570000 - 0x00007ffd805c8000 	C:\WINDOWS\SYSTEM32\Pdh.dll
0x00007ffd6d7c0000 - 0x00007ffd6d7d1000 	C:\WINDOWS\System32\perfos.dll
0x00007ffd9ddf0000 - 0x00007ffd9de02000 	C:\WINDOWS\SYSTEM32\pfclient.dll
0x00007ffd7ddc0000 - 0x00007ffd7ddce000 	C:\Program Files\Java\jdk-25.0.3\bin\sunmscapi.dll
0x00007ffda16f0000 - 0x00007ffda1868000 	C:\WINDOWS\System32\CRYPT32.dll
0x00007ffda0600000 - 0x00007ffda0630000 	C:\WINDOWS\SYSTEM32\ncrypt.dll
0x00007ffda05b0000 - 0x00007ffda05ef000 	C:\WINDOWS\SYSTEM32\NTASN1.dll
0x00007ffd7dec0000 - 0x00007ffd7dec9000 	C:\Program Files\Java\jdk-25.0.3\bin\extnet.dll
0x00007ffd79a20000 - 0x00007ffd79aa4000 	C:\Users\Owner\AppData\Local\Temp\lwjgl_LichtMeilleur\3.4.1-snapshot\x64\lwjgl.dll
0x00007ffd17900000 - 0x00007ffd1798a000 	C:\Users\Owner\AppData\Local\Temp\lwjgl_LichtMeilleur\3.4.1-snapshot\x64\glfw.dll
0x00007ffd17690000 - 0x00007ffd17900000 	C:\Users\Owner\AppData\Local\Temp\lwjgl_LichtMeilleur\3.4.1-snapshot\x64\jemalloc.dll
0x00007ffd37960000 - 0x00007ffd379ab000 	C:\WINDOWS\SYSTEM32\dinput8.dll
0x00007ffd58520000 - 0x00007ffd5853c000 	C:\WINDOWS\SYSTEM32\xinput1_4.dll
0x00007ffda0a20000 - 0x00007ffda0a71000 	C:\WINDOWS\SYSTEM32\cfgmgr32.dll
0x00007ffda09f0000 - 0x00007ffda0a1d000 	C:\WINDOWS\SYSTEM32\DEVOBJ.dll
0x00007ffd7c720000 - 0x00007ffd7c905000 	C:\WINDOWS\SYSTEM32\inputhost.dll
0x00007ffd9daa0000 - 0x00007ffd9dbc5000 	C:\WINDOWS\SYSTEM32\CoreMessaging.dll
0x00007ffd9e2e0000 - 0x00007ffd9e30f000 	C:\WINDOWS\SYSTEM32\dwmapi.dll
0x00007ffd9e050000 - 0x00007ffd9e0fa000 	C:\WINDOWS\system32\uxtheme.dll
0x00007ffda1a40000 - 0x00007ffda1b9d000 	C:\WINDOWS\System32\MSCTF.dll
0x00007ffd61290000 - 0x00007ffd6139c000 	C:\WINDOWS\SYSTEM32\opengl32.dll
0x00007ffd7c2d0000 - 0x00007ffd7c2fd000 	C:\WINDOWS\SYSTEM32\GLU32.dll
0x00007ffd9e130000 - 0x00007ffd9e174000 	C:\WINDOWS\SYSTEM32\dxcore.dll
0x00007ffd7d300000 - 0x00007ffd7d31d000 	C:\WINDOWS\SYSTEM32\windows.staterepositorycore.dll
0x00007ffd056f0000 - 0x00007ffd083a2000 	C:\WINDOWS\System32\DriverStore\FileRepository\nv_dispi.inf_amd64_b7cca8360c0d57e9\nvoglv64.dll
0x00007ffda3460000 - 0x00007ffda38e7000 	C:\WINDOWS\System32\SETUPAPI.dll
0x00007ffd9dff0000 - 0x00007ffd9e01a000 	C:\WINDOWS\SYSTEM32\WTSAPI32.dll
0x00007ffd9fdc0000 - 0x00007ffd9fe09000 	C:\WINDOWS\SYSTEM32\SspiCli.dll
0x00007ffda04a0000 - 0x00007ffda04b3000 	C:\WINDOWS\SYSTEM32\msasn1.dll
0x00007ffd98e30000 - 0x00007ffd98e6b000 	C:\WINDOWS\SYSTEM32\cryptnet.dll
0x00007ffda0430000 - 0x00007ffda049a000 	C:\WINDOWS\SYSTEM32\wldp.dll
0x00007ffd98c30000 - 0x00007ffd98da8000 	C:\WINDOWS\SYSTEM32\drvstore.dll
0x00007ffda0d90000 - 0x00007ffda0e13000 	C:\WINDOWS\System32\WINTRUST.dll
0x00007ffd9fc40000 - 0x00007ffd9fc76000 	C:\WINDOWS\SYSTEM32\ntmarta.dll
0x00007ffda2e50000 - 0x00007ffda2e70000 	C:\WINDOWS\System32\imagehlp.dll
0x00007ffd93390000 - 0x00007ffd982e7000 	C:\WINDOWS\System32\DriverStore\FileRepository\nv_dispi.inf_amd64_b7cca8360c0d57e9\nvgpucomp64.dll
0x00007ffd434a0000 - 0x00007ffd435e7000 	C:\WINDOWS\system32\nvspcap64.dll
0x00007ffd7d870000 - 0x00007ffd7da4d000 	C:\WINDOWS\system32\urlmon.dll
0x00007ffd7d5a0000 - 0x00007ffd7d865000 	C:\WINDOWS\SYSTEM32\iertutil.dll
0x00007ffd9f510000 - 0x00007ffd9f51d000 	C:\WINDOWS\SYSTEM32\netutils.dll
0x00007ffd828e0000 - 0x00007ffd82909000 	C:\WINDOWS\SYSTEM32\srvcli.dll
0x00007ffda04f0000 - 0x00007ffda0551000 	C:\WINDOWS\SYSTEM32\WINSTA.dll
0x00007ffd7c5d0000 - 0x00007ffd7c718000 	C:\WINDOWS\SYSTEM32\textinputframework.dll
0x00007ffd99ff0000 - 0x00007ffd9a2d4000 	C:\WINDOWS\SYSTEM32\CoreUIComponents.dll
0x00007ffd9ac10000 - 0x00007ffd9ad7a000 	C:\WINDOWS\SYSTEM32\wintypes.dll
0x00007ffd9bdf0000 - 0x00007ffd9bef6000 	C:\WINDOWS\SYSTEM32\PROPSYS.dll
0x00007ffd79380000 - 0x00007ffd793f6000 	C:\WINDOWS\SYSTEM32\OLEACC.dll
0x00007ffd0c5d0000 - 0x00007ffd0c7dc000 	C:\Windows\System32\IME\IMEJP\imjpapi.dll
0x00007ffd67f90000 - 0x00007ffd67fcd000 	C:\Windows\System32\IME\shared\imjkapi.dll
0x00007ffd9d370000 - 0x00007ffd9d426000 	C:\WINDOWS\SYSTEM32\policymanager.dll
0x00007ffd7dd80000 - 0x00007ffd7ddb0000 	C:\WINDOWS\SYSTEM32\coreprivacysettingsstore.dll
0x00007ffd64500000 - 0x00007ffd645da000 	C:\Windows\System32\IME\IMEJP\imjppred.dll
0x00007ffd8a840000 - 0x00007ffd8a86a000 	C:\WINDOWS\SYSTEM32\Cabinet.dll
0x00007ffd79ce0000 - 0x00007ffd79d3c000 	C:\Users\Owner\AppData\Local\Temp\lwjgl_LichtMeilleur\3.4.1-snapshot\x64\lwjgl_opengl.dll
0x00007ffd65090000 - 0x00007ffd650be000 	C:\Windows\System32\IME\SHARED\imesearchdll.dll
0x00007ffd0c7e0000 - 0x00007ffd0ca82000 	C:\Windows\System32\IME\IMEJP\imjptip.dll
0x00007ffd642f0000 - 0x00007ffd64409000 	C:\Windows\System32\IME\shared\imetip.dll

JVMTI agents:
jdwp path:C:\Program Files\Java\jdk-25.0.3\bin\jdwp.dll, loaded, initialized, options:transport=dt_socket,server=n,suspend=y,address=127.0.0.1:56896
C:\Users\Owner\AppData\Local\JetBrains\IntelliJIdea2026.1\captureAgent\debugger-agent.jar path:C:\Program Files\Java\jdk-25.0.3\bin\instrument.dll, loaded, initialized, instrumentlib options:file:///C:/Users/Owner/AppData/Local/Temp/capture16944122318608684624.props

dbghelp: loaded successfully - version: 4.0.5 - missing functions: none
symbol engine: initialized successfully - sym options: 0x614 - pdb path: .;C:\Program Files\Java\jdk-25.0.3\bin;C:\WINDOWS\SYSTEM32;C:\Program Files\Norton\Suite;C:\WINDOWS\WinSxS\amd64_microsoft.windows.common-controls_6595b64144ccf1df_6.0.26100.8521_none_3e08b75ce33403b3;C:\Program Files\Java\jdk-25.0.3\bin\server;C:\Users\Owner\AppData\Local\Temp\jna--823301853;C:\Users\Owner\AppData\Local\Temp\lwjgl_LichtMeilleur\3.4.1-snapshot\x64;C:\WINDOWS\System32\DriverStore\FileRepository\nv_dispi.inf_amd64_b7cca8360c0d57e9;C:\Windows\System32\IME\IMEJP;C:\Windows\System32\IME\shared;C:\WINDOWS\system32\wbem;C:\WINDOWS\System32\Speech\Common

VM Arguments:
jvm_args: -Ddebugger.agent.enable.coroutines=true -Ddebugger.async.stack.trace.for.all.threads=true -Dfabric.dli.config=J:\minecraft@@0020orgenal@@0020mod@@0020with@@0020GPT\the_end_of_dragon\fabric\.gradle\loom-cache\launch.cfg -Dfabric.dli.env=client -Dfabric.dli.main=net.fabricmc.loader.impl.launch.knot.KnotClient -Dkotlinx.coroutines.debug.enable.creation.stack.trace=false -Dkotlinx.coroutines.debug.enable.flows.stack.trace=true -Dkotlinx.coroutines.debug.enable.mutable.state.flows.stack.trace=true --sun-misc-unsafe-memory-access=allow --enable-native-access=ALL-UNNAMED -agentlib:jdwp=transport=dt_socket,server=n,suspend=y,address=127.0.0.1:56896 -javaagent:C:\Users\Owner\AppData\Local\JetBrains\IntelliJIdea2026.1\captureAgent\debugger-agent.jar=file:///C:/Users/Owner/AppData/Local/Temp/capture16944122318608684624.props -Dfile.encoding=UTF-8 -Duser.country=JP -Duser.language=ja -Duser.variant 
java_command: net.fabricmc.devlaunchinjector.Main
java_class_path (initial): J:\minecraft orgenal mod with GPT\the_end_of_dragon\fabric\build\classes\java\client;J:\minecraft orgenal mod with GPT\the_end_of_dragon\fabric\build\resources\client;C:\Users\Owner\.gradle\caches\modules-2\files-2.1\net.fabricmc\fabric-loader\0.18.6\b823a25197a42c7f32bb904f187cd05730e8873c\fabric-loader-0.18.6.jar;C:\Users\Owner\.gradle\caches\modules-2\files-2.1\net.fabricmc.fabric-api\fabric-api\0.145.4+26.1.2\f6a5958eae1644ce8e8622b513bc6a795594675b\fabric-api-0.145.4+26.1.2.jar;C:\Users\Owner\.gradle\caches\modules-2\files-2.1\curse.maven\geckolib-388172\7806318\b0c7f6888470b521f615842219d082782b5ae816\geckolib-388172-7806318.jar;C:\Users\Owner\.gradle\caches\modules-2\files-2.1\org.ow2.asm\asm\9.9\c29635c8a7afa03d74b33c1884df8abb2b3f3dcc\asm-9.9.jar;C:\Users\Owner\.gradle\caches\modules-2\files-2.1\org.ow2.asm\asm-analysis\9.9\bf4fa6e66638851c1cd22c2caea0c3ee5d5f437\asm-analysis-9.9.jar;C:\Users\Owner\.gradle\caches\modules-2\files-2.1\org.ow2.asm\asm-commons\9.9\db9165a3bf908ded6b08612d583a15d1d0c7bda0\asm-commons-9.9.jar;C:\Users\Owner\.gradle\caches\modules-2\files-2.1\org.ow2.asm\asm-tree\9.9\f8de6eead6d24dd0f45bd065bbe112b2cda6ea21\asm-tree-9.9.jar;C:\Users\Owner\.gradle\caches\modules-2\files-2.1\org.ow2.asm\asm-util\9.9\42fdfc0508b43807c8078d6e82ecff2ce2112ae8\asm-util-9.9.jar;C:\Users\Owner\.gradle\caches\modules-2\files-2.1\net.fabricmc\sponge-mixin\0.17.0+mixin.0.8.7\cf31463202f72d03b0ef1e1e38e8ee71b7faaab6\sponge-mixin-0.17.0+mixin.0.8.7.jar;C:\Users\Owner\.gradle\caches\modules-2\files-2.1\io.github.llamalad7\mixinextras-fabric\0.5.3\8ee5af001acbc9f7970e383bdf0944d063c80f63\mixinextras-fabric-0.5.3.jar;C:\Users\Owner\.gradle\caches\modules-2\files-2.1\net.fabricmc\dev-launch-injector\0.2.1+build.8\da8bef7e6e2f952da707f282bdb46882a0fce5e3\dev-launch-injector-0.2.1+build.8.jar;C:\Users\Owner\.gradle\caches\modules-2\files-2.1\net.fabricmc\fabric-log4j-util\1.0.2\ef0b3fb613356feb75a67d54f2fad6f03a006648\fabric-log4j-util-1.0.2.jar;C:\Users\Owner\.gradle\caches\modules-2\files-2.1\at.yawk.lz4\lz4-java\1.10.1\f541d7f910fe3d76f38f799c507c48cc81b12ecb\lz4-java-1.10.1.jar;C:\Users\Owner\.gradle\caches\modules-2\files-2.1\com.azure\azure-json\1.4.0\fcc1d354dbc3e0300e5276b1bf124d0247799cd8\azure-json-1.4.0.jar;C:\Users\Owner\.gradle\caches\modules-2\files-2.1\com.github.oshi\oshi-core\6.9.0\3224870731860cfcd7744581a05b559e94291e7\oshi-core-6.9.0.jar;C:\Users\Owner\.gradle\caches\modules-2\files-2.1\com.google.code.gson\gson\2.13.2\48b8230771e573b54ce6e867a9001e75977fe78e\gson-2.13.2.jar;C:\Users\Owner\.gradle\caches\modules-2\files-2.1\com.google.guava\failureaccess\1.0.3\aeaffd00d57023a2c947393ed251f0354f0985fc\failureaccess-1.0.3.jar;C:\Users\Owner\.gradle\caches\modules-2\files-2.1\com.google.guava\guava\33.5.0-jre\8699de25f2f979108d6c1b804a7ba38cda1116bc\guava-33.5.0-jre.jar;C:\Users\Owner\.gradle\caches\modules-2\files-2.1\com.ibm.icu\icu4j\77.1\38693cf0b1d7362a8b726af74dc06026a7c23809\icu4j-77.1.jar;C:\Users\Owner\.gradle\caches\modules-2\files-2.1\com.microsoft.azure\msal4j\1.23.1\6c722b514873b24a4e1ce9c22dca36ea3c22bdbe\msal4j-1.23.1.jar;C:\Users\Owner\.gradle\caches\modules-2\files-2.1\com.mojang\authlib\7.0.63\54895b4e25e8b9b4cbbbe25f24eccf2b71b1ac2b\authlib-7.0.63.jar;C:\Users\Owner\.gradle\caches\modules-2\files-2.1\com.mojang\blocklist\1.0.10\5c685c5ffa94c4cd39496c7184c1d122e515ecef\blocklist-1.0.10.jar;C:\Users\Owner\.gradle\caches\modules-2\files-2.1\com.mojang\brigadier\1.3.10\d15b53a14cf20fdcaa98f731af5dda654452c010\brigadier-1.3.10.jar;C:\Users\Owner\.gradle\caches\modules-2\files-2.1\com.mojang\datafixerupper\9.0.19\4e91f9712fa1e83231d1501625381b0210a977da\datafixerupper-9.0.19.jar;C:\Users\Owner\.gradle\caches\modules-2\files-2.1\com.mojang\jtracy\1.0.37\a3fb649b2e2b2288d2978f0b0bc3d83f62809d1e\jtracy-1.0.37.jar;C:\Users\Owner\.gradle\caches\modules-2\files-2.1\com.mojang\jtracy\1.0.37\6ff6d710fd4ffd470f2799653fab57e27fed0c9d\jtracy-1.0.37-natives-windows.jar;C:\Users\Owner\.gradle\caches\modules-2\files-2.1\com.mojang\logging\1.6.11\fd147240733010c158249d986323f9ef98977fe\logging-1.6.11.jar;C:\Users\Owner\.gradle\caches\modules-2\files-2.1\com.mojang\patchy\2.2.10\da05971b07cbb379d002cf7eaec6a2048211fefc\patchy-2.2.10.jar;C:\Users\Owner\.gradle\caches\modules-2\files-2.1\com.mojang\text2speech\1.18.11\e853a12cdd6ba4f4836e8f4bf3b37844a13482b6\text2speech-1.18.11.jar;C:\Users\Owner\.gradle\caches\modules-2\files-2.1\commons-codec\commons-codec\1.19.0\8c0dbe3ae883fceda9b50a6c76e745e548073388\commons-codec-1.19.0.jar;C:\Users\Owner\.gradle\caches\modules-2\files-2.1\commons-io\commons-io\2.20.0\36f3474daec2849c149e877614e7f979b2082cd2\commons-io-2.20.0.jar;C:\Users\Owner\.gradle\caches\modules-2\files-2.1\io.netty\netty-buffer\4.2.7.Final\5555ff561643bf2f8430fb57c24403c0efe15994\netty-buffer-4.2.7.Final.jar;C:\Users\Owner\.gradle\caches\modules-2\files-2.1\io.netty\netty-codec-base\4.2.7.Final\915e381ebabcf115f1c7ff7032d55c48afb50210\netty-codec-base-4.2.7.Final.jar;C:\Users\Owner\.gradle\caches\modules-2\files-2.1\io.netty\netty-codec-compression\4.2.7.Final\572341bc1ca90fd9d6e47f1d2694aab5258566e9\netty-codec-compression-4.2.7.Final.jar;C:\Users\Owner\.gradle\caches\modules-2\files-2.1\io.netty\netty-codec-http\4.2.7.Final\b734c108854099c421fd94d92d9f865e4d4da853\netty-codec-http-4.2.7.Final.jar;C:\Users\Owner\.gradle\caches\modules-2\files-2.1\io.netty\netty-common\4.2.7.Final\11aa30df26af4fca3239ac1917f303a280f301e1\netty-common-4.2.7.Final.jar;C:\Users\Owner\.gradle\caches\modules-2\files-2.1\io.netty\netty-handler\4.2.7.Final\7ad8a1f851e2e6fe93cdd091871fda2b81c03b5b\netty-handler-4.2.7.Final.jar;C:\Users\Owner\.gradle\caches\modules-2\files-2.1\io.netty\netty-resolver\4.2.7.Final\5f3e5ef8de03992cd4fb46960dc0085ec1a12a12\netty-resolver-4.2.7.Final.jar;C:\Users\Owner\.gradle\caches\modules-2\files-2.1\io.netty\netty-transport-classes-epoll\4.2.7.Final\1075c09f48a78eef9d819fbfd9096b903fdd362a\netty-transport-classes-epoll-4.2.7.Final.jar;C:\Users\Owner\.gradle\caches\modules-2\files-2.1\io.netty\netty-transport-classes-kqueue\4.2.7.Final\bdec7c23c75caabd848426d073c09568e8d5f94e\netty-transport-classes-kqueue-4.2.7.Final.jar;C:\Users\Owner\.gradle\caches\modules-2\files-2.1\io.netty\netty-transport-native-unix-common\4.2.7.Final\89953f04259ea7502cffb313630dd51e00e60669\netty-transport-native-unix-common-4.2.7.Final.jar;C:\Users\Owner\.gradle\caches\modules-2\files-2.1\io.netty\netty-transport\4.2.7.Final\83ea548981d0d8c4a98027cc1a6f9624f902e142\netty-transport-4.2.7.Final.jar;C:\Users\Owner\.gradle\caches\modules-2\files-2.1\it.unimi.dsi\fastutil\8.5.18\a6cff377eecc19c2037bf31568a6d7106b50ba1f\fastutil-8.5.18.jar;C:\Users\Owner\.gradle\caches\modules-2\files-2.1\net.java.dev.jna\jna-platform\5.17.0\a4934c44d25a9d8c2ddf4203affd20330cb3426f\jna-platform-5.17.0.jar;C:\Users\Owner\.gradle\caches\modules-2\files-2.1\net.java.dev.jna\jna\5.17.0\33d12735bef894440780fce64f9758d420c7bae2\jna-5.17.0.jar;C:\Users\Owner\.gradle\caches\modules-2\files-2.1\net.sf.jopt-simple\jopt-simple\5.0.4\4fdac2fbe92dfad86aa6e9301736f6b4342a3f5c\jopt-simple-5.0.4.jar;C:\Users\Owner\.gradle\caches\modules-2\files-2.1\org.apache.commons\commons-compress\1.28.0\e482f2c7a88dac3c497e96aa420b6a769f59c8d7\commons-compress-1.28.0.jar;C:\Users\Owner\.gradle\caches\modules-2\files-2.1\org.apache.commons\commons-lang3\3.19.0\d6524b169a6574cd253760c472d419b47bfd37e6\commons-lang3-3.19.0.jar;C:\Users\Owner\.gradle\caches\modules-2\files-2.1\org.apache.logging.log4j\log4j-api\2.25.2\292c1a2b1702f1e1e3adb13e1c57e5bff60335ff\log4j-api-2.25.2.jar;C:\Users\Owner\.gradle\caches\modules-2\files-2.1\org.apache.logging.log4j\log4j-core\2.25.2\d4d0ad2e51e03e531f784891fbfff1bae1e13a12\log4j-core-2.25.2.jar;C:\Users\Owner\.gradle\caches\modules-2\files-2.1\org.apache.logging.log4j\log4j-slf4j2-impl\2.25.2\5eec0c392661dee8a366baec17e8896900dd978f\log4j-slf4j2-impl-2.25.2.jar;C:\Users\Owner\.gradle\caches\modules-2\files-2.1\org.jcraft\jorbis\0.0.17\8872d22b293e8f5d7d56ff92be966e6dc28ebdc6\jorbis-0.0.17.jar;C:\Users\Owner\.gradle\caches\modules-2\files-2.1\org.joml\joml\1.10.8\fc0a71dad90a2cf41d82a76156a0e700af8e4f8d\joml-1.10.8.jar;C:\Users\Owner\.gradle\caches\modules-2\files-2.1\org.jspecify\jspecify\1.0.0\7425a601c1c7ec76645a78d22b8c6a627edee507\jspecify-1.0.0.jar;C:\Users\Owner\.gradle\caches\modules-2\files-2.1\org.lwjgl\lwjgl-freetype\3.4.1\caa75a37e857efc9b0686e434d708d6420c5b6ea\lwjgl-freetype-3.4.1.jar;C:\Users\Owner\.gradle\caches\modules-2\files-2.1\org.lwjgl\lwjgl-freetype\3.4.1\32fc9cfd236aca5433d53af78bfb15f1b4c1103e\lwjgl-freetype-3.4.1-natives-windows.jar;C:\Users\Owner\.gradle\caches\modules-2\files-2.1\org.lwjgl\lwjgl-freetype\3.4.1\a677b4a7bba84f925b4cc4f52a58c5248974bdeb\lwjgl-freetype-3.4.1-natives-windows-arm64.jar;C:\Users\Owner\.gradle\caches\modules-2\files-2.1\org.lwjgl\lwjgl-freetype\3.4.1\81431d868bcf162d4c915b9c39b2c7aae155ad4f\lwjgl-freetype-3.4.1-natives-windows-x86.jar;C:\Users\Owner\.gradle\caches\modules-2\files-2.1\org.lwjgl\lwjgl-glfw\3.4.1\a782b1ddd175c9107bf300fd92920579ea65e2a4\lwjgl-glfw-3.4.1.jar;C:\Users\Owner\.gradle\caches\modules-2\files-2.1\org.lwjgl\lwjgl-glfw\3.4.1\2eb4aa895ea190ba8cf4356f8cea24d3ebb40ea1\lwjgl-glfw-3.4.1-natives-windows.jar;C:\Users\Owner\.gradle\caches\modules-2\files-2.1\org.lwjgl\lwjgl-glfw\3.4.1\196101d96d9b2aa73264a96ae1dc8944a1446cee\lwjgl-glfw-3.4.1-natives-windows-arm64.jar;C:\Users\Owner\.gradle\caches\modules-2\files-2.1\org.lwjgl\lwjgl-glfw\3.4.1\a48bbdd544f00c88f8906e9d09e3f31bc1c17fac\lwjgl-glfw-3.4.1-natives-windows-x86.jar;C:\Users\Owner\.gradle\caches\modules-2\files-2.1\org.lwjgl\lwjgl-jemalloc\3.4.1\16b663092854fc6adfe0a941e61cae2bb2e437b6\lwjgl-jemalloc-3.4.1.jar;C:\Users\Owner\.gradle\caches\modules-2\files-2.1\org.lwjgl\lwjgl-jemalloc\3.4.1\70db8048d1aca8a6365f46f9963b8d6cd77b9e94\lwjgl-jemalloc-3.4.1-natives-windows.jar;C:\Users\Owner\.gradle\caches\modules-2\files-2.1\org.lwjgl\lwjgl-jemalloc\3.4.1\662e0926dd990f679e1cfb31d710d22d175bdabc\lwjgl-jemalloc-3.4.1-natives-windows-arm64.jar;C:\Users\Owner\.gradle\caches\modules-2\files-2.1\org.lwjgl\lwjgl-jemalloc\3.4.1\d8cf69e1155df83260f9bbe01944fe91f8ca3955\lwjgl-jemalloc-3.4.1-natives-windows-x86.jar;C:\Users\Owner\.gradle\caches\modules-2\files-2.1\org.lwjgl\lwjgl-openal\3.4.1\8508bd60589de0539aa465b78fcf838efd07ae9a\lwjgl-openal-3.4.1.jar;C:\Users\Owner\.gradle\caches\modules-2\files-2.1\org.lwjgl\lwjgl-openal\3.4.1\8e83fdfdf65c80c9877c6fb6cb645d239ed7638\lwjgl-openal-3.4.1-natives-windows.jar;C:\Users\Owner\.gradle\caches\modules-2\files-2.1\org.lwjgl\lwjgl-openal\3.4.1\4b996cc3321a807ee34e7ce53aba7fe529dc485a\lwjgl-openal-3.4.1-natives-windows-arm64.jar;C:\Users\Owner\.gradle\caches\modules-2\files-2.1\org.lwjgl\lwjgl-openal\3.4.1\9e4bab87e9b89876fa77ea3c19e1b45334b97c10\lwjgl-openal-3.4.1-natives-windows-x86.jar;C:\Users\Owner\.gradle\caches\modules-2\files-2.1\org.lwjgl\lwjgl-opengl\3.4.1\830412cab823c029cda6b9729f9d2ed36cf79959\lwjgl-opengl-3.4.1.jar;C:\Users\Owner\.gradle\caches\modules-2\files-2.1\org.lwjgl\lwjgl-opengl\3.4.1\617f37ef4e2ffb727bd5e74333e8073ef43ca1ec\lwjgl-opengl-3.4.1-natives-windows.jar;C:\Users\Owner\.gradle\caches\modules-2\files-2.1\org.lwjgl\lwjgl-opengl\3.4.1\4b6a9c5d7d5325312b740d9886087b7292b43bf9\lwjgl-opengl-3.4.1-natives-windows-arm64.jar;C:\Users\Owner\.gradle\caches\modules-2\files-2.1\org.lwjgl\lwjgl-opengl\3.4.1\cfd47352b758a0c9f7046de467b103182ec77eb1\lwjgl-opengl-3.4.1-natives-windows-x86.jar;C:\Users\Owner\.gradle\caches\modules-2\files-2.1\org.lwjgl\lwjgl-stb\3.4.1\f077c3dafc31924fbe8acb0b913f08977ba27f8e\lwjgl-stb-3.4.1.jar;C:\Users\Owner\.gradle\caches\modules-2\files-2.1\org.lwjgl\lwjgl-stb\3.4.1\b4e13ece83c228ecf57354639d8555076a989d74\lwjgl-stb-3.4.1-natives-windows.jar;C:\Users\Owner\.gradle\caches\modules-2\files-2.1\org.lwjgl\lwjgl-stb\3.4.1\7f4c39b3d56c7bae4900ee6e59d8f75432bdb18f\lwjgl-stb-3.4.1-natives-windows-arm64.jar;C:\Users\Owner\.gradle\caches\modules-2\files-2.1\org.lwjgl\lwjgl-stb\3.4.1\e091cd3b25ab7db88f0e34a0d2797dc396a528fa\lwjgl-stb-3.4.1-natives-windows-x86.jar;C:\Users\Owner\.gradle\caches\modules-2\files-2.1\org.lwjgl\lwjgl-tinyfd\3.4.1\562697d40dbd2ed0424bf24dcf65d51170f81adf\lwjgl-tinyfd-3.4.1.jar;C:\Users\Owner\.gradle\caches\modules-2\files-2.1\org.lwjgl\lwjgl-tinyfd\3.4.1\bdd8c03151cc94460247986f843d134ae8f9406a\lwjgl-tinyfd-3.4.1-natives-windows.jar;C:\Users\Owner\.gradle\caches\modules-2\files-2.1\org.lwjgl\lwjgl-tinyfd\3.4.1\9c93b8211856bfe682f3225ccac811e74243f98e\lwjgl-tinyfd-3.4.1-natives-windows-arm64.jar;C:\Users\Owner\.gradle\caches\modules-2\files-2.1\org.lwjgl\lwjgl-tinyfd\3.4.1\f585da74a17695ba38351697712c03784ee1348b\lwjgl-tinyfd-3.4.1-natives-windows-x86.jar;C:\Users\Owner\.gradle\caches\modules-2\files-2.1\org.lwjgl\lwjgl\3.4.1\6105690714874b995aa7812e4f7732a21109276c\lwjgl-3.4.1.jar;C:\Users\Owner\.gradle\caches\modules-2\files-2.1\org.lwjgl\lwjgl\3.4.1\96a217f0428ab73487f114a54179a4f41e851a04\lwjgl-3.4.1-natives-windows.jar;C:\Users\Owner\.gradle\caches\modules-2\files-2.1\org.lwjgl\lwjgl\3.4.1\d1d3a7052da47ccde2a5fdf3a1bd45d801c3157c\lwjgl-3.4.1-natives-windows-arm64.jar;C:\Users\Owner\.gradle\caches\modules-2\files-2.1\org.lwjgl\lwjgl\3.4.1\65de43bd52507e108a58247c0da57a50ce3ee6f6\lwjgl-3.4.1-natives-windows-x86.jar;C:\Users\Owner\.gradle\caches\modules-2\files-2.1\org.slf4j\slf4j-api\2.0.17\d9e58ac9c7779ba3bf8142aff6c830617a7fe60f\slf4j-api-2.0.17.jar;J:\minecraft orgenal mod with GPT\the_end_of_dragon\.gradle\loom-cache\minecraftMaven\net\minecraft\minecraft-clientOnly-39a6175d73\26.1.2\minecraft-clientOnly-39a6175d73-26.1.2.jar;J:\minecraft orgenal mod with GPT\the_end_of_dragon\.gradle\loom-cache\minecraftMaven\net\minecraft\minecraft-common-39a6175d73\26.1.2\minecraft-common-39a6175d73-26.1.2.jar;C:\Users\Owner\.gradle\caches\modules-2\files-2.1\io.netty\netty-transport-native-epoll\4.2.7.Final\e83998bfc10b5289d9bcbe807c4079ef0eed8e6f\netty-transport-native-epoll-4.2.7.Final-linux-x86_64.jar;C:\Users\Owner\.gradle\caches\modules-2\files-2.1\io.netty\netty-transport-native-epoll\4.2.7.Final\98d02251c98c8f07a23ac5ea27657d9e0ef57614\netty-transport-native-epoll-4.2.7.Final-linux-aarch_64.jar;C:\Users\Owner\.gradle\caches\modules-2\files-2.1\io.netty\netty-transport-native-kqueue\4.2.7.Final\40868fd4e43bce2798245f790624b58803dc26b6\netty-transport-native-kqueue-4.2.7.Final-osx-x86_64.jar;C:\Users\Owner\.gradle\caches\modules-2\files-2.1\io.netty\netty-transport-native-kqueue\4.2.7.Final\e5a0feef41410c8a5ae00c6cb4e0c99bd0aded6a\netty-transport-native-kqueue-4.2.7.Final-osx-aarch_64.jar;C:\Users\Owner\.gradle\caches\modules-2\files-2.1\net.fabricmc.fabric-api\fabric-transfer-api-v1\8.0.2+d871b99e39\91b9b1733feeb9234602e11b6144d2bc019bf4b0\fabric-transfer-api-v1-8.0.2+d871b99e39.jar;C:\Users\Owner\.gradle\caches\modules-2\files-2.1\net.fabricmc.fabric-api\fabric-api-lookup-api-v1\2.0.10+d5a053b639\b961c1555ea0947153d6b2d0138f7181b88747d\fabric-api-lookup-api-v1-2.0.10+d5a053b639.jar;C:\Users\Owner\.gradle\caches\modules-2\files-2.1\net.fabricmc.fabric-api\fabric-command-api-v2\3.0.5+e2bdee7839\10548ff2b7c417dfd62d46f7997bcab48f3853cd\fabric-command-api-v2-3.0.5+e2bdee7839.jar;C:\Users\Owner\.gradle\caches\modules-2\files-2.1\net.fabricmc.fabric-api\fabric-content-registries-v0\11.0.12+d871b99e39\d1463c10d511d2542482173d339e9cf5709043bd\fabric-content-registries-v0-11.0.12+d871b99e39.jar;C:\Users\Owner\.gradle\caches\modules-2\files-2.1\net.fabricmc.fabric-api\fabric-data-generation-api-v1\24.0.17+35c80edc39\d9f07782c42dbde190d6c07099d529ede41680a6\fabric-data-generation-api-v1-24.0.17+35c80edc39.jar;C:\Users\Owner\.gradle\caches\modules-2\files-2.1\net.fabricmc.fabric-api\fabric-convention-tags-v2\4.3.2+c37e6e5f39\4f46111a925877d1559c41f03223f06b4da3a715\fabric-convention-tags-v2-4.3.2+c37e6e5f39.jar;C:\Users\Owner\.gradle\caches\modules-2\files-2.1\net.fabricmc.fabric-api\fabric-creative-tab-api-v1\5.0.10+d871b99e39\8632530aae80afe84e60adcea9eed6d6e565df95\fabric-creative-tab-api-v1-5.0.10+d871b99e39.jar;C:\Users\Owner\.gradle\caches\modules-2\files-2.1\net.fabricmc.fabric-api\fabric-data-attachment-api-v1\2.2.3+d602a89639\e84f7afd85bb086cdc440e6e6a683a0cbb8b923d\fabric-data-attachment-api-v1-2.2.3+d602a89639.jar;C:\Users\Owner\.gradle\caches\modules-2\files-2.1\net.fabricmc.fabric-api\fabric-debug-api-v1\1.0.1+c792624d39\b9791fbdbee04e19b22683871085a2afa77ffd59\fabric-debug-api-v1-1.0.1+c792624d39.jar;C:\Users\Owner\.gradle\caches\modules-2\files-2.1\net.fabricmc.fabric-api\fabric-dimensions-v1\5.1.4+9cbf5da539\dbdfd36291b0d22031c64e1e55f8a2cb283e9337\fabric-dimensions-v1-5.1.4+9cbf5da539.jar;C:\Users\Owner\.gradle\caches\modules-2\files-2.1\net.fabricmc.fabric-api\fabric-entity-events-v1\5.0.2+e2bdee7839\4351ed2fcdfa0c8b7a3d2c36a46670ed461af3a0\fabric-entity-events-v1-5.0.2+e2bdee7839.jar;C:\Users\Owner\.gradle\caches\modules-2\files-2.1\net.fabricmc.fabric-api\fabric-events-interaction-v0\5.1.10+c82f046139\9b5b7d40f9bda0a9eb0ed595974c63bd077a2d23\fabric-events-interaction-v0-5.1.10+c82f046139.jar;C:\Users\Owner\.gradle\caches\modules-2\files-2.1\net.fabricmc.fabric-api\fabric-game-rule-api-v1\4.0.5+d871b99e39\a130ffc8d2f8d0966ff05742ee57d3f0b78289fc\fabric-game-rule-api-v1-4.0.5+d871b99e39.jar;C:\Users\Owner\.gradle\caches\modules-2\files-2.1\net.fabricmc.fabric-api\fabric-gametest-api-v1\4.0.13+00a1fba639\864fbcf8c4e74aa776fd06b5c11dc64bc31c860f\fabric-gametest-api-v1-4.0.13+00a1fba639.jar;C:\Users\Owner\.gradle\caches\modules-2\files-2.1\net.fabricmc.fabric-api\fabric-item-api-v1\14.1.0+9833182c39\8d76358ee41a297970aa5efbb3057e2e04d83e5d\fabric-item-api-v1-14.1.0+9833182c39.jar;C:\Users\Owner\.gradle\caches\modules-2\files-2.1\net.fabricmc.fabric-api\fabric-recipe-api-v1\9.0.13+be4b75ae39\8d5c45b18cc18cce01efb54835fa9ac09a4fe208\fabric-recipe-api-v1-9.0.13+be4b75ae39.jar;C:\Users\Owner\.gradle\caches\modules-2\files-2.1\net.fabricmc.fabric-api\fabric-model-loading-api-v1\8.0.3+c80601bb39\19ef8dab4660d06bd26357024e2733924ae4cdb\fabric-model-loading-api-v1-8.0.3+c80601bb39.jar;C:\Users\Owner\.gradle\caches\modules-2\files-2.1\net.fabricmc.fabric-api\fabric-renderer-indigo\8.0.2+a6be36ef39\3abc5ae5f10b05a08db6a9dca31b6bfb59971fb\fabric-renderer-indigo-8.0.2+a6be36ef39.jar;C:\Users\Owner\.gradle\caches\modules-2\files-2.1\net.fabricmc.fabric-api\fabric-renderer-api-v1\13.0.0+c80601bb39\c3e8c145aeee55f2e76c45718af25b0817be4584\fabric-renderer-api-v1-13.0.0+c80601bb39.jar;C:\Users\Owner\.gradle\caches\modules-2\files-2.1\net.fabricmc.fabric-api\fabric-rendering-v1\23.0.4+c7e428fd39\775fd4c6c91d75439ea3fe9fbb80aedb26d43763\fabric-rendering-v1-23.0.4+c7e428fd39.jar;C:\Users\Owner\.gradle\caches\modules-2\files-2.1\net.fabricmc.fabric-api\fabric-lifecycle-events-v1\4.0.6+a9b9c17639\1391e6ce52ad05c3ef51ec461ce31ed05b32e3b8\fabric-lifecycle-events-v1-4.0.6+a9b9c17639.jar;C:\Users\Owner\.gradle\caches\modules-2\files-2.1\net.fabricmc.fabric-api\fabric-loot-api-v3\3.0.11+00a1fba639\bb18f62d32df09d49d392f24fc59735c15782335\fabric-loot-api-v3-3.0.11+00a1fba639.jar;C:\Users\Owner\.gradle\caches\modules-2\files-2.1\net.fabricmc.fabric-api\fabric-menu-api-v1\2.0.12+d871b99e39\8e260bcc1209af6e41c575e7080a435cc280f6cf\fabric-menu-api-v1-2.0.12+d871b99e39.jar;C:\Users\Owner\.gradle\caches\modules-2\files-2.1\net.fabricmc.fabric-api\fabric-message-api-v1\7.0.5+dae8ce3e39\dd4aa0822a0e10f5c94aa2f1120cd90d49b937b3\fabric-message-api-v1-7.0.5+dae8ce3e39.jar;C:\Users\Owner\.gradle\caches\modules-2\files-2.1\net.fabricmc.fabric-api\fabric-particles-v1\5.0.14+b61fef4339\884817fa132fdbe59f7d17d374ca8c3db1731421\fabric-particles-v1-5.0.14+b61fef4339.jar;C:\Users\Owner\.gradle\caches\modules-2\files-2.1\net.fabricmc.fabric-api\fabric-object-builder-api-v1\23.0.13+b61fef4339\975f55b99405c8abb185661b289eb0e0686e9f4d\fabric-object-builder-api-v1-23.0.13+b61fef4339.jar;C:\Users\Owner\.gradle\caches\modules-2\files-2.1\net.fabricmc.fabric-api\fabric-registry-sync-v0\7.0.12+b61fef4339\be9ab6b5c123d594360b98fec40bed07d6dbe35\fabric-registry-sync-v0-7.0.12+b61fef4339.jar;C:\Users\Owner\.gradle\caches\modules-2\files-2.1\net.fabricmc.fabric-api\fabric-networking-api-v1\6.3.0+50a808ce39\98c91c80f1bb156ea293343a581abd747120b8d\fabric-networking-api-v1-6.3.0+50a808ce39.jar;C:\Users\Owner\.gradle\caches\modules-2\files-2.1\net.fabricmc.fabric-api\fabric-rendering-fluids-v1\6.0.1+d871b99e39\b9c07322aad9f74508b9996b01049822a8f2fd61\fabric-rendering-fluids-v1-6.0.1+d871b99e39.jar;C:\Users\Owner\.gradle\caches\modules-2\files-2.1\net.fabricmc.fabric-api\fabric-tag-api-v1\2.0.9+11a26f3139\2db761550726f440cec4e7203e1ba407fe7f1eca\fabric-tag-api-v1-2.0.9+11a26f3139.jar;C:\Users\Owner\.gradle\caches\modules-2\files-2.1\net.fabricmc.fabric-api\fabric-resource-loader-v0\3.3.16+4fc5413f39\a01c1e5b66047a2177866ef6c1968986f1ed528b\fabric-resource-loader-v0-3.3.16+4fc5413f39.jar;C:\Users\Owner\.gradle\caches\modules-2\files-2.1\net.fabricmc.fabric-api\fabric-resource-loader-v1\2.0.9+d871b99e39\65c314cfd24c9f50821686d05e5b18b569ec51ab\fabric-resource-loader-v1-2.0.9+d871b99e39.jar;C:\Users\Owner\.gradle\caches\modules-2\files-2.1\net.fabricmc.fabric-api\fabric-screen-api-v1\5.0.1+d871b99e39\1f5bc27c49357d4e22df816a476ffbbbff3f97b6\fabric-screen-api-v1-5.0.1+d871b99e39.jar;C:\Users\Owner\.gradle\caches\modules-2\files-2.1\net.fabricmc.fabric-api\fabric-api-base\2.0.3+ece0632339\5c9f61de9a3f982deec09f2f345d8aea1d0e1d7d\fabric-api-base-2.0.3+ece0632339.jar;C:\Users\Owner\.gradle\caches\modules-2\files-2.1\net.fabricmc.fabric-api\fabric-biome-api-v1\18.0.4+35c80edc39\cc953874bea507821c78f9e06be59ad2a13c2a9d\fabric-biome-api-v1-18.0.4+35c80edc39.jar;C:\Users\Owner\.gradle\caches\modules-2\files-2.1\net.fabricmc.fabric-api\fabric-block-api-v1\3.0.2+ec56b60139\85d612b2032b95f4709835fc6a7b28bec10ba819\fabric-block-api-v1-3.0.2+ec56b60139.jar;C:\Users\Owner\.gradle\caches\modules-2\files-2.1\net.fabricmc.fabric-api\fabric-block-getter-api-v2\2.0.6+ec56b60139\fb8fc18856e44b16b31e7a394f249b849b4b88ed\fabric-block-getter-api-v2-2.0.6+ec56b60139.jar;C:\Users\Owner\.gradle\caches\modules-2\files-2.1\net.fabricmc.fabric-api\fabric-client-gametest-api-v1\5.0.14+9c21967139\8f823f915f695247b5a9f1a03c2dd3cef027958c\fabric-client-gametest-api-v1-5.0.14+9c21967139.jar;C:\Users\Owner\.gradle\caches\modules-2\files-2.1\net.fabricmc.fabric-api\fabric-crash-report-info-v1\1.0.3+9f78a5a839\aac6fe7e043507af39bbe857b12b469cf91f3848\fabric-crash-report-info-v1-1.0.3+9f78a5a839.jar;C:\Users\Owner\.gradle\caches\modules-2\files-2.1\net.fabricmc.fabric-api\fabric-key-mapping-api-v1\2.0.4+e2bdee7839\1b1e4d6c551f2140827b9ed16478cadb8c81633a\fabric-key-mapping-api-v1-2.0.4+e2bdee7839.jar;C:\Users\Owner\.gradle\caches\modules-2\files-2.1\net.fabricmc.fabric-api\fabric-resource-conditions-api-v1\6.0.5+00a1fba639\838cfa9d7709a518263d7cac4f9eb2d3e5ea7e6d\fabric-resource-conditions-api-v1-6.0.5+00a1fba639.jar;C:\Users\Owner\.gradle\caches\modules-2\files-2.1\net.fabricmc.fabric-api\fabric-serialization-api-v1\2.0.3+11a26f3139\a4dad7cf50e6727879ebab013f947c078d9e6779\fabric-serialization-api-v1-2.0.3+11a26f3139.jar;C:\Users\Owner\.gradle\caches\modules-2\files-2.1\net.fabricmc.fabric-api\fabric-sound-api-v1\2.0.4+11a26f3139\29db65b5994288adbb30e50af802904beb968387\fabric-sound-api-v1-2.0.4+11a26f3139.jar;C:\Users\Owner\.gradle\caches\modules-2\files-2.1\net.fabricmc.fabric-api\fabric-transitive-access-wideners-v1\8.0.11+d871b99e39\f7b531d31939d10a244b3164624a93786df0b784\fabric-transitive-access-wideners-v1-8.0.11+d871b99e39.jar;J:\minecraft orgenal mod with GPT\the_end_of_dragon\fabric\build\classes\java\main;J:\minecraft orgenal mod with GPT\the_end_of_dragon\fabric\build\resources\main
Launcher Type: SUN_STANDARD

[Global flags]
     intx CICompilerCount                          = 12                                        {product} {ergonomic}
     uint ConcGCThreads                            = 5                                         {product} {ergonomic}
     uint G1ConcRefinementThreads                  = 20                                        {product} {ergonomic}
   size_t G1HeapRegionSize                         = 8388608                                   {product} {ergonomic}
   size_t InitialHeapSize                          = 1073741824                                {product} {ergonomic}
   size_t MarkStackSize                            = 4194304                                   {product} {ergonomic}
   size_t MarkStackSizeMax                         = 536870912                                 {product} {ergonomic}
   size_t MaxHeapSize                              = 17129537536                               {product} {ergonomic}
   size_t MaxNewSize                               = 10276044800                               {product} {ergonomic}
   size_t MinHeapDeltaBytes                        = 8388608                                   {product} {ergonomic}
   size_t MinHeapSize                              = 8388608                                   {product} {ergonomic}
    uintx NonNMethodCodeHeapSize                   = 7602176                                {pd product} {ergonomic}
    uintx NonProfiledCodeHeapSize                  = 122093568                              {pd product} {ergonomic}
    uintx ProfiledCodeHeapSize                     = 121962496                              {pd product} {ergonomic}
    uintx ReservedCodeCacheSize                    = 251658240                              {pd product} {ergonomic}
     bool SegmentedCodeCache                       = true                                      {product} {ergonomic}
   size_t SoftMaxHeapSize                          = 17129537536                            {manageable} {ergonomic}
     bool UseCompressedOops                        = true                           {product lp64_product} {ergonomic}
     bool UseG1GC                                  = true                                      {product} {ergonomic}
     bool UseLargePagesIndividualAllocation        = false                                  {pd product} {ergonomic}

Logging:
Log output configuration:
 #0: stdout all=warning uptime,level,tags foldmultilines=false
 #1: stderr all=off uptime,level,tags foldmultilines=false

Release file:
IMPLEMENTOR="Oracle Corporation" 
JAVA_RUNTIME_VERSION="25.0.3+9-LTS-195" 
JAVA_VERSION="25.0.3" 
JAVA_VERSION_DATE="2026-04-21" 
LIBC="default" 
MODULES="java.base java.compiler java.datatransfer java.xml java.prefs java.desktop java.instrument java.logging java.management java.security.sasl java.naming java.rmi java.management.rmi java.net.http java.scripting java.security.jgss java.transaction.xa java.sql java.sql.rowset java.xml.crypto java.se java.smartcardio jdk.accessibility jdk.internal.jvmstat jdk.attach jdk.charsets jdk.internal.opt jdk.zipfs jdk.compiler jdk.crypto.cryptoki jdk.crypto.ec jdk.crypto.mscapi jdk.dynalink jdk.internal.ed jdk.editpad jdk.internal.vm.ci jdk.graal.compiler jdk.graal.compiler.management jdk.hotspot.agent jdk.httpserver jdk.incubator.vector jdk.internal.le jdk.internal.md jdk.jartool jdk.javadoc jdk.jcmd jdk.management jdk.management.agent jdk.jconsole jdk.jdeps jdk.jdwp.agent jdk.jdi jdk.jfr jdk.jlink jdk.jpackage jdk.jshell jdk.jsobject jdk.jstatd jdk.localedata jdk.management.jfr jdk.naming.dns jdk.naming.rmi jdk.net jdk.nio.mapmode jdk.sctp jdk.security.auth jdk.security.jgss jdk.unsupported jdk.unsupported.desktop jdk.xml.dom" 
OS_ARCH="x86_64" 
OS_NAME="Windows" 
SOURCE=".:git:bf167394bb46 open:git:e57ac4c1e765" 

Environment Variables:
PATH=C:\Program Files\Common Files\Oracle\Java\javapath;C:\Windows\system32;C:\Windows;C:\Windows\System32\Wbem;C:\Windows\System32\WindowsPowerShell\v1.0\;C:\Windows\System32\OpenSSH\;C:\Program Files (x86)\NVIDIA Corporation\PhysX\Common;C:\WINDOWS\system32;C:\WINDOWS;C:\WINDOWS\System32\Wbem;C:\WINDOWS\System32\WindowsPowerShell\v1.0\;C:\WINDOWS\System32\OpenSSH\;C:\Program Files\Microsoft SQL Server\150\Tools\Binn\;C:\Program Files\Microsoft SQL Server\Client SDK\ODBC\170\Tools\Binn\;C:\Program Files\dotnet\;C:\Program Files (x86)\Windows Kits\10\Windows Performance Toolkit\;C:\Program Files\Git\cmd;C:\Program Files\NVIDIA Corporation\NVIDIA App\NvDLISR;C:\Users\Owner\AppData\Local\Programs\Eclipse Adoptium\jdk-21.0.6.7-hotspot\bin;C:\Users\Owner\AppData\Local\Microsoft\WindowsApps;C:\Users\Owner\AppData\Local\Programs\Microsoft VS Code\bin;C:\Users\Owner\.dotnet\tools;C:\Program Files\JetBrains\IntelliJ IDEA 2026.1\bin
USERNAME=LichtMeilleur
OS=Windows_NT
PROCESSOR_IDENTIFIER=Intel64 Family 6 Model 183 Stepping 1, GenuineIntel
TMP=C:\Users\Owner\AppData\Local\Temp
TEMP=C:\Users\Owner\AppData\Local\Temp




Compilation memory statistics disabled.

Periodic native trim disabled

---------------  S Y S T E M  ---------------

OS:
 Windows 11 , 64 bit Build 26100 (10.0.26100.8521)
OS uptime: 7 days 13:19 hours

CPU: total 28 (initial active 28) (14 cores per cpu, 2 threads per core) family 6 model 183 stepping 1 microcode 0x120, cx8, cmov, fxsr, ht, mmx, 3dnowpref, sse, sse2, sse3, ssse3, sse4.1, sse4.2, popcnt, lzcnt, tsc, tscinvbit, avx, avx2, aes, erms, clmul, bmi1, bmi2, adx, sha, fma, vzeroupper, clflush, clflushopt, clwb, serialize, rdtscp, rdpid, fsrm, gfni, f16c, pku, cet_ibt, cet_ss
Processor Information for the first 28 processors :
  Max Mhz: 3400, Current Mhz: 3400, Mhz Limit: 3400

Memory: 4k page, system-wide physical 65312M (11536M free)
TotalPageFile size 120608M (AvailPageFile size 52721M)
current process WorkingSet (physical memory assigned to process): 1417M, peak: 1426M
current process commit charge ("private bytes"): 1902M, peak: 1912M

vm_info: Java HotSpot(TM) 64-Bit Server VM (25.0.3+9-LTS-195) for windows-amd64 JRE (25.0.3+9-LTS-195), built on 2026-03-11T00:20:00Z with MS VC++ 17.13 (VS2022)

END.
