#
# A fatal error has been detected by the Java Runtime Environment:
#
#  EXCEPTION_ACCESS_VIOLATION (0xc0000005) at pc=0x00007ffce87d001f, pid=36004, tid=37640
#
# JRE version: Java(TM) SE Runtime Environment (25.0.3+9) (build 25.0.3+9-LTS-195)
# Java VM: Java HotSpot(TM) 64-Bit Server VM (25.0.3+9-LTS-195, mixed mode, sharing, tiered, compressed oops, compressed class ptrs, g1 gc, windows-amd64)
# Problematic frame:
# V  [jvm.dll+0x72001f]
#
# No core dump will be written. Minidumps are not enabled by default on client versions of Windows
#
# If you would like to submit a bug report, please visit:
#   https://bugreport.java.com/bugreport/crash.jsp
#

---------------  S U M M A R Y ------------

Command Line: -Ddebugger.agent.enable.coroutines=true -Ddebugger.async.stack.trace.for.all.threads=true -Dfabric.dli.config=J:\minecraft@@0020orgenal@@0020mod@@0020with@@0020GPT\the_end_of_dragon\fabric\.gradle\loom-cache\launch.cfg -Dfabric.dli.env=client -Dfabric.dli.main=net.fabricmc.loader.impl.launch.knot.KnotClient -Dkotlinx.coroutines.debug.enable.creation.stack.trace=false -Dkotlinx.coroutines.debug.enable.flows.stack.trace=true -Dkotlinx.coroutines.debug.enable.mutable.state.flows.stack.trace=true --sun-misc-unsafe-memory-access=allow --enable-native-access=ALL-UNNAMED -agentlib:jdwp=transport=dt_socket,server=n,suspend=y,address=127.0.0.1:58224 -javaagent:C:\Users\Owner\AppData\Local\JetBrains\IntelliJIdea2026.1\captureAgent\debugger-agent.jar=file:///C:/Users/Owner/AppData/Local/Temp/capture7158545691210261313.props -Dfile.encoding=UTF-8 -Duser.country=JP -Duser.language=ja -Duser.variant net.fabricmc.devlaunchinjector.Main

Host: Intel(R) Core(TM) i7-14700K, 28 cores, 63G,  Windows 11 , 64 bit Build 26100 (10.0.26100.8521)
Time: Fri Jul  3 17:13:08 2026 elapsed time: 23.412102 seconds (0d 0h 0m 23s)

---------------  T H R E A D  ---------------

Current thread (0x0000027fb03641f0):  JavaThread "C2 CompilerThread6" daemon [_thread_in_native, id=37640, stack(0x000000a49cd00000,0x000000a49ce00000) (1024K)]


Current CompileTask:
C2:23412 31098   !   4       net.minecraft.world.level.block.state.properties.IntegerProperty::getValue (40 bytes)

Stack: [0x000000a49cd00000,0x000000a49ce00000],  sp=0x000000a49cdfcc40,  free space=1011k
Native frames: (J=compiled Java code, j=interpreted, Vv=VM code, C=native code)
V  [jvm.dll+0x72001f]  (no source info available)
V  [jvm.dll+0x71fbfa]  (no source info available)
V  [jvm.dll+0x720009]  (no source info available)
V  [jvm.dll+0x71fbfa]  (no source info available)
V  [jvm.dll+0x725d7f]  (no source info available)
V  [jvm.dll+0x726d49]  (no source info available)
V  [jvm.dll+0x725008]  (no source info available)
V  [jvm.dll+0x2c09b5]  (no source info available)
V  [jvm.dll+0x2bfcff]  (no source info available)
V  [jvm.dll+0x237b20]  (no source info available)
V  [jvm.dll+0x2cfe26]  (no source info available)
V  [jvm.dll+0x2ce0a5]  (no source info available)
V  [jvm.dll+0x48ee81]  (no source info available)
V  [jvm.dll+0x907c6d]  (no source info available)
V  [jvm.dll+0x7a6345]  (no source info available)
C  [ucrtbase.dll+0x2cd30]  (no source info available)
C  [KERNEL32.DLL+0x2e957]  (no source info available)
C  [ntdll.dll+0x87c1c]  (no source info available)


siginfo: EXCEPTION_ACCESS_VIOLATION (0xc0000005), writing address 0x000000a461631615


Registers:
RAX=0x0000027fc6a57818, RBX=0x000000a49cdfcd50, RCX=0x0000027fc6a577d8, RDX=0x0000027ff48ca628
RSP=0x000000a49cdfcc40, RBP=0x0000000000000003, RSI=0x0000000000000008, RDI=0x0000027ff48ca628
R8 =0x0000027fbe69e908, R9 =0x000000a49cdfcd50, R10=0x000000a49cdfe938, R11=0x0000000000000000
R12=0x0000027fc5fe73e8, R13=0x000000a49cdfd320, R14=0x0000000000000001, R15=0x0000027ff4f44a20
RIP=0x00007ffce87d001f, EFLAGS=0x0000000000010202

XMM[0]=0x0000000000000000 0x00000000467c5400
XMM[1]=0x0000000000000000 0x0000000000000000
XMM[2]=0x0000027ff4f41b00 0x0000027ff4f40a48
XMM[3]=0x0000027fba777518 0x0000027fba7369c0
XMM[4]=0x0000027fba777850 0x0000027fba777778
XMM[5]=0x0000027ff4f40cf0 0x0000027ff4f401d0
XMM[6]=0x0000000000000000 0x0000000000000000
XMM[7]=0x0000000000000000 0x0000000000000000
XMM[8]=0x0000000000000000 0x0000000000000000
XMM[9]=0x0000000000000000 0x0000000000000000
XMM[10]=0x0000000000000000 0x0000000000000000
XMM[11]=0x0000000000000000 0x0000000000000000
XMM[12]=0x0000000000000000 0x0000000000000000
XMM[13]=0x0000000000000000 0x0000000000000000
XMM[14]=0x0000000000000000 0x0000000000000000
XMM[15]=0x0000000000000000 0x0000000000000000
  MXCSR=0x00001fa0


Register to memory mapping:

RAX=0x0000027fc6a57818 points into unknown readable memory: 0x0000027fbe69e908 | 08 e9 69 be 7f 02 00 00
RBX=0x000000a49cdfcd50 is pointing into the stack for thread: 0x0000027fb03641f0
RCX=0x0000027fc6a577d8 points into unknown readable memory: 0x00007ffce8b79218 | 18 92 b7 e8 fc 7f 00 00
RDX=0x0000027ff48ca628 points into unknown readable memory: 0x0000000c00000334 | 34 03 00 00 0c 00 00 00
RSP=0x000000a49cdfcc40 is pointing into the stack for thread: 0x0000027fb03641f0
RBP=0x0000000000000003 is an unknown value
RSI=0x0000000000000008 is an unknown value
RDI=0x0000027ff48ca628 points into unknown readable memory: 0x0000000c00000334 | 34 03 00 00 0c 00 00 00
R8 =0x0000027fbe69e908 points into unknown readable memory: 0x00007ffce8b79c78 | 78 9c b7 e8 fc 7f 00 00
R9 =0x000000a49cdfcd50 is pointing into the stack for thread: 0x0000027fb03641f0
R10=0x000000a49cdfe938 is pointing into the stack for thread: 0x0000027fb03641f0
R11=0x0 is null
R12=0x0000027fc5fe73e8 points into unknown readable memory: 0x0000027ff48ca628 | 28 a6 8c f4 7f 02 00 00
R13=0x000000a49cdfd320 is pointing into the stack for thread: 0x0000027fb03641f0
R14=0x0000000000000001 is an unknown value
R15=0x0000027ff4f44a20 points into unknown readable memory: 0x00007ffce8afc748 | 48 c7 af e8 fc 7f 00 00

Top of Stack: (sp=0x000000a49cdfcc40)
0x000000a49cdfcc40:   0000000000000008 0000000000000008   ................
0x000000a49cdfcc50:   0000027ff48ca628 0000000000000001   (...............
0x000000a49cdfcc60:   0000027ff4f44a20 0000027fc6a57350    J......Ps......
0x000000a49cdfcc70:   0000027ff4f44a20 00007ffce882e7c9    J..............
0x000000a49cdfcc80:   000000a49cdfcd50 000000000000019d   P...............
0x000000a49cdfcc90:   0000027fc6a57840 0000027fc5fe64c8   @x.......d......
0x000000a49cdfcca0:   0000027ff4f44a20 000000a49cdfd320    J...... .......
0x000000a49cdfccb0:   0000027fc5fe6c60 00007ffce87cfbfa   `l........|.....
0x000000a49cdfccc0:   0000000000000674 0000027fc5fe6c60   t.......`l......
0x000000a49cdfccd0:   0000027f0000019d 000000a49cdfcd50   ........P.......
0x000000a49cdfcce0:   0000027ff4f44a20 00007ffc00000001    J..............
0x000000a49cdfccf0:   0000027ff4f44958 0000000000000001   XI..............
0x000000a49cdfcd00:   0000027fc5fe6c60 000000000000019d   `l..............
0x000000a49cdfcd10:   0000000000000003 00007ffce87d0009   ..........}.....
0x000000a49cdfcd20:   0000027fc5fe64c8 000000000000019d   .d..............
0x000000a49cdfcd30:   000000a49cdfd320 0000027ff4f449b8    ........I......
0x000000a49cdfcd40:   0000027ff4f44958 0000000000000000   XI..............
0x000000a49cdfcd50:   0000000000000001 00007ffce882e7c9   ................
0x000000a49cdfcd60:   000000a49cdfceb0 000000000000049c   ................
0x000000a49cdfcd70:   0000027fc6a57900 0000000000000000   .y..............
0x000000a49cdfcd80:   0000027ff4f44958 000000a49cdfd320   XI...... .......
0x000000a49cdfcd90:   0000027fc5fe5d40 00007ffce87cfbfa   @]........|.....
0x000000a49cdfcda0:   0000000000001270 0000027fc5fe5d40   p.......@]......
0x000000a49cdfcdb0:   0000027f0000049c 000000a49cdfceb0   ................
0x000000a49cdfcdc0:   0000027ff4f44958 0000000000000001   XI..............
0x000000a49cdfcdd0:   000000a49cdfd320 0000027fc6a57900    ........y......
0x000000a49cdfcde0:   0000000000000000 0000027fc5fe5d40   ........@]......
0x000000a49cdfcdf0:   000000a49cdfd338 00007ffce87d5d7f   8........]}.....
0x000000a49cdfce00:   0000000000000000 000000a49cdfd338   ........8.......
0x000000a49cdfce10:   0000027fc5fe59b0 0000000000000001   .Y..............
0x000000a49cdfce20:   000000a49cdfceb8 00007ffce8831409   ................
0x000000a49cdfce30:   00000000000027d8 0000027fc5fe5d40   .'......@]......

Instructions: (pc=0x00007ffce87d001f)
  0x00007ffce87cff1f:   c6 48 8d 14 85 00 00 00 00 45 85 f6 75 09 49 8b
  0x00007ffce87cff2f:   85 d8 00 00 00 eb 07 49 8b 85 e0 00 00 00 8b 14
  0x00007ffce87cff3f:   02 8b c2 44 0f b7 84 47 f8 04 00 00 8d 42 80 41
  0x00007ffce87cff4f:   d1 e8 85 c0 41 0f 44 d0 0f b7 b4 57 f8 04 00 00
  0x00007ffce87cff5f:   d1 ee 81 fe 81 00 00 00 73 3a 49 8b 47 40 41 8b
  0x00007ffce87cff6f:   d0 8b cd 48 8d 1c c8 48 8b cf e8 42 5e 9c ff 48
  0x00007ffce87cff7f:   89 03 ff c5 48 8b 9c 24 98 00 00 00 44 8b c6 4c
  0x00007ffce87cff8f:   8b cb 4c 89 7c 24 20 48 8b d7 49 8b cd e8 bf 00
  0x00007ffce87cff9f:   00 00 eb 79 81 fe 3e 01 00 00 73 1e 89 6c 24 28
  0x00007ffce87cffaf:   4c 8b cb 44 8b c6 4c 89 7c 24 20 48 8b d7 49 8b
  0x00007ffce87cffbf:   cd e8 6b fe ff ff 8b e8 eb 53 49 8b 47 40 8b cd
  0x00007ffce87cffcf:   48 8d 1c c8 48 63 c2 49 8b 95 d0 00 00 00 49 8b
  0x00007ffce87cffdf:   c9 8b 14 82 e8 d8 5d 9c ff 48 89 03 4c 8d 4c 24
  0x00007ffce87cffef:   30 44 8b c6 48 c7 44 24 30 01 00 00 00 48 8b d7
  0x00007ffce87cffff:   49 8b cd ff c5 e8 f7 f9 ff ff 48 8b d0 49 8b cf
  0x00007ffce87d000f:   e8 6c e7 05 00 48 8b 9c 24 98 00 00 00 4c 8b 8c
=>0x00007ffce87d001f:   24 88 00 00 00 41 ff c6 8b b4 24 90 00 00 00 49
  0x00007ffce87d002f:   83 c4 08 41 83 fe 02 0f 82 d4 fe ff ff 48 8b 9c
  0x00007ffce87d003f:   24 80 00 00 00 8b c5 48 83 c4 40 41 5f 41 5e 41
  0x00007ffce87d004f:   5d 41 5c 5f 5e 5d c3 cc cc cc cc cc cc cc cc cc
  0x00007ffce87d005f:   cc 40 53 55 41 54 41 55 41 57 48 83 ec 30 48 8b
  0x00007ffce87d006f:   9a 80 07 00 00 4d 8b e9 4d 63 e0 4c 8b fa 48 8b
  0x00007ffce87d007f:   e9 48 85 db 75 2d 48 8b 81 e8 00 00 00 41 38 1c
  0x00007ffce87d008f:   04 75 20 48 8b 92 78 07 00 00 48 8b 8c 24 80 00
  0x00007ffce87d009f:   00 00 48 83 c4 30 41 5f 41 5d 41 5c 5d 5b e9 ce
  0x00007ffce87d00af:   e6 05 00 48 8b 8a 78 07 00 00 48 89 74 24 60 48
  0x00007ffce87d00bf:   89 7c 24 70 4c 89 74 24 78 8b 41 2c 83 e0 3f 3c
  0x00007ffce87d00cf:   30 75 0b 48 8b 41 08 48 8b 48 08 49 89 09 48 8b
  0x00007ffce87d00df:   b2 78 07 00 00 4c 8b b4 24 80 00 00 00 8b 7e 18
  0x00007ffce87d00ef:   3b 7e 1c 73 2a 0f 1f 40 00 0f 1f 84 00 00 00 00
  0x00007ffce87d00ff:   00 48 8b 46 08 8b cf 48 8b 14 c8 48 85 d2 74 08
  0x00007ffce87d010f:   49 8b ce e8 99 e4 05 00 ff c7 3b 7e 1c 72 e2 49


Stack slot to memory mapping:

stack at sp + 0 slots: 0x0000000000000008 is an unknown value
stack at sp + 1 slots: 0x0000000000000008 is an unknown value
stack at sp + 2 slots: 0x0000027ff48ca628 points into unknown readable memory: 0x0000000c00000334 | 34 03 00 00 0c 00 00 00
stack at sp + 3 slots: 0x0000000000000001 is an unknown value
stack at sp + 4 slots: 0x0000027ff4f44a20 points into unknown readable memory: 0x00007ffce8afc748 | 48 c7 af e8 fc 7f 00 00
stack at sp + 5 slots: 0x0000027fc6a57350 points into unknown readable memory: 0x00007ffce8b4fc58 | 58 fc b4 e8 fc 7f 00 00
stack at sp + 6 slots: 0x0000027ff4f44a20 points into unknown readable memory: 0x00007ffce8afc748 | 48 c7 af e8 fc 7f 00 00
stack at sp + 7 slots: 0x00007ffce882e7c9 jvm.dll

Lock stack of current Java thread (top to bottom):


---------------  P R O C E S S  ---------------

Threads class SMR info:
_java_thread_list=0x0000027fc66df670, length=69, elements={
0x0000027ff7da8ca0, 0x0000027ff915cc80, 0x0000027ff915f450, 0x0000027ff91654b0,
0x0000027ff9165c70, 0x0000027ff916d460, 0x0000027ff9175730, 0x0000027fa8053ce0,
0x0000027ff91775d0, 0x0000027fa82e23a0, 0x0000027fa82c7190, 0x0000027fa82c7960,
0x0000027fa8336bc0, 0x0000027fa844c080, 0x0000027fa83db7e0, 0x0000027fa84b1c90,
0x0000027fb53cdff0, 0x0000027fbcca1420, 0x0000027fbcca5a70, 0x0000027fbcca52a0,
0x0000027fbccaa0c0, 0x0000027fc33a10a0, 0x0000027fc33a8da0, 0x0000027fc33a7e00,
0x0000027fc33adbc0, 0x0000027fc33ab4b0, 0x0000027fc33ac450, 0x0000027fb0d490b0,
0x0000027fb7a2af10, 0x0000027fc40f0860, 0x0000027fb7b03170, 0x0000027fb7b048e0,
0x0000027fb7b021d0, 0x0000027fb7b029a0, 0x0000027fb7b077c0, 0x0000027fb7b06820,
0x0000027fb7b0a6a0, 0x0000027fb7b0cdb0, 0x0000027fb7b0dd50, 0x0000027fb7b0b640,
0x0000027fb7b0fc90, 0x0000027fb7b123a0, 0x0000027fb7b11bd0, 0x0000027fb7b171c0,
0x0000027fb7b15280, 0x0000027fb7b18160, 0x0000027fb7b14ab0, 0x0000027fb7b18930,
0x0000027fc3b05f00, 0x0000027fc3b22bf0, 0x0000027fb03629c0, 0x0000027fbc7c9110,
0x0000027fbc7c60b0, 0x0000027fbb512b60, 0x0000027fbb515270, 0x0000027fbb5171b0,
0x0000027fbb5198c0, 0x0000027fbb518920, 0x0000027fbb51e6e0, 0x0000027fbb51c7a0,
0x0000027fba9dd4d0, 0x0000027fba9e3590, 0x0000027fba9e3da0, 0x0000027fba9e1550,
0x0000027fba9e7e20, 0x0000027fb53ca940, 0x0000027fb03641f0, 0x0000027fb2b8a7c0,
0x0000027fc622f6f0
}

Java Threads: ( => current thread )
  0x0000027ff7da8ca0 JavaThread "Render thread"                     [_thread_in_Java, id=39892, stack(0x000000a499900000,0x000000a499a00000) (1024K)]
  0x0000027ff915cc80 JavaThread "Reference Handler"          daemon [_thread_blocked, id=11324, stack(0x000000a49a100000,0x000000a49a200000) (1024K)]
  0x0000027ff915f450 JavaThread "Finalizer"                  daemon [_thread_blocked, id=40632, stack(0x000000a49a200000,0x000000a49a300000) (1024K)]
  0x0000027ff91654b0 JavaThread "Signal Dispatcher"          daemon [_thread_blocked, id=30488, stack(0x000000a49a300000,0x000000a49a400000) (1024K)]
  0x0000027ff9165c70 JavaThread "Attach Listener"            daemon [_thread_blocked, id=45612, stack(0x000000a49a400000,0x000000a49a500000) (1024K)]
  0x0000027ff916d460 JavaThread "Service Thread"             daemon [_thread_blocked, id=20280, stack(0x000000a49a500000,0x000000a49a600000) (1024K)]
  0x0000027ff9175730 JavaThread "Monitor Deflation Thread"   daemon [_thread_blocked, id=27656, stack(0x000000a49a600000,0x000000a49a700000) (1024K)]
  0x0000027fa8053ce0 JavaThread "C2 CompilerThread0"         daemon [_thread_in_native, id=22308, stack(0x000000a49a700000,0x000000a49a800000) (1024K)]
  0x0000027ff91775d0 JavaThread "C1 CompilerThread0"         daemon [_thread_blocked, id=20660, stack(0x000000a49a800000,0x000000a49a900000) (1024K)]
  0x0000027fa82e23a0 JavaThread "JDWP Transport Listener: dt_socket" daemon [_thread_blocked, id=42532, stack(0x000000a49ac00000,0x000000a49ad00000) (1024K)]
  0x0000027fa82c7190 JavaThread "JDWP Event Helper Thread"   daemon [_thread_blocked, id=27792, stack(0x000000a49ad00000,0x000000a49ae00000) (1024K)]
  0x0000027fa82c7960 JavaThread "JDWP Command Reader"        daemon [_thread_in_native, id=20672, stack(0x000000a49ae00000,0x000000a49af00000) (1024K)]
  0x0000027fa8336bc0 JavaThread "Common-Cleaner"             daemon [_thread_blocked, id=42460, stack(0x000000a49af00000,0x000000a49b000000) (1024K)]
  0x0000027fa844c080 JavaThread "IntelliJ Suspend Helper"    daemon [_thread_blocked, id=43444, stack(0x000000a49b000000,0x000000a49b100000) (1024K)]
  0x0000027fa83db7e0 JavaThread "Notification Thread"        daemon [_thread_blocked, id=20028, stack(0x000000a49b100000,0x000000a49b200000) (1024K)]
  0x0000027fa84b1c90 JavaThread "CoarseTimer"                daemon [_thread_blocked, id=23800, stack(0x000000a49b200000,0x000000a49b300000) (1024K)]
  0x0000027fb53cdff0 JavaThread "JNA Cleaner"                daemon [_thread_blocked, id=17436, stack(0x000000a49d000000,0x000000a49d100000) (1024K)]
  0x0000027fbcca1420 JavaThread "Timer hack thread"          daemon [_thread_blocked, id=41964, stack(0x000000a49cf00000,0x000000a49d000000) (1024K)]
  0x0000027fbcca5a70 JavaThread "Yggdrasil Key Fetcher"      daemon [_thread_blocked, id=42704, stack(0x000000a49d400000,0x000000a49d500000) (1024K)]
  0x0000027fbcca52a0 JavaThread "Download-1"                 daemon [_thread_blocked, id=36028, stack(0x000000a49d500000,0x000000a49d600000) (1024K)]
  0x0000027fbccaa0c0 JavaThread "Download-2"                 daemon [_thread_blocked, id=10128, stack(0x000000a49d600000,0x000000a49d700000) (1024K)]
  0x0000027fc33a10a0 JavaThread "Worker-Main-1"              daemon [_thread_blocked, id=32736, stack(0x000000a49d800000,0x000000a49d900000) (1024K)]
  0x0000027fc33a8da0 JavaThread "Worker-Main-2"              daemon [_thread_blocked, id=13804, stack(0x000000a49e200000,0x000000a49e300000) (1024K)]
  0x0000027fc33a7e00 JavaThread "Worker-Main-3"              daemon [_thread_blocked, id=43456, stack(0x000000a49e300000,0x000000a49e400000) (1024K)]
  0x0000027fc33adbc0 JavaThread "Worker-Main-4"              daemon [_thread_blocked, id=31328, stack(0x000000a49e400000,0x000000a49e500000) (1024K)]
  0x0000027fc33ab4b0 JavaThread "Worker-Main-5"              daemon [_thread_blocked, id=33980, stack(0x000000a49e500000,0x000000a49e600000) (1024K)]
  0x0000027fc33ac450 JavaThread "Worker-Main-6"              daemon [_thread_blocked, id=36744, stack(0x000000a49e600000,0x000000a49e700000) (1024K)]
  0x0000027fb0d490b0 JavaThread "Worker-Main-7"              daemon [_thread_blocked, id=25784, stack(0x000000a49e700000,0x000000a49e800000) (1024K)]
  0x0000027fb7a2af10 JavaThread "Worker-Main-8"              daemon [_thread_blocked, id=13448, stack(0x000000a49e800000,0x000000a49e900000) (1024K)]
  0x0000027fc40f0860 JavaThread "Worker-Main-9"              daemon [_thread_blocked, id=39548, stack(0x000000a49e900000,0x000000a49ea00000) (1024K)]
  0x0000027fb7b03170 JavaThread "Worker-Main-10"             daemon [_thread_blocked, id=33584, stack(0x000000a49ea00000,0x000000a49eb00000) (1024K)]
  0x0000027fb7b048e0 JavaThread "Worker-Main-13"             daemon [_thread_blocked, id=10040, stack(0x000000a49eb00000,0x000000a49ec00000) (1024K)]
  0x0000027fb7b021d0 JavaThread "Worker-Main-14"             daemon [_thread_blocked, id=43680, stack(0x000000a49ec00000,0x000000a49ed00000) (1024K)]
  0x0000027fb7b029a0 JavaThread "Worker-Main-11"             daemon [_thread_blocked, id=45972, stack(0x000000a49ed00000,0x000000a49ee00000) (1024K)]
  0x0000027fb7b077c0 JavaThread "Worker-Main-12"             daemon [_thread_blocked, id=11372, stack(0x000000a49ee00000,0x000000a49ef00000) (1024K)]
  0x0000027fb7b06820 JavaThread "Worker-Main-15"             daemon [_thread_blocked, id=45716, stack(0x000000a49ef00000,0x000000a49f000000) (1024K)]
  0x0000027fb7b0a6a0 JavaThread "Worker-Main-16"             daemon [_thread_blocked, id=27808, stack(0x000000a49f000000,0x000000a49f100000) (1024K)]
  0x0000027fb7b0cdb0 JavaThread "Worker-Main-17"             daemon [_thread_blocked, id=11592, stack(0x000000a49f100000,0x000000a49f200000) (1024K)]
  0x0000027fb7b0dd50 JavaThread "Worker-Main-18"             daemon [_thread_blocked, id=23804, stack(0x000000a49f200000,0x000000a49f300000) (1024K)]
  0x0000027fb7b0b640 JavaThread "Worker-Main-19"             daemon [_thread_blocked, id=25328, stack(0x000000a49f300000,0x000000a49f400000) (1024K)]
  0x0000027fb7b0fc90 JavaThread "Worker-Main-20"             daemon [_thread_blocked, id=20124, stack(0x000000a49f400000,0x000000a49f500000) (1024K)]
  0x0000027fb7b123a0 JavaThread "Worker-Main-21"             daemon [_thread_blocked, id=39104, stack(0x000000a49f500000,0x000000a49f600000) (1024K)]
  0x0000027fb7b11bd0 JavaThread "Worker-Main-22"             daemon [_thread_blocked, id=9736, stack(0x000000a49f600000,0x000000a49f700000) (1024K)]
  0x0000027fb7b171c0 JavaThread "Worker-Main-23"             daemon [_thread_blocked, id=32564, stack(0x000000a49f700000,0x000000a49f800000) (1024K)]
  0x0000027fb7b15280 JavaThread "Worker-Main-25"             daemon [_thread_blocked, id=24780, stack(0x000000a49f800000,0x000000a49f900000) (1024K)]
  0x0000027fb7b18160 JavaThread "Worker-Main-26"             daemon [_thread_blocked, id=8848, stack(0x000000a49f900000,0x000000a49fa00000) (1024K)]
  0x0000027fb7b14ab0 JavaThread "Worker-Main-24"             daemon [_thread_blocked, id=44128, stack(0x000000a49fa00000,0x000000a49fb00000) (1024K)]
  0x0000027fb7b18930 JavaThread "Worker-Main-27"             daemon [_thread_blocked, id=40496, stack(0x000000a49fb00000,0x000000a49fc00000) (1024K)]
  0x0000027fc3b05f00 JavaThread "ForkJoinPool.commonPool-worker-1" daemon [_thread_blocked, id=40424, stack(0x000000a49cc00000,0x000000a49cd00000) (1024K)]
  0x0000027fc3b22bf0 JavaThread "IO-Worker-1"                       [_thread_blocked, id=8960, stack(0x000000a4a0100000,0x000000a4a0200000) (1024K)]
  0x0000027fb03629c0 JavaThread "C1 CompilerThread1"         daemon [_thread_blocked, id=26224, stack(0x000000a49a900000,0x000000a49aa00000) (1024K)]
  0x0000027fbc7c9110 JavaThread "C1 CompilerThread2"         daemon [_thread_blocked, id=24004, stack(0x000000a49fd00000,0x000000a49fe00000) (1024K)]
  0x0000027fbc7c60b0 JavaThread "C1 CompilerThread3"         daemon [_thread_blocked, id=15376, stack(0x000000a49fe00000,0x000000a49ff00000) (1024K)]
  0x0000027fbb512b60 JavaThread "Server thread"                     [_thread_blocked, id=20920, stack(0x000000a49da00000,0x000000a49db00000) (1024K)]
  0x0000027fbb515270 JavaThread "IO-Worker-2"                       [_thread_blocked, id=43272, stack(0x000000a4a0200000,0x000000a4a0300000) (1024K)]
  0x0000027fbb5171b0 JavaThread "IO-Worker-4"                       [_thread_blocked, id=30844, stack(0x000000a49fc00000,0x000000a49fd00000) (1024K)]
  0x0000027fbb5198c0 JavaThread "IO-Worker-3"                       [_thread_blocked, id=33232, stack(0x000000a4a0300000,0x000000a4a0400000) (1024K)]
  0x0000027fbb518920 JavaThread "Netty Local IO #0"          daemon [_thread_blocked, id=30080, stack(0x000000a49aa00000,0x000000a49ab00000) (1024K)]
  0x0000027fbb51e6e0 JavaThread "Netty Local IO #1"          daemon [_thread_blocked, id=40560, stack(0x000000a49ab00000,0x000000a49ac00000) (1024K)]
  0x0000027fbb51c7a0 JavaThread "Netty Local IO #2"          daemon [_thread_blocked, id=39944, stack(0x000000a49b300000,0x000000a49b400000) (1024K)]
  0x0000027fba9dd4d0 JavaThread "C2 CompilerThread1"         daemon [_thread_in_native, id=13712, stack(0x000000a49b400000,0x000000a49b500000) (1024K)]
  0x0000027fba9e3590 JavaThread "C2 CompilerThread2"         daemon [_thread_in_native, id=16712, stack(0x000000a49d900000,0x000000a49da00000) (1024K)]
  0x0000027fba9e3da0 JavaThread "C2 CompilerThread3"         daemon [_thread_blocked, id=37484, stack(0x000000a49e100000,0x000000a49e200000) (1024K)]
  0x0000027fba9e1550 JavaThread "C2 CompilerThread4"         daemon [_thread_in_native, id=17536, stack(0x000000a4a0400000,0x000000a4a0500000) (1024K)]
  0x0000027fba9e7e20 JavaThread "C2 CompilerThread5"         daemon [_thread_in_native, id=33032, stack(0x000000a4a0500000,0x000000a4a0600000) (1024K)]
  0x0000027fb53ca940 JavaThread "Sound engine"               daemon [_thread_blocked, id=30904, stack(0x000000a4a0600000,0x000000a4a0700000) (1024K)]
=>0x0000027fb03641f0 JavaThread "C2 CompilerThread6"         daemon [_thread_in_native, id=37640, stack(0x000000a49cd00000,0x000000a49ce00000) (1024K)]
  0x0000027fb2b8a7c0 JavaThread "C2 CompilerThread7"         daemon [_thread_in_native, id=38704, stack(0x000000a4a0700000,0x000000a4a0800000) (1024K)]
  0x0000027fc622f6f0 JavaThread "IO-Worker-5"                       [_thread_in_native, id=27116, stack(0x000000a4a0800000,0x000000a4a0900000) (1024K)]
Total: 69

Other Threads:
  0x0000027ff9148f60 VMThread "VM Thread"                           [id=45856, stack(0x000000a49a000000,0x000000a49a100000) (1024K)]
  0x0000027ff909cb60 WatcherThread "VM Periodic Task Thread"        [id=43816, stack(0x000000a499f00000,0x000000a49a000000) (1024K)]
  0x0000027ff90005f0 WorkerThread "GC Thread#0"                     [id=8896, stack(0x000000a499a00000,0x000000a499b00000) (1024K)]
  0x0000027fadd0a5d0 WorkerThread "GC Thread#1"                     [id=43652, stack(0x000000a49b500000,0x000000a49b600000) (1024K)]
  0x0000027fade4b720 WorkerThread "GC Thread#2"                     [id=40512, stack(0x000000a49b600000,0x000000a49b700000) (1024K)]
  0x0000027fade05620 WorkerThread "GC Thread#3"                     [id=35316, stack(0x000000a49b700000,0x000000a49b800000) (1024K)]
  0x0000027fade649f0 WorkerThread "GC Thread#4"                     [id=44052, stack(0x000000a49b800000,0x000000a49b900000) (1024K)]
  0x0000027fade937c0 WorkerThread "GC Thread#5"                     [id=17828, stack(0x000000a49b900000,0x000000a49ba00000) (1024K)]
  0x0000027fadec5f30 WorkerThread "GC Thread#6"                     [id=8996, stack(0x000000a49ba00000,0x000000a49bb00000) (1024K)]
  0x0000027fadf01d60 WorkerThread "GC Thread#7"                     [id=3440, stack(0x000000a49bb00000,0x000000a49bc00000) (1024K)]
  0x0000027fadf007d0 WorkerThread "GC Thread#8"                     [id=7748, stack(0x000000a49bc00000,0x000000a49bd00000) (1024K)]
  0x0000027fadeff690 WorkerThread "GC Thread#9"                     [id=38488, stack(0x000000a49bd00000,0x000000a49be00000) (1024K)]
  0x0000027fadf014c0 WorkerThread "GC Thread#10"                    [id=41976, stack(0x000000a49be00000,0x000000a49bf00000) (1024K)]
  0x0000027fadeffae0 WorkerThread "GC Thread#11"                    [id=27728, stack(0x000000a49bf00000,0x000000a49c000000) (1024K)]
  0x0000027fadf01070 WorkerThread "GC Thread#12"                    [id=21988, stack(0x000000a49c000000,0x000000a49c100000) (1024K)]
  0x0000027fadf01910 WorkerThread "GC Thread#13"                    [id=21824, stack(0x000000a49c100000,0x000000a49c200000) (1024K)]
  0x0000027fadefff30 WorkerThread "GC Thread#14"                    [id=32612, stack(0x000000a49c200000,0x000000a49c300000) (1024K)]
  0x0000027fadf00380 WorkerThread "GC Thread#15"                    [id=14652, stack(0x000000a49c300000,0x000000a49c400000) (1024K)]
  0x0000027fadf021b0 WorkerThread "GC Thread#16"                    [id=38148, stack(0x000000a49c400000,0x000000a49c500000) (1024K)]
  0x0000027fadf00c20 WorkerThread "GC Thread#17"                    [id=44008, stack(0x000000a49c500000,0x000000a49c600000) (1024K)]
  0x0000027fadf02ea0 WorkerThread "GC Thread#18"                    [id=21932, stack(0x000000a49c600000,0x000000a49c700000) (1024K)]
  0x0000027fadf02a50 WorkerThread "GC Thread#19"                    [id=39752, stack(0x000000a49c700000,0x000000a49c800000) (1024K)]
  0x0000027ff7e37390 ConcurrentGCThread "G1 Main Marker"            [id=46000, stack(0x000000a499b00000,0x000000a499c00000) (1024K)]
  0x0000027ff7e396e0 WorkerThread "G1 Conc#0"                       [id=608, stack(0x000000a499c00000,0x000000a499d00000) (1024K)]
  0x0000027faf1e48b0 WorkerThread "G1 Conc#1"                       [id=41892, stack(0x000000a49c800000,0x000000a49c900000) (1024K)]
  0x0000027faf1e4010 WorkerThread "G1 Conc#2"                       [id=41368, stack(0x000000a49c900000,0x000000a49ca00000) (1024K)]
  0x0000027faf1e4460 WorkerThread "G1 Conc#3"                       [id=22548, stack(0x000000a49ca00000,0x000000a49cb00000) (1024K)]
  0x0000027faf1e7820 WorkerThread "G1 Conc#4"                       [id=20704, stack(0x000000a49cb00000,0x000000a49cc00000) (1024K)]
  0x0000027ff7e4e860 ConcurrentGCThread "G1 Refine#0"               [id=34644, stack(0x000000a499d00000,0x000000a499e00000) (1024K)]
  0x0000027ff908e010 ConcurrentGCThread "G1 Service"                [id=34852, stack(0x000000a499e00000,0x000000a499f00000) (1024K)]
Total: 30

Threads with active compile tasks:
C2 CompilerThread0  23670 31553       4       net.minecraft.util.random.WeightedRandom::getTotalWeight (65 bytes)
C2 CompilerThread1  23670 31338       4       net.minecraft.world.entity.LivingEntity::aiStep (876 bytes)
C2 CompilerThread2  23670 31497  s    4       com.jcraft.jorbis.Mapping0::inverse (867 bytes)
C2 CompilerThread4  23670 31382       4       net.minecraft.world.level.chunk.storage.SerializableChunkData::parse (840 bytes)
C2 CompilerThread6  23670 31098   !   4       net.minecraft.world.level.block.state.properties.IntegerProperty::getValue (40 bytes)
Total: 5

VM state: not at safepoint (normal execution)

VM Mutex/Monitor currently owned by a thread: None

Heap address: 0x0000000403000000, size: 16336 MB, Compressed Oops mode: Zero based, Oop shift amount: 3

CDS archive(s) mapped at: [0x0000000026000000-0x0000000026dd0000-0x0000000026dd0000), size 14483456, SharedBaseAddress: 0x0000000026000000, ArchiveRelocationMode: 1.
Compressed class space mapped at: 0x0000000027000000-0x0000000067000000, reserved size: 1073741824
UseCompressedClassPointers 1, UseCompactObjectHeaders 0
Narrow klass pointer bits 32, Max shift 3
Narrow klass base: 0x0000000026000000, Narrow klass shift: 0
Encoding Range: [0x0000000026000000 - 0x0000000126000000), (4294967296 bytes)
Klass Range:    [0x0000000026010000 - 0x0000000067000000), (1090453504 bytes)
Klass ID Range:  [65536 - 1090519033) (1090453497)
Protection zone: [0x0000000026000000 - 0x0000000026010000), (65536 bytes)

GC Precious Log:
 CardTable entry size: 512
 Card Set container configuration: InlinePtr #cards 4 size 8 Array Of Cards #cards 64 size 144 Howl #buckets 8 coarsen threshold 14745 Howl Bitmap #cards 2048 size 272 coarsen threshold 1843 Card regions per heap region 1 cards per card region 16384
 CPUs: 28 total, 28 available
 Memory: 65312M
 Large Page Support: Disabled
 NUMA Support: Disabled
 Compressed Oops: Enabled (Zero based)
 Heap Region Size: 8M
 Heap Min Capacity: 8M
 Heap Initial Capacity: 1G
 Heap Max Capacity: 16336M
 Pre-touch: Disabled
 Parallel Workers: 20
 Concurrent Workers: 5
 Concurrent Refinement Workers: 20
 Periodic GC: Disabled

Heap:
 garbage-first heap   total reserved 16728064K, committed 1015808K, used 816612K [0x0000000403000000, 0x0000000800000000)
  region size 8192K, 57 young (466944K), 6 survivors (49152K)

Heap Regions: E=young(eden), S=young(survivor), O=old, HS=humongous(starts), HC=humongous(continues), CS=collection set, F=free, TAMS=top-at-mark-start, PB=parsable bottom
|   0|0x0000000403000000, 0x00000004035335e8, 0x0000000403800000| 65%| O|  |TAMS 0x0000000403000000| PB 0x0000000403000000| Untracked |  0
|   1|0x0000000403800000, 0x0000000404000000, 0x0000000404000000|100%| O|  |TAMS 0x0000000403800000| PB 0x0000000403800000| Untracked |  0
|   2|0x0000000404000000, 0x0000000404800000, 0x0000000404800000|100%| O|  |TAMS 0x0000000404000000| PB 0x0000000404000000| Untracked |  0
|   3|0x0000000404800000, 0x0000000405000000, 0x0000000405000000|100%| O|  |TAMS 0x0000000404800000| PB 0x0000000404800000| Untracked |  0
|   4|0x0000000405000000, 0x0000000405800000, 0x0000000405800000|100%|HS|  |TAMS 0x0000000405000000| PB 0x0000000405000000| Complete |  0
|   5|0x0000000405800000, 0x0000000406000000, 0x0000000406000000|100%|HC|  |TAMS 0x0000000405800000| PB 0x0000000405800000| Complete |  0
|   6|0x0000000406000000, 0x0000000406800000, 0x0000000406800000|100%| O|  |TAMS 0x0000000406000000| PB 0x0000000406000000| Untracked |  0
|   7|0x0000000406800000, 0x0000000407000000, 0x0000000407000000|100%| O|  |TAMS 0x0000000406800000| PB 0x0000000406800000| Untracked |  0
|   8|0x0000000407000000, 0x0000000407800000, 0x0000000407800000|100%| O|  |TAMS 0x0000000407000000| PB 0x0000000407000000| Untracked |  0
|   9|0x0000000407800000, 0x0000000408000000, 0x0000000408000000|100%| O|  |TAMS 0x0000000407800000| PB 0x0000000407800000| Untracked |  0
|  10|0x0000000408000000, 0x0000000408800000, 0x0000000408800000|100%| O|  |TAMS 0x0000000408000000| PB 0x0000000408000000| Untracked |  0
|  11|0x0000000408800000, 0x0000000409000000, 0x0000000409000000|100%| O|  |TAMS 0x0000000408800000| PB 0x0000000408800000| Untracked |  0
|  12|0x0000000409000000, 0x0000000409800000, 0x0000000409800000|100%| O|  |TAMS 0x0000000409000000| PB 0x0000000409000000| Untracked |  0
|  13|0x0000000409800000, 0x000000040a000000, 0x000000040a000000|100%| O|  |TAMS 0x0000000409800000| PB 0x0000000409800000| Untracked |  0
|  14|0x000000040a000000, 0x000000040a800000, 0x000000040a800000|100%| O|  |TAMS 0x000000040a000000| PB 0x000000040a000000| Untracked |  0
|  15|0x000000040a800000, 0x000000040b000000, 0x000000040b000000|100%| O|  |TAMS 0x000000040a800000| PB 0x000000040a800000| Untracked |  0
|  16|0x000000040b000000, 0x000000040b800000, 0x000000040b800000|100%| O|  |TAMS 0x000000040b000000| PB 0x000000040b000000| Untracked |  0
|  17|0x000000040b800000, 0x000000040c000000, 0x000000040c000000|100%| O|  |TAMS 0x000000040b800000| PB 0x000000040b800000| Untracked |  0
|  18|0x000000040c000000, 0x000000040c800000, 0x000000040c800000|100%| O|  |TAMS 0x000000040c000000| PB 0x000000040c000000| Untracked |  0
|  19|0x000000040c800000, 0x000000040d000000, 0x000000040d000000|100%| O|  |TAMS 0x000000040c800000| PB 0x000000040c800000| Untracked |  0
|  20|0x000000040d000000, 0x000000040d800000, 0x000000040d800000|100%| O|  |TAMS 0x000000040d000000| PB 0x000000040d000000| Untracked |  0
|  21|0x000000040d800000, 0x000000040e000000, 0x000000040e000000|100%| O|  |TAMS 0x000000040d800000| PB 0x000000040d800000| Untracked |  0
|  22|0x000000040e000000, 0x000000040e800000, 0x000000040e800000|100%| O|Cm|TAMS 0x000000040e000000| PB 0x000000040e000000| Complete |  0
|  23|0x000000040e800000, 0x000000040f000000, 0x000000040f000000|100%| O|  |TAMS 0x000000040e800000| PB 0x000000040e800000| Untracked |  0
|  24|0x000000040f000000, 0x000000040f800000, 0x000000040f800000|100%| O|  |TAMS 0x000000040f000000| PB 0x000000040f000000| Untracked |  0
|  25|0x000000040f800000, 0x0000000410000000, 0x0000000410000000|100%| O|  |TAMS 0x000000040f800000| PB 0x000000040f800000| Untracked |  0
|  26|0x0000000410000000, 0x0000000410800000, 0x0000000410800000|100%| O|  |TAMS 0x0000000410000000| PB 0x0000000410000000| Untracked |  0
|  27|0x0000000410800000, 0x0000000411000000, 0x0000000411000000|100%| O|  |TAMS 0x0000000410800000| PB 0x0000000410800000| Untracked |  0
|  28|0x0000000411000000, 0x0000000411800000, 0x0000000411800000|100%| O|  |TAMS 0x0000000411000000| PB 0x0000000411000000| Untracked |  0
|  29|0x0000000411800000, 0x0000000412000000, 0x0000000412000000|100%| O|  |TAMS 0x0000000411800000| PB 0x0000000411800000| Untracked |  0
|  30|0x0000000412000000, 0x0000000412800000, 0x0000000412800000|100%| O|  |TAMS 0x0000000412000000| PB 0x0000000412000000| Untracked |  0
|  31|0x0000000412800000, 0x0000000413000000, 0x0000000413000000|100%| O|  |TAMS 0x0000000412800000| PB 0x0000000412800000| Untracked |  0
|  32|0x0000000413000000, 0x0000000413800000, 0x0000000413800000|100%| O|  |TAMS 0x0000000413000000| PB 0x0000000413000000| Untracked |  0
|  33|0x0000000413800000, 0x0000000414000000, 0x0000000414000000|100%| O|Cm|TAMS 0x0000000413800000| PB 0x0000000413800000| Complete |  0
|  34|0x0000000414000000, 0x0000000414800000, 0x0000000414800000|100%| O|  |TAMS 0x0000000414000000| PB 0x0000000414000000| Untracked |  0
|  35|0x0000000414800000, 0x0000000414800000, 0x0000000415000000|  0%| F|  |TAMS 0x0000000414800000| PB 0x0000000414800000| Untracked |  0
|  36|0x0000000415000000, 0x0000000415800000, 0x0000000415800000|100%| O|  |TAMS 0x0000000415000000| PB 0x0000000415000000| Untracked |  0
|  37|0x0000000415800000, 0x0000000416000000, 0x0000000416000000|100%| O|  |TAMS 0x0000000415800000| PB 0x0000000415800000| Untracked |  0
|  38|0x0000000416000000, 0x0000000416800000, 0x0000000416800000|100%| O|  |TAMS 0x0000000416000000| PB 0x0000000416000000| Untracked |  0
|  39|0x0000000416800000, 0x0000000417000000, 0x0000000417000000|100%| O|  |TAMS 0x0000000416800000| PB 0x0000000416800000| Untracked |  0
|  40|0x0000000417000000, 0x0000000417800000, 0x0000000417800000|100%| O|  |TAMS 0x0000000417000000| PB 0x0000000417000000| Untracked |  0
|  41|0x0000000417800000, 0x0000000417b6e218, 0x0000000418000000| 42%| O|  |TAMS 0x0000000417800000| PB 0x0000000417800000| Untracked |  0
|  42|0x0000000418000000, 0x0000000418000000, 0x0000000418800000|  0%| F|  |TAMS 0x0000000418000000| PB 0x0000000418000000| Untracked |  0
|  43|0x0000000418800000, 0x0000000418800000, 0x0000000419000000|  0%| F|  |TAMS 0x0000000418800000| PB 0x0000000418800000| Untracked |  0
|  44|0x0000000419000000, 0x00000004194d7a08, 0x0000000419800000| 60%| S|CS|TAMS 0x0000000419000000| PB 0x0000000419000000| Complete |  0
|  45|0x0000000419800000, 0x0000000419800000, 0x000000041a000000|  0%| F|  |TAMS 0x0000000419800000| PB 0x0000000419800000| Untracked |  0
|  46|0x000000041a000000, 0x000000041a000000, 0x000000041a800000|  0%| F|  |TAMS 0x000000041a000000| PB 0x000000041a000000| Untracked |  0
|  47|0x000000041a800000, 0x000000041a800000, 0x000000041b000000|  0%| F|  |TAMS 0x000000041a800000| PB 0x000000041a800000| Untracked |  0
|  48|0x000000041b000000, 0x000000041b000000, 0x000000041b800000|  0%| F|  |TAMS 0x000000041b000000| PB 0x000000041b000000| Untracked |  0
|  49|0x000000041b800000, 0x000000041b800000, 0x000000041c000000|  0%| F|  |TAMS 0x000000041b800000| PB 0x000000041b800000| Untracked |  0
|  50|0x000000041c000000, 0x000000041c800000, 0x000000041c800000|100%| S|CS|TAMS 0x000000041c000000| PB 0x000000041c000000| Complete |  0
|  51|0x000000041c800000, 0x000000041d000000, 0x000000041d000000|100%| S|CS|TAMS 0x000000041c800000| PB 0x000000041c800000| Complete |  0
|  52|0x000000041d000000, 0x000000041d800000, 0x000000041d800000|100%| S|CS|TAMS 0x000000041d000000| PB 0x000000041d000000| Complete |  0
|  53|0x000000041d800000, 0x000000041e000000, 0x000000041e000000|100%| S|CS|TAMS 0x000000041d800000| PB 0x000000041d800000| Complete |  0
|  54|0x000000041e000000, 0x000000041e800000, 0x000000041e800000|100%| S|CS|TAMS 0x000000041e000000| PB 0x000000041e000000| Complete |  0
|  55|0x000000041e800000, 0x000000041e800000, 0x000000041f000000|  0%| F|  |TAMS 0x000000041e800000| PB 0x000000041e800000| Untracked |  0
|  56|0x000000041f000000, 0x000000041f000000, 0x000000041f800000|  0%| F|  |TAMS 0x000000041f000000| PB 0x000000041f000000| Untracked |  0
|  57|0x000000041f800000, 0x000000041f800000, 0x0000000420000000|  0%| F|  |TAMS 0x000000041f800000| PB 0x000000041f800000| Untracked |  0
|  58|0x0000000420000000, 0x0000000420000000, 0x0000000420800000|  0%| F|  |TAMS 0x0000000420000000| PB 0x0000000420000000| Untracked |  0
|  59|0x0000000420800000, 0x0000000420800000, 0x0000000421000000|  0%| F|  |TAMS 0x0000000420800000| PB 0x0000000420800000| Untracked |  0
|  60|0x0000000421000000, 0x0000000421000000, 0x0000000421800000|  0%| F|  |TAMS 0x0000000421000000| PB 0x0000000421000000| Untracked |  0
|  61|0x0000000421800000, 0x0000000421800000, 0x0000000422000000|  0%| F|  |TAMS 0x0000000421800000| PB 0x0000000421800000| Untracked |  0
|  62|0x0000000422000000, 0x0000000422000000, 0x0000000422800000|  0%| F|  |TAMS 0x0000000422000000| PB 0x0000000422000000| Untracked |  0
|  63|0x0000000422800000, 0x0000000422800000, 0x0000000423000000|  0%| F|  |TAMS 0x0000000422800000| PB 0x0000000422800000| Untracked |  0
|  64|0x0000000423000000, 0x0000000423000000, 0x0000000423800000|  0%| F|  |TAMS 0x0000000423000000| PB 0x0000000423000000| Untracked |  0
|  65|0x0000000423800000, 0x0000000423800000, 0x0000000424000000|  0%| F|  |TAMS 0x0000000423800000| PB 0x0000000423800000| Untracked |  0
|  66|0x0000000424000000, 0x0000000424000000, 0x0000000424800000|  0%| F|  |TAMS 0x0000000424000000| PB 0x0000000424000000| Untracked |  0
|  67|0x0000000424800000, 0x0000000424800000, 0x0000000425000000|  0%| F|  |TAMS 0x0000000424800000| PB 0x0000000424800000| Untracked |  0
|  68|0x0000000425000000, 0x00000004250b86f8, 0x0000000425800000|  9%| E|  |TAMS 0x0000000425000000| PB 0x0000000425000000| Complete |  0
|  69|0x0000000425800000, 0x0000000426000000, 0x0000000426000000|100%| E|CS|TAMS 0x0000000425800000| PB 0x0000000425800000| Complete |  0
|  70|0x0000000426000000, 0x0000000426800000, 0x0000000426800000|100%| E|CS|TAMS 0x0000000426000000| PB 0x0000000426000000| Complete |  1
|  71|0x0000000426800000, 0x0000000427000000, 0x0000000427000000|100%| E|CS|TAMS 0x0000000426800000| PB 0x0000000426800000| Complete |  0
|  72|0x0000000427000000, 0x0000000427800000, 0x0000000427800000|100%| E|  |TAMS 0x0000000427000000| PB 0x0000000427000000| Complete |  0
|  73|0x0000000427800000, 0x0000000428000000, 0x0000000428000000|100%| E|CS|TAMS 0x0000000427800000| PB 0x0000000427800000| Complete |  0
|  74|0x0000000428000000, 0x0000000428800000, 0x0000000428800000|100%| E|CS|TAMS 0x0000000428000000| PB 0x0000000428000000| Complete |  0
|  75|0x0000000428800000, 0x0000000429000000, 0x0000000429000000|100%| E|CS|TAMS 0x0000000428800000| PB 0x0000000428800000| Complete |  0
|  76|0x0000000429000000, 0x0000000429800000, 0x0000000429800000|100%| E|CS|TAMS 0x0000000429000000| PB 0x0000000429000000| Complete |  0
|  77|0x0000000429800000, 0x000000042a000000, 0x000000042a000000|100%| E|CS|TAMS 0x0000000429800000| PB 0x0000000429800000| Complete |  0
|  78|0x000000042a000000, 0x000000042a800000, 0x000000042a800000|100%| E|CS|TAMS 0x000000042a000000| PB 0x000000042a000000| Complete |  0
|  79|0x000000042a800000, 0x000000042b000000, 0x000000042b000000|100%| E|CS|TAMS 0x000000042a800000| PB 0x000000042a800000| Complete |  0
|  80|0x000000042b000000, 0x000000042b800000, 0x000000042b800000|100%| E|CS|TAMS 0x000000042b000000| PB 0x000000042b000000| Complete |  0
|  81|0x000000042b800000, 0x000000042c000000, 0x000000042c000000|100%| E|CS|TAMS 0x000000042b800000| PB 0x000000042b800000| Complete |  0
|  82|0x000000042c000000, 0x000000042c800000, 0x000000042c800000|100%| E|CS|TAMS 0x000000042c000000| PB 0x000000042c000000| Complete |  0
|  83|0x000000042c800000, 0x000000042d000000, 0x000000042d000000|100%| E|CS|TAMS 0x000000042c800000| PB 0x000000042c800000| Complete |  0
|  84|0x000000042d000000, 0x000000042d800000, 0x000000042d800000|100%| E|CS|TAMS 0x000000042d000000| PB 0x000000042d000000| Complete |  0
|  85|0x000000042d800000, 0x000000042e000000, 0x000000042e000000|100%| E|CS|TAMS 0x000000042d800000| PB 0x000000042d800000| Complete |  0
|  86|0x000000042e000000, 0x000000042e800000, 0x000000042e800000|100%| E|CS|TAMS 0x000000042e000000| PB 0x000000042e000000| Complete |  0
|  87|0x000000042e800000, 0x000000042f000000, 0x000000042f000000|100%| E|CS|TAMS 0x000000042e800000| PB 0x000000042e800000| Complete |  0
|  88|0x000000042f000000, 0x000000042f800000, 0x000000042f800000|100%| E|CS|TAMS 0x000000042f000000| PB 0x000000042f000000| Complete |  0
|  89|0x000000042f800000, 0x0000000430000000, 0x0000000430000000|100%| E|CS|TAMS 0x000000042f800000| PB 0x000000042f800000| Complete |  0
|  90|0x0000000430000000, 0x0000000430800000, 0x0000000430800000|100%| E|CS|TAMS 0x0000000430000000| PB 0x0000000430000000| Complete |  0
|  91|0x0000000430800000, 0x0000000431000000, 0x0000000431000000|100%| E|CS|TAMS 0x0000000430800000| PB 0x0000000430800000| Complete |  0
|  92|0x0000000431000000, 0x0000000431800000, 0x0000000431800000|100%| E|CS|TAMS 0x0000000431000000| PB 0x0000000431000000| Complete |  0
|  93|0x0000000431800000, 0x0000000432000000, 0x0000000432000000|100%| E|CS|TAMS 0x0000000431800000| PB 0x0000000431800000| Complete |  0
|  94|0x0000000432000000, 0x0000000432800000, 0x0000000432800000|100%| E|CS|TAMS 0x0000000432000000| PB 0x0000000432000000| Complete |  0
|  95|0x0000000432800000, 0x0000000433000000, 0x0000000433000000|100%| E|CS|TAMS 0x0000000432800000| PB 0x0000000432800000| Complete |  0
|  96|0x0000000433000000, 0x0000000433800000, 0x0000000433800000|100%| E|CS|TAMS 0x0000000433000000| PB 0x0000000433000000| Complete |  0
|  97|0x0000000433800000, 0x0000000434000000, 0x0000000434000000|100%| E|CS|TAMS 0x0000000433800000| PB 0x0000000433800000| Complete |  0
|  98|0x0000000434000000, 0x0000000434800000, 0x0000000434800000|100%| E|CS|TAMS 0x0000000434000000| PB 0x0000000434000000| Complete |  0
|  99|0x0000000434800000, 0x0000000435000000, 0x0000000435000000|100%| E|CS|TAMS 0x0000000434800000| PB 0x0000000434800000| Complete |  0
| 100|0x0000000435000000, 0x0000000435800000, 0x0000000435800000|100%| E|CS|TAMS 0x0000000435000000| PB 0x0000000435000000| Complete |  0
| 101|0x0000000435800000, 0x0000000436000000, 0x0000000436000000|100%| E|CS|TAMS 0x0000000435800000| PB 0x0000000435800000| Complete |  0
| 102|0x0000000436000000, 0x0000000436800000, 0x0000000436800000|100%| E|CS|TAMS 0x0000000436000000| PB 0x0000000436000000| Complete |  0
| 103|0x0000000436800000, 0x0000000437000000, 0x0000000437000000|100%| E|CS|TAMS 0x0000000436800000| PB 0x0000000436800000| Complete |  0
| 104|0x0000000437000000, 0x0000000437800000, 0x0000000437800000|100%| E|CS|TAMS 0x0000000437000000| PB 0x0000000437000000| Complete |  0
| 105|0x0000000437800000, 0x0000000438000000, 0x0000000438000000|100%| E|CS|TAMS 0x0000000437800000| PB 0x0000000437800000| Complete |  0
| 106|0x0000000438000000, 0x0000000438800000, 0x0000000438800000|100%| E|CS|TAMS 0x0000000438000000| PB 0x0000000438000000| Complete |  0
| 107|0x0000000438800000, 0x0000000439000000, 0x0000000439000000|100%| E|CS|TAMS 0x0000000438800000| PB 0x0000000438800000| Complete |  0
| 108|0x0000000439000000, 0x0000000439800000, 0x0000000439800000|100%| E|CS|TAMS 0x0000000439000000| PB 0x0000000439000000| Complete |  0
| 109|0x0000000439800000, 0x000000043a000000, 0x000000043a000000|100%| E|CS|TAMS 0x0000000439800000| PB 0x0000000439800000| Complete |  0
| 110|0x000000043a000000, 0x000000043a800000, 0x000000043a800000|100%| E|CS|TAMS 0x000000043a000000| PB 0x000000043a000000| Complete |  0
| 111|0x000000043a800000, 0x000000043b000000, 0x000000043b000000|100%| E|CS|TAMS 0x000000043a800000| PB 0x000000043a800000| Complete |  0
| 112|0x000000043b000000, 0x000000043b800000, 0x000000043b800000|100%| E|CS|TAMS 0x000000043b000000| PB 0x000000043b000000| Complete |  0
| 113|0x000000043b800000, 0x000000043c000000, 0x000000043c000000|100%| E|CS|TAMS 0x000000043b800000| PB 0x000000043b800000| Complete |  0
| 114|0x000000043c000000, 0x000000043c800000, 0x000000043c800000|100%| E|CS|TAMS 0x000000043c000000| PB 0x000000043c000000| Complete |  0
| 115|0x000000043c800000, 0x000000043d000000, 0x000000043d000000|100%| E|CS|TAMS 0x000000043c800000| PB 0x000000043c800000| Complete |  0
| 116|0x000000043d000000, 0x000000043d800000, 0x000000043d800000|100%| E|CS|TAMS 0x000000043d000000| PB 0x000000043d000000| Complete |  0
| 117|0x000000043d800000, 0x000000043e000000, 0x000000043e000000|100%| E|CS|TAMS 0x000000043d800000| PB 0x000000043d800000| Complete |  0
|2036|0x00000007fd000000, 0x00000007fd800000, 0x00000007fd800000|100%| O|  |TAMS 0x00000007fd000000| PB 0x00000007fd000000| Untracked |  0
|2037|0x00000007fd800000, 0x00000007fe000000, 0x00000007fe000000|100%| O|  |TAMS 0x00000007fd800000| PB 0x00000007fd800000| Untracked |  0
|2038|0x00000007fe000000, 0x00000007fe800000, 0x00000007fe800000|100%| O|  |TAMS 0x00000007fe000000| PB 0x00000007fe000000| Untracked |  0
|2039|0x00000007fe800000, 0x00000007ff000000, 0x00000007ff000000|100%| O|  |TAMS 0x00000007fe800000| PB 0x00000007fe800000| Untracked |  0
|2040|0x00000007ff000000, 0x00000007ff800000, 0x00000007ff800000|100%| O|  |TAMS 0x00000007ff000000| PB 0x00000007ff000000| Untracked |  0
|2041|0x00000007ff800000, 0x0000000800000000, 0x0000000800000000|100%| E|CS|TAMS 0x00000007ff800000| PB 0x00000007ff800000| Complete |  0

Card table byte_map: [0x0000027ffb170000,0x0000027ffd160000] _byte_map_base: 0x0000027ff9158000

Marking Bits: (CMBitMap*) 0x0000027ff7e1dd00
 Bits: [0x0000027f977e0000, 0x0000027fa7720000)

Polling page: 0x0000027ff5ee0000

Metaspace:
Metaspace        used 156085K, committed 158016K, reserved 1245184K
 class space     used 25367K, committed 26176K, reserved 1048576K

Usage:
  Non-class:    127.65 MB used.
      Class:     24.77 MB used.
       Both:    152.43 MB used.

Virtual space:
  Non-class space:      192.00 MB reserved,     128.75 MB ( 67%) committed,  3 nodes.
      Class space:        1.00 GB reserved,      25.56 MB (  2%) committed,  1 nodes.
             Both:        1.19 GB reserved,     154.31 MB ( 13%) committed. 

Chunk freelists:
   Non-Class:  14.97 MB
       Class:  6.27 MB
        Both:  21.23 MB

MaxMetaspaceSize: unlimited
CompressedClassSpaceSize: 1.00 GB
Initial GC threshold: 21.00 MB
Current GC threshold: 256.69 MB
CDS: on
 - commit_granule_bytes: 65536.
 - commit_granule_words: 8192.
 - virtual_space_node_default_size: 8388608.
 - enlarge_chunks_in_place: 1.
UseCompressedClassPointers 1, UseCompactObjectHeaders 0
Narrow klass pointer bits 32, Max shift 3
Narrow klass base: 0x0000000026000000, Narrow klass shift: 0
Encoding Range: [0x0000000026000000 - 0x0000000126000000), (4294967296 bytes)
Klass Range:    [0x0000000026010000 - 0x0000000067000000), (1090453504 bytes)
Klass ID Range:  [65536 - 1090519033) (1090453497)
Protection zone: [0x0000000026000000 - 0x0000000026010000), (65536 bytes)


Internal statistics:

num_allocs_failed_limit: 21.
num_arena_births: 3150.
num_arena_deaths: 80.
num_vsnodes_births: 4.
num_vsnodes_deaths: 0.
num_space_committed: 2463.
num_space_uncommitted: 0.
num_chunks_returned_to_freelist: 133.
num_chunks_taken_from_freelist: 9616.
num_chunk_merges: 51.
num_chunk_splits: 6253.
num_chunks_enlarged: 4536.
num_inconsistent_stats: 0.

CodeHeap 'non-profiled nmethods': size=119232Kb used=16398Kb max_used=19095Kb free=102833Kb
 bounds [0x0000027f90370000, 0x0000027f91620000, 0x0000027f977e0000]
CodeHeap 'profiled nmethods': size=119104Kb used=29980Kb max_used=40151Kb free=89124Kb
 bounds [0x0000027f887e0000, 0x0000027f8af20000, 0x0000027f8fc30000]
CodeHeap 'non-nmethods': size=7424Kb used=5426Kb max_used=5770Kb free=1997Kb
 bounds [0x0000027f8fc30000, 0x0000027f901e0000, 0x0000027f90370000]
CodeCache: size=245760Kb, used=51804Kb, max_used=65016Kb, free=193954Kb
 total_blobs=24579, nmethods=21760, adapters=2667, full_count=0
Compilation: enabled, stopped_count=0, restarted_count=0

Compilation events (20 events):
Event: 23.399 Thread 0x0000027fbc7c9110 nmethod 31106 0x0000027f8aee4888 code [0x0000027f8aee4980, 0x0000027f8aee4b68]
Event: 23.399 Thread 0x0000027fbc7c9110 31107       3       net.minecraft.world.entity.EntityType::create (25 bytes)
Event: 23.399 Thread 0x0000027fbc7c9110 nmethod 31107 0x0000027f8aee4b88 code [0x0000027f8aee4c80, 0x0000027f8aee5150]
Event: 23.401 Thread 0x0000027fb03641f0 nmethod 31099 0x0000027f915f6908 code [0x0000027f915f6a00, 0x0000027f915f77a8]
Event: 23.401 Thread 0x0000027fb03641f0 31108       4       org.joml.Math::sin (31 bytes)
Event: 23.401 Thread 0x0000027fb03641f0 nmethod 31108 0x0000027f915f7808 code [0x0000027f915f7900, 0x0000027f915f7980]
Event: 23.401 Thread 0x0000027fb03641f0 31098   !   4       net.minecraft.world.level.block.state.properties.IntegerProperty::getValue (40 bytes)
Event: 23.401 Thread 0x0000027ff91775d0 31109       3       java.util.HashMap::putAll (7 bytes)
Event: 23.401 Thread 0x0000027ff91775d0 nmethod 31109 0x0000027f8aee5188 code [0x0000027f8aee5280, 0x0000027f8aee5458]
Event: 23.402 Thread 0x0000027fbc7c60b0 31111   !   3       net.minecraft.client.renderer.LevelRenderer::prepareChunkRenders (665 bytes)
Event: 23.403 Thread 0x0000027ff91775d0 31114       3       net.minecraft.world.ticks.LevelChunkTicks::scheduleUnchecked (30 bytes)
Event: 23.403 Thread 0x0000027ff91775d0 nmethod 31114 0x0000027f8aee5488 code [0x0000027f8aee5580, 0x0000027f8aee5878]
Event: 23.403 Thread 0x0000027fbc7c9110 31115       3       net.minecraft.world.level.GameType::isSurvival (20 bytes)
Event: 23.403 Thread 0x0000027fbc7c9110 nmethod 31115 0x0000027f8aee5888 code [0x0000027f8aee5980, 0x0000027f8aee5b18]
Event: 23.403 Thread 0x0000027fbc7c9110 31116   !   3       net.minecraft.world.level.redstone.CollectingNeighborUpdater::runUpdates (189 bytes)
Event: 23.403 Thread 0x0000027ff91775d0 31117 %     3       net.minecraft.server.level.ChunkTracker::getComputedLevel @ 27 (125 bytes)
Event: 23.404 Thread 0x0000027fb03629c0 31118       2       net.minecraft.server.level.ChunkMap::anyPlayerCloseEnoughForSpawningInternal (48 bytes)
Event: 23.404 Thread 0x0000027ff91775d0 nmethod 31117% 0x0000027f8aee5b88 code [0x0000027f8aee5c80, 0x0000027f8aee66d8]
Event: 23.404 Thread 0x0000027fbc7c9110 nmethod 31116 0x0000027f8aee6708 code [0x0000027f8aee6800, 0x0000027f8aee8088]
Event: 23.404 Thread 0x0000027fb03629c0 nmethod 31118 0x0000027f8aee8108 code [0x0000027f8aee8200, 0x0000027f8aee84f0]

GC Heap Usage History (20 events):
Event: 6.414 {heap Before GC invocations=23 (full 0):
 garbage-first heap   total reserved 16728064K, committed 442368K, used 391263K [0x0000000403000000, 0x0000000800000000)
  region size 8192K, 31 young (253952K), 2 survivors (16384K)
}
Event: 6.422 {heap After GC invocations=24 (full 0):
 garbage-first heap   total reserved 16728064K, committed 450560K, used 187493K [0x0000000403000000, 0x0000000800000000)
  region size 8192K, 4 young (32768K), 4 survivors (32768K)
}
Event: 6.475 {heap Before GC invocations=24 (full 0):
 garbage-first heap   total reserved 16728064K, committed 450560K, used 392293K [0x0000000403000000, 0x0000000800000000)
  region size 8192K, 29 young (237568K), 4 survivors (32768K)
}
Event: 6.481 {heap After GC invocations=25 (full 0):
 garbage-first heap   total reserved 16728064K, committed 450560K, used 193741K [0x0000000403000000, 0x0000000800000000)
  region size 8192K, 2 young (16384K), 2 survivors (16384K)
}
Event: 6.565 {heap Before GC invocations=26 (full 0):
 garbage-first heap   total reserved 16728064K, committed 450560K, used 390349K [0x0000000403000000, 0x0000000800000000)
  region size 8192K, 27 young (221184K), 2 survivors (16384K)
}
Event: 6.569 {heap After GC invocations=27 (full 0):
 garbage-first heap   total reserved 16728064K, committed 450560K, used 201241K [0x0000000403000000, 0x0000000800000000)
  region size 8192K, 3 young (24576K), 3 survivors (24576K)
}
Event: 7.014 {heap Before GC invocations=27 (full 0):
 garbage-first heap   total reserved 16728064K, committed 450560K, used 389657K [0x0000000403000000, 0x0000000800000000)
  region size 8192K, 27 young (221184K), 3 survivors (24576K)
}
Event: 7.024 {heap After GC invocations=28 (full 0):
 garbage-first heap   total reserved 16728064K, committed 811008K, used 234922K [0x0000000403000000, 0x0000000800000000)
  region size 8192K, 4 young (32768K), 4 survivors (32768K)
}
Event: 20.100 {heap Before GC invocations=28 (full 0):
 garbage-first heap   total reserved 16728064K, committed 811008K, used 677290K [0x0000000403000000, 0x0000000800000000)
  region size 8192K, 59 young (483328K), 4 survivors (32768K)
}
Event: 20.107 {heap After GC invocations=29 (full 0):
 garbage-first heap   total reserved 16728064K, committed 811008K, used 253327K [0x0000000403000000, 0x0000000800000000)
  region size 8192K, 7 young (57344K), 7 survivors (57344K)
}
Event: 20.805 {heap Before GC invocations=29 (full 0):
 garbage-first heap   total reserved 16728064K, committed 811008K, used 679311K [0x0000000403000000, 0x0000000800000000)
  region size 8192K, 59 young (483328K), 7 survivors (57344K)
}
Event: 20.813 {heap After GC invocations=30 (full 0):
 garbage-first heap   total reserved 16728064K, committed 811008K, used 265287K [0x0000000403000000, 0x0000000800000000)
  region size 8192K, 4 young (32768K), 4 survivors (32768K)
}
Event: 22.074 {heap Before GC invocations=30 (full 0):
 garbage-first heap   total reserved 16728064K, committed 811008K, used 707655K [0x0000000403000000, 0x0000000800000000)
  region size 8192K, 59 young (483328K), 4 survivors (32768K)
}
Event: 22.082 {heap After GC invocations=31 (full 0):
 garbage-first heap   total reserved 16728064K, committed 811008K, used 303120K [0x0000000403000000, 0x0000000800000000)
  region size 8192K, 8 young (65536K), 8 survivors (65536K)
}
Event: 22.615 {heap Before GC invocations=32 (full 0):
 garbage-first heap   total reserved 16728064K, committed 811008K, used 704528K [0x0000000403000000, 0x0000000800000000)
  region size 8192K, 58 young (475136K), 8 survivors (65536K)
}
Event: 22.625 {heap After GC invocations=33 (full 0):
 garbage-first heap   total reserved 16728064K, committed 843776K, used 359216K [0x0000000403000000, 0x0000000800000000)
  region size 8192K, 8 young (65536K), 8 survivors (65536K)
}
Event: 23.079 {heap Before GC invocations=33 (full 0):
 garbage-first heap   total reserved 16728064K, committed 843776K, used 719664K [0x0000000403000000, 0x0000000800000000)
  region size 8192K, 53 young (434176K), 8 survivors (65536K)
}
Event: 23.087 {heap After GC invocations=34 (full 0):
 garbage-first heap   total reserved 16728064K, committed 843776K, used 381348K [0x0000000403000000, 0x0000000800000000)
  region size 8192K, 6 young (49152K), 6 survivors (49152K)
}
Event: 23.374 {heap Before GC invocations=34 (full 0):
 garbage-first heap   total reserved 16728064K, committed 843776K, used 725412K [0x0000000403000000, 0x0000000800000000)
  region size 8192K, 49 young (401408K), 6 survivors (49152K)
}
Event: 23.379 {heap After GC invocations=35 (full 0):
 garbage-first heap   total reserved 16728064K, committed 1015808K, used 415204K [0x0000000403000000, 0x0000000800000000)
  region size 8192K, 6 young (49152K), 6 survivors (49152K)
}

Metaspace Usage History (20 events):
Event: 6.414 {metaspace Before GC invocations=23 (full 0):
 Metaspace       used 115718K, committed 117248K, reserved 1179648K
  class space    used 18768K, committed 19392K, reserved 1048576K
}
Event: 6.422 {metaspace After GC invocations=24 (full 0):
 Metaspace       used 115718K, committed 117248K, reserved 1179648K
  class space    used 18768K, committed 19392K, reserved 1048576K
}
Event: 6.475 {metaspace Before GC invocations=24 (full 0):
 Metaspace       used 117149K, committed 118656K, reserved 1179648K
  class space    used 18966K, committed 19584K, reserved 1048576K
}
Event: 6.481 {metaspace After GC invocations=25 (full 0):
 Metaspace       used 117149K, committed 118656K, reserved 1179648K
  class space    used 18966K, committed 19584K, reserved 1048576K
}
Event: 6.565 {metaspace Before GC invocations=26 (full 0):
 Metaspace       used 117886K, committed 119488K, reserved 1179648K
  class space    used 19053K, committed 19712K, reserved 1048576K
}
Event: 6.569 {metaspace After GC invocations=27 (full 0):
 Metaspace       used 117886K, committed 119488K, reserved 1179648K
  class space    used 19053K, committed 19712K, reserved 1048576K
}
Event: 7.014 {metaspace Before GC invocations=27 (full 0):
 Metaspace       used 119511K, committed 121216K, reserved 1179648K
  class space    used 19290K, committed 20032K, reserved 1048576K
}
Event: 7.024 {metaspace After GC invocations=28 (full 0):
 Metaspace       used 119511K, committed 121216K, reserved 1179648K
  class space    used 19290K, committed 20032K, reserved 1048576K
}
Event: 20.100 {metaspace Before GC invocations=28 (full 0):
 Metaspace       used 127214K, committed 128960K, reserved 1179648K
  class space    used 20640K, committed 21376K, reserved 1048576K
}
Event: 20.107 {metaspace After GC invocations=29 (full 0):
 Metaspace       used 127214K, committed 128960K, reserved 1179648K
  class space    used 20640K, committed 21376K, reserved 1048576K
}
Event: 20.805 {metaspace Before GC invocations=29 (full 0):
 Metaspace       used 137459K, committed 139200K, reserved 1179648K
  class space    used 22389K, committed 23104K, reserved 1048576K
}
Event: 20.813 {metaspace After GC invocations=30 (full 0):
 Metaspace       used 137459K, committed 139200K, reserved 1179648K
  class space    used 22389K, committed 23104K, reserved 1048576K
}
Event: 22.074 {metaspace Before GC invocations=30 (full 0):
 Metaspace       used 153530K, committed 155520K, reserved 1179648K
  class space    used 25141K, committed 25984K, reserved 1048576K
}
Event: 22.082 {metaspace After GC invocations=31 (full 0):
 Metaspace       used 153530K, committed 155520K, reserved 1179648K
  class space    used 25141K, committed 25984K, reserved 1048576K
}
Event: 22.615 {metaspace Before GC invocations=32 (full 0):
 Metaspace       used 155034K, committed 156992K, reserved 1245184K
  class space    used 25275K, committed 26112K, reserved 1048576K
}
Event: 22.625 {metaspace After GC invocations=33 (full 0):
 Metaspace       used 155034K, committed 156992K, reserved 1245184K
  class space    used 25275K, committed 26112K, reserved 1048576K
}
Event: 23.079 {metaspace Before GC invocations=33 (full 0):
 Metaspace       used 155401K, committed 157376K, reserved 1245184K
  class space    used 25287K, committed 26112K, reserved 1048576K
}
Event: 23.087 {metaspace After GC invocations=34 (full 0):
 Metaspace       used 155401K, committed 157376K, reserved 1245184K
  class space    used 25287K, committed 26112K, reserved 1048576K
}
Event: 23.374 {metaspace Before GC invocations=34 (full 0):
 Metaspace       used 155690K, committed 157632K, reserved 1245184K
  class space    used 25308K, committed 26112K, reserved 1048576K
}
Event: 23.379 {metaspace After GC invocations=35 (full 0):
 Metaspace       used 155690K, committed 157632K, reserved 1245184K
  class space    used 25308K, committed 26112K, reserved 1048576K
}

Dll operation events (16 events):
Event: 0.093 Loaded shared library C:\Program Files\Java\jdk-25.0.3\bin\java.dll
Event: 0.094 Loaded shared library C:\Program Files\Java\jdk-25.0.3\bin\zip.dll
Event: 0.179 Loaded shared library C:\Program Files\Java\jdk-25.0.3\bin\instrument.dll
Event: 0.184 Loaded shared library C:\Program Files\Java\jdk-25.0.3\bin\net.dll
Event: 0.184 Loaded shared library C:\Program Files\Java\jdk-25.0.3\bin\nio.dll
Event: 0.204 Loaded shared library C:\Program Files\Java\jdk-25.0.3\bin\verify.dll
Event: 0.225 Loaded shared library C:\Program Files\Java\jdk-25.0.3\bin\zip.dll
Event: 0.284 Loaded shared library C:\Program Files\Java\jdk-25.0.3\bin\jimage.dll
Event: 0.539 Loaded shared library C:\Program Files\Java\jdk-25.0.3\bin\management.dll
Event: 0.540 Loaded shared library C:\Program Files\Java\jdk-25.0.3\bin\management_ext.dll
Event: 1.948 Loaded shared library C:\Users\Owner\AppData\Local\Temp\jna--823301853\jna15336360088643249894.dll
Event: 4.934 Loaded shared library C:\Program Files\Java\jdk-25.0.3\bin\sunmscapi.dll
Event: 4.968 Loaded shared library C:\Program Files\Java\jdk-25.0.3\bin\extnet.dll
Event: 5.363 Loaded shared library C:\Users\Owner\AppData\Local\Temp\lwjgl_LichtMeilleur\3.4.1-snapshot\x64\lwjgl.dll
Event: 5.712 Loaded shared library C:\Users\Owner\AppData\Local\Temp\lwjgl_LichtMeilleur\3.4.1-snapshot\x64\lwjgl_opengl.dll
Event: 5.839 Loaded shared library C:\Users\Owner\AppData\Local\Temp\lwjgl_LichtMeilleur\3.4.1-snapshot\x64\lwjgl_stb.dll

Deoptimization events (20 events):
Event: 23.397 Thread 0x0000027fc3b22bf0 DEOPT PACKING pc=0x0000027f889546cc sp=0x000000a4a01fe4c0
Event: 23.397 Thread 0x0000027fc3b22bf0 DEOPT UNPACKING pc=0x0000027f8fc81702 sp=0x000000a4a01fd988 mode 1
Event: 23.397 Thread 0x0000027fc3b22bf0 DEOPT PACKING pc=0x0000027f88c86f44 sp=0x000000a4a01fe550
Event: 23.397 Thread 0x0000027fc3b22bf0 DEOPT UNPACKING pc=0x0000027f8fc81702 sp=0x000000a4a01fdad0 mode 1
Event: 23.397 Thread 0x0000027fc3b22bf0 DEOPT PACKING pc=0x0000027f8ae8f244 sp=0x000000a4a01fe6c0
Event: 23.397 Thread 0x0000027fc3b22bf0 DEOPT UNPACKING pc=0x0000027f8fc81702 sp=0x000000a4a01fdbb8 mode 1
Event: 23.399 Thread 0x0000027fc622f6f0 DEOPT PACKING pc=0x0000027f889546cc sp=0x000000a4a08fead0
Event: 23.399 Thread 0x0000027fc622f6f0 DEOPT UNPACKING pc=0x0000027f8fc81702 sp=0x000000a4a08fdf98 mode 1
Event: 23.399 Thread 0x0000027fc622f6f0 DEOPT PACKING pc=0x0000027f88c86f44 sp=0x000000a4a08feb60
Event: 23.399 Thread 0x0000027fc622f6f0 DEOPT UNPACKING pc=0x0000027f8fc81702 sp=0x000000a4a08fe0e0 mode 1
Event: 23.399 Thread 0x0000027fc622f6f0 DEOPT PACKING pc=0x0000027f8ae8f244 sp=0x000000a4a08fecd0
Event: 23.399 Thread 0x0000027fc622f6f0 DEOPT UNPACKING pc=0x0000027f8fc81702 sp=0x000000a4a08fe1c8 mode 1
Event: 23.403 Thread 0x0000027fbb512b60 Uncommon trap: trap_request=0xffffffde fr.pc=0x0000027f912e8ed4 relative=0x00000000000000d4
Event: 23.403 Thread 0x0000027fbb512b60 Uncommon trap: reason=class_check action=maybe_recompile pc=0x0000027f912e8ed4 method=net.minecraft.world.entity.Entity.getFirstPassenger()Lnet/minecraft/world/entity/Entity; @ 4 c2
Event: 23.403 Thread 0x0000027fbb512b60 DEOPT PACKING pc=0x0000027f912e8ed4 sp=0x000000a49dafe0d0
Event: 23.403 Thread 0x0000027fbb512b60 DEOPT UNPACKING pc=0x0000027f8fd61702 sp=0x000000a49dafe008 mode 2
Event: 23.404 Thread 0x0000027fbb512b60 Uncommon trap: trap_request=0xffffff66 fr.pc=0x0000027f915d4e90 relative=0x0000000000000370
Event: 23.404 Thread 0x0000027fbb512b60 Uncommon trap: reason=loop_limit_check action=maybe_recompile pc=0x0000027f915d4e90 method=net.minecraft.server.level.ChunkMap.anyPlayerCloseEnoughForSpawningInternal(Lnet/minecraft/world/level/ChunkPos;)Z @ 19 c2
Event: 23.404 Thread 0x0000027fbb512b60 DEOPT PACKING pc=0x0000027f915d4e90 sp=0x000000a49dafee50
Event: 23.404 Thread 0x0000027fbb512b60 DEOPT UNPACKING pc=0x0000027f8fd61702 sp=0x000000a49dafee40 mode 2

Classes loaded (20 events):
Event: 23.393 Loading class net/minecraft/core/Holder
Event: 23.393 Loading class net/minecraft/core/Holder done
Event: 23.394 Loading class net/minecraft/core/Holder
Event: 23.394 Loading class net/minecraft/core/Holder done
Event: 23.394 Loading class net/minecraft/world/entity/ai/village/poi/PoiSection
Event: 23.394 Loading class net/minecraft/world/entity/ai/village/poi/PoiSection done
Event: 23.394 Loading class net/minecraft/world/entity/ai/village/poi/PoiSection
Event: 23.394 Loading class net/minecraft/world/entity/ai/village/poi/PoiSection done
Event: 23.394 Loading class net/minecraft/core/Holder
Event: 23.394 Loading class net/minecraft/core/Holder done
Event: 23.394 Loading class net/minecraft/core/Holder
Event: 23.394 Loading class net/minecraft/core/Holder done
Event: 23.395 Loading class net/minecraft/world/entity/ai/village/poi/PoiRecord
Event: 23.395 Loading class net/minecraft/world/entity/ai/village/poi/PoiRecord done
Event: 23.395 Loading class net/minecraft/world/entity/ai/village/poi/PoiRecord
Event: 23.395 Loading class net/minecraft/world/entity/ai/village/poi/PoiRecord done
Event: 23.396 Loading class net/minecraft/world/entity/ai/village/poi/PoiManager
Event: 23.396 Loading class net/minecraft/world/entity/ai/village/poi/PoiManager done
Event: 23.396 Loading class net/minecraft/world/level/chunk/LevelChunkSection
Event: 23.396 Loading class net/minecraft/world/level/chunk/LevelChunkSection done

Classes unloaded (20 events):
Event: 22.137 Thread 0x0000027ff9148f60 Unloading class 0x0000000028353c00 'java/lang/invoke/LambdaForm$DMH+0x0000000028353c00'
Event: 22.137 Thread 0x0000027ff9148f60 Unloading class 0x0000000028353400 'java/lang/invoke/LambdaForm$DMH+0x0000000028353400'
Event: 22.137 Thread 0x0000027ff9148f60 Unloading class 0x0000000028353800 'java/lang/invoke/LambdaForm$DMH+0x0000000028353800'
Event: 22.137 Thread 0x0000027ff9148f60 Unloading class 0x0000000028353000 'java/lang/invoke/LambdaForm$DMH+0x0000000028353000'
Event: 22.137 Thread 0x0000027ff9148f60 Unloading class 0x0000000028352c00 'java/lang/invoke/LambdaForm$DMH+0x0000000028352c00'
Event: 22.137 Thread 0x0000027ff9148f60 Unloading class 0x0000000028352800 'java/lang/invoke/LambdaForm$DMH+0x0000000028352800'
Event: 22.137 Thread 0x0000027ff9148f60 Unloading class 0x0000000028352000 'java/lang/invoke/LambdaForm$DMH+0x0000000028352000'
Event: 22.137 Thread 0x0000027ff9148f60 Unloading class 0x0000000028352400 'java/lang/invoke/LambdaForm$DMH+0x0000000028352400'
Event: 22.137 Thread 0x0000027ff9148f60 Unloading class 0x0000000028351c00 'java/lang/invoke/LambdaForm$DMH+0x0000000028351c00'
Event: 22.137 Thread 0x0000027ff9148f60 Unloading class 0x0000000028351800 'java/lang/invoke/LambdaForm$DMH+0x0000000028351800'
Event: 22.137 Thread 0x0000027ff9148f60 Unloading class 0x0000000028351400 'java/lang/invoke/LambdaForm$DMH+0x0000000028351400'
Event: 22.137 Thread 0x0000027ff9148f60 Unloading class 0x0000000028351000 'java/lang/invoke/LambdaForm$DMH+0x0000000028351000'
Event: 22.137 Thread 0x0000027ff9148f60 Unloading class 0x0000000028350400 'java/lang/invoke/LambdaForm$DMH+0x0000000028350400'
Event: 22.137 Thread 0x0000027ff9148f60 Unloading class 0x0000000028350000 'java/lang/invoke/LambdaForm$DMH+0x0000000028350000'
Event: 22.137 Thread 0x0000027ff9148f60 Unloading class 0x0000000028350800 'java/lang/invoke/LambdaForm$DMH+0x0000000028350800'
Event: 22.137 Thread 0x0000027ff9148f60 Unloading class 0x00000000282ed400 'java/lang/invoke/LambdaForm$MH+0x00000000282ed400'
Event: 22.137 Thread 0x0000027ff9148f60 Unloading class 0x00000000282ecc00 'java/lang/invoke/LambdaForm$DMH+0x00000000282ecc00'
Event: 22.137 Thread 0x0000027ff9148f60 Unloading class 0x00000000282ec000 'java/lang/invoke/LambdaForm$DMH+0x00000000282ec000'
Event: 22.137 Thread 0x0000027ff9148f60 Unloading class 0x0000000028249800 'java/lang/invoke/LambdaForm$DMH+0x0000000028249800'
Event: 22.137 Thread 0x0000027ff9148f60 Unloading class 0x0000000028249400 'java/lang/invoke/LambdaForm$DMH+0x0000000028249400'

Classes redefined (1 events):
Event: 0.210 Thread 0x0000027ff9148f60 redefined class name=java.lang.Throwable, count=1

Internal exceptions (20 events):
Event: 23.356 Thread 0x0000027fc3b22bf0 Exception <a 'sun/nio/fs/WindowsException'{0x000000041f230e10}> (0x000000041f230e10) 
thrown [s\open\src\hotspot\share\prims\jni.cpp, line 516]
Event: 23.358 Thread 0x0000027fc622f6f0 Exception <a 'sun/nio/fs/WindowsException'{0x00000004202e40b0}> (0x00000004202e40b0) 
thrown [s\open\src\hotspot\share\prims\jni.cpp, line 516]
Event: 23.359 Thread 0x0000027fc3b22bf0 Exception <a 'sun/nio/fs/WindowsException'{0x000000041f236728}> (0x000000041f236728) 
thrown [s\open\src\hotspot\share\prims\jni.cpp, line 516]
Event: 23.360 Thread 0x0000027fbb512b60 Exception <a 'java/lang/NoSuchMethodError'{0x000000041f46d420}: 'java.lang.Object java.lang.invoke.DirectMethodHandle$Holder.invokeStatic(java.lang.Object, java.lang.Object, java.lang.Object, int, java.lang.Object, java.lang.Object, java.lang.Object, java.lang.Object)'> (0x000000041f46d420) 
thrown [s\open\src\hotspot\share\interpreter\linkResolver.cpp, line 804]
Event: 23.361 Thread 0x0000027fc622f6f0 Exception <a 'sun/nio/fs/WindowsException'{0x00000004202e9928}> (0x00000004202e9928) 
thrown [s\open\src\hotspot\share\prims\jni.cpp, line 516]
Event: 23.362 Thread 0x0000027fc3b22bf0 Exception <a 'sun/nio/fs/WindowsException'{0x000000041f23be90}> (0x000000041f23be90) 
thrown [s\open\src\hotspot\share\prims\jni.cpp, line 516]
Event: 23.364 Thread 0x0000027fc622f6f0 Exception <a 'sun/nio/fs/WindowsException'{0x00000004202ef280}> (0x00000004202ef280) 
thrown [s\open\src\hotspot\share\prims\jni.cpp, line 516]
Event: 23.365 Thread 0x0000027fc3b22bf0 Exception <a 'sun/nio/fs/WindowsException'{0x000000041f2416a8}> (0x000000041f2416a8) 
thrown [s\open\src\hotspot\share\prims\jni.cpp, line 516]
Event: 23.367 Thread 0x0000027fc622f6f0 Exception <a 'sun/nio/fs/WindowsException'{0x00000004202f4b10}> (0x00000004202f4b10) 
thrown [s\open\src\hotspot\share\prims\jni.cpp, line 516]
Event: 23.371 Thread 0x0000027fc3b22bf0 Exception <a 'sun/nio/fs/WindowsException'{0x000000041f246f28}> (0x000000041f246f28) 
thrown [s\open\src\hotspot\share\prims\jni.cpp, line 516]
Event: 23.380 Thread 0x0000027fc622f6f0 Exception <a 'sun/nio/fs/WindowsException'{0x00000007ff8f9c28}> (0x00000007ff8f9c28) 
thrown [s\open\src\hotspot\share\prims\jni.cpp, line 516]
Event: 23.382 Thread 0x0000027fc3b22bf0 Exception <a 'sun/nio/fs/WindowsException'{0x00000007ffc143e8}> (0x00000007ffc143e8) 
thrown [s\open\src\hotspot\share\prims\jni.cpp, line 516]
Event: 23.383 Thread 0x0000027fbb5198c0 Exception <a 'sun/nio/fs/WindowsException'{0x00000007ffb876f0}> (0x00000007ffb876f0) 
thrown [s\open\src\hotspot\share\prims\jni.cpp, line 516]
Event: 23.385 Thread 0x0000027fc3b22bf0 Exception <a 'sun/nio/fs/WindowsException'{0x00000007ffc19c70}> (0x00000007ffc19c70) 
thrown [s\open\src\hotspot\share\prims\jni.cpp, line 516]
Event: 23.392 Thread 0x0000027fbb512b60 Exception <a 'java/lang/NoSuchMethodError'{0x000000043dbd09c8}: 'java.lang.Object java.lang.invoke.DirectMethodHandle$Holder.newInvokeSpecial(java.lang.Object, java.lang.Object, long, int)'> (0x000000043dbd09c8) 
thrown [s\open\src\hotspot\share\interpreter\linkResolver.cpp, line 804]
Event: 23.392 Thread 0x0000027fbb512b60 Exception <a 'java/lang/NoSuchMethodError'{0x000000043dbd8ba8}: 'java.lang.Object java.lang.invoke.Invokers$Holder.linkToTargetMethod(java.lang.Object, long, int, java.lang.Object)'> (0x000000043dbd8ba8) 
thrown [s\open\src\hotspot\share\interpreter\linkResolver.cpp, line 804]
Event: 23.393 Thread 0x0000027fc3b22bf0 Exception <a 'sun/nio/fs/WindowsException'{0x000000043c88e0a0}> (0x000000043c88e0a0) 
thrown [s\open\src\hotspot\share\prims\jni.cpp, line 516]
Event: 23.395 Thread 0x0000027fc622f6f0 Exception <a 'sun/nio/fs/WindowsException'{0x000000043c95e878}> (0x000000043c95e878) 
thrown [s\open\src\hotspot\share\prims\jni.cpp, line 516]
Event: 23.397 Thread 0x0000027fc3b22bf0 Exception <a 'sun/nio/fs/WindowsException'{0x000000043c8938c8}> (0x000000043c8938c8) 
thrown [s\open\src\hotspot\share\prims\jni.cpp, line 516]
Event: 23.399 Thread 0x0000027fc622f6f0 Exception <a 'sun/nio/fs/WindowsException'{0x000000043c964120}> (0x000000043c964120) 
thrown [s\open\src\hotspot\share\prims\jni.cpp, line 516]

VM Operations (20 events):
Event: 22.207 Executing non-safepoint VM operation: HandshakeAllThreads (Deoptimize)
Event: 22.207 Executing non-safepoint VM operation: HandshakeAllThreads (Deoptimize) done
Event: 22.210 Executing non-safepoint VM operation: HandshakeAllThreads (Deoptimize)
Event: 22.210 Executing non-safepoint VM operation: HandshakeAllThreads (Deoptimize) done
Event: 22.275 Executing non-safepoint VM operation: HandshakeAllThreads (Deoptimize)
Event: 22.275 Executing non-safepoint VM operation: HandshakeAllThreads (Deoptimize) done
Event: 22.302 Executing non-safepoint VM operation: HandshakeAllThreads (Deoptimize)
Event: 22.302 Executing non-safepoint VM operation: HandshakeAllThreads (Deoptimize) done
Event: 22.615 Executing safepoint VM operation: G1CollectForAllocation (G1 Evacuation Pause)
Event: 22.625 Executing safepoint VM operation: G1CollectForAllocation (G1 Evacuation Pause) done
Event: 23.079 Executing safepoint VM operation: G1CollectForAllocation (G1 Evacuation Pause)
Event: 23.087 Executing safepoint VM operation: G1CollectForAllocation (G1 Evacuation Pause) done
Event: 23.132 Executing non-safepoint VM operation: HandshakeAllThreads (Deoptimize)
Event: 23.132 Executing non-safepoint VM operation: HandshakeAllThreads (Deoptimize) done
Event: 23.134 Executing non-safepoint VM operation: HandshakeAllThreads (Deoptimize)
Event: 23.134 Executing non-safepoint VM operation: HandshakeAllThreads (Deoptimize) done
Event: 23.365 Executing non-safepoint VM operation: HandshakeAllThreads (Deoptimize)
Event: 23.365 Executing non-safepoint VM operation: HandshakeAllThreads (Deoptimize) done
Event: 23.374 Executing safepoint VM operation: G1CollectForAllocation (G1 Evacuation Pause)
Event: 23.379 Executing safepoint VM operation: G1CollectForAllocation (G1 Evacuation Pause) done

Memory protections (0 events):
No events

Nmethod flushes (20 events):
Event: 22.146 Thread 0x0000027ff9148f60 flushing  nmethod 0x0000027f88be6a08
Event: 22.146 Thread 0x0000027ff9148f60 flushing  nmethod 0x0000027f88c95f08
Event: 22.146 Thread 0x0000027ff9148f60 flushing  nmethod 0x0000027f88d00d88
Event: 22.146 Thread 0x0000027ff9148f60 flushing  nmethod 0x0000027f88dccc08
Event: 22.146 Thread 0x0000027ff9148f60 flushing  nmethod 0x0000027f88f2d888
Event: 22.146 Thread 0x0000027ff9148f60 flushing  nmethod 0x0000027f88f33988
Event: 22.146 Thread 0x0000027ff9148f60 flushing  nmethod 0x0000027f892af008
Event: 22.146 Thread 0x0000027ff9148f60 flushing  nmethod 0x0000027f893a7f08
Event: 22.146 Thread 0x0000027ff9148f60 flushing  nmethod 0x0000027f8967a908
Event: 22.146 Thread 0x0000027ff9148f60 flushing  nmethod 0x0000027f89792a88
Event: 22.146 Thread 0x0000027ff9148f60 flushing  nmethod 0x0000027f89835f88
Event: 22.146 Thread 0x0000027ff9148f60 flushing  nmethod 0x0000027f89836388
Event: 22.146 Thread 0x0000027ff9148f60 flushing  nmethod 0x0000027f89837008
Event: 22.146 Thread 0x0000027ff9148f60 flushing  nmethod 0x0000027f89837e08
Event: 22.146 Thread 0x0000027ff9148f60 flushing  nmethod 0x0000027f89838f88
Event: 22.146 Thread 0x0000027ff9148f60 flushing osr nmethod 0x0000027f8983b008
Event: 22.146 Thread 0x0000027ff9148f60 flushing  nmethod 0x0000027f89918488
Event: 22.146 Thread 0x0000027ff9148f60 flushing  nmethod 0x0000027f89957188
Event: 22.146 Thread 0x0000027ff9148f60 flushing  nmethod 0x0000027f89957d88
Event: 22.146 Thread 0x0000027ff9148f60 flushing  nmethod 0x0000027f8995b688

Events (20 events):
Event: 21.001 Thread 0x0000027fc3b22bf0 Thread added: 0x0000027fbb5198c0
Event: 21.095 Thread 0x0000027fa81002a0 Thread exited: 0x0000027fa81002a0
Event: 21.095 Thread 0x0000027fa80fc220 Thread exited: 0x0000027fa80fc220
Event: 21.139 Thread 0x0000027fa80fe260 Thread exited: 0x0000027fa80fe260
Event: 21.158 Thread 0x0000027fb0365a20 Thread exited: 0x0000027fb0365a20
Event: 21.158 Thread 0x0000027fb03641f0 Thread exited: 0x0000027fb03641f0
Event: 21.158 Thread 0x0000027fb035f960 Thread exited: 0x0000027fb035f960
Event: 21.201 Thread 0x0000027ff7da8ca0 Thread added: 0x0000027fbb518920
Event: 21.218 Thread 0x0000027ff7da8ca0 Thread added: 0x0000027fbb51e6e0
Event: 21.225 Thread 0x0000027fbb518920 Thread added: 0x0000027fbb51c7a0
Event: 21.244 Thread 0x0000027fb03629c0 Thread added: 0x0000027fba9dd4d0
Event: 21.455 Thread 0x0000027fbc7c60b0 Thread added: 0x0000027fba9e3590
Event: 21.456 Thread 0x0000027fbc7c60b0 Thread added: 0x0000027fba9e3da0
Event: 21.461 Thread 0x0000027fb03629c0 Thread added: 0x0000027fba9e1550
Event: 21.461 Thread 0x0000027fb03629c0 Thread added: 0x0000027fba9e7e20
Event: 21.794 Thread 0x0000027fbb50d570 Thread exited: 0x0000027fbb50d570
Event: 21.794 Thread 0x0000027ff7da8ca0 Thread added: 0x0000027fb53ca940
Event: 21.839 Thread 0x0000027fa8053ce0 Thread added: 0x0000027fb03641f0
Event: 21.961 Thread 0x0000027fbc7c9110 Thread added: 0x0000027fb2b8a7c0
Event: 22.212 Thread 0x0000027fbb5198c0 Thread added: 0x0000027fc622f6f0


Dynamic libraries:
0x00007ff613b00000 - 0x00007ff613b10000 	C:\Program Files\Java\jdk-25.0.3\bin\java.exe
0x00007ffda3b00000 - 0x00007ffda3d66000 	C:\WINDOWS\SYSTEM32\ntdll.dll
0x00007ffd62620000 - 0x00007ffd62641000 	C:\Program Files\Norton\Suite\aswhook.dll
0x00007ffda1c10000 - 0x00007ffda1cd9000 	C:\WINDOWS\System32\KERNEL32.DLL
0x00007ffda1190000 - 0x00007ffda158a000 	C:\WINDOWS\System32\KERNELBASE.dll
0x00007ffda0ee0000 - 0x00007ffda102c000 	C:\WINDOWS\System32\ucrtbase.dll
0x00007ffd86ff0000 - 0x00007ffd87007000 	C:\Program Files\Java\jdk-25.0.3\bin\jli.dll
0x00007ffd868a0000 - 0x00007ffd868be000 	C:\Program Files\Java\jdk-25.0.3\bin\VCRUNTIME140.dll
0x00007ffda1870000 - 0x00007ffda1a37000 	C:\WINDOWS\System32\USER32.dll
0x00007ffda1590000 - 0x00007ffda15b7000 	C:\WINDOWS\System32\win32u.dll
0x00007ffd78a10000 - 0x00007ffd78ca2000 	C:\WINDOWS\WinSxS\amd64_microsoft.windows.common-controls_6595b64144ccf1df_6.0.26100.8521_none_3e08b75ce33403b3\COMCTL32.dll
0x00007ffda2150000 - 0x00007ffda217b000 	C:\WINDOWS\System32\GDI32.dll
0x00007ffda2c00000 - 0x00007ffda2ca9000 	C:\WINDOWS\System32\msvcrt.dll
0x00007ffda15c0000 - 0x00007ffda16eb000 	C:\WINDOWS\System32\gdi32full.dll
0x00007ffda1030000 - 0x00007ffda10d3000 	C:\WINDOWS\System32\msvcp_win.dll
0x00007ffda20c0000 - 0x00007ffda20f2000 	C:\WINDOWS\System32\IMM32.DLL
0x00007ffd87090000 - 0x00007ffd8709c000 	C:\Program Files\Java\jdk-25.0.3\bin\vcruntime140_1.dll
0x00007ffd86800000 - 0x00007ffd8688d000 	C:\Program Files\Java\jdk-25.0.3\bin\msvcp140.dll
0x00007ffce80b0000 - 0x00007ffce8f10000 	C:\Program Files\Java\jdk-25.0.3\bin\server\jvm.dll
0x00007ffda3a00000 - 0x00007ffda3ab6000 	C:\WINDOWS\System32\ADVAPI32.dll
0x00007ffda1f30000 - 0x00007ffda1fda000 	C:\WINDOWS\System32\sechost.dll
0x00007ffda2ae0000 - 0x00007ffda2bf8000 	C:\WINDOWS\System32\RPCRT4.dll
0x00007ffda1e20000 - 0x00007ffda1ea0000 	C:\WINDOWS\System32\WS2_32.dll
0x00007ffda0980000 - 0x00007ffda09de000 	C:\WINDOWS\SYSTEM32\POWRPROF.dll
0x00007ffd92140000 - 0x00007ffd92176000 	C:\WINDOWS\SYSTEM32\WINMM.dll
0x00007ffd99530000 - 0x00007ffd9953b000 	C:\WINDOWS\SYSTEM32\VERSION.dll
0x00007ffda07a0000 - 0x00007ffda07b4000 	C:\WINDOWS\SYSTEM32\UMPDC.dll
0x00007ffd9fb20000 - 0x00007ffd9fb3b000 	C:\WINDOWS\SYSTEM32\kernel.appcore.dll
0x00007ffd87050000 - 0x00007ffd8705a000 	C:\Program Files\Java\jdk-25.0.3\bin\jimage.dll
0x00007ffd92510000 - 0x00007ffd92752000 	C:\WINDOWS\SYSTEM32\DBGHELP.DLL
0x00007ffda2e90000 - 0x00007ffda3213000 	C:\WINDOWS\System32\combase.dll
0x00007ffda1fe0000 - 0x00007ffda20b9000 	C:\WINDOWS\System32\OLEAUT32.dll
0x00007ffd92480000 - 0x00007ffd924bb000 	C:\WINDOWS\SYSTEM32\dbgcore.DLL
0x00007ffda10e0000 - 0x00007ffda1188000 	C:\WINDOWS\System32\bcryptPrimitives.dll
0x00007ffd867c0000 - 0x00007ffd867fd000 	C:\Program Files\Java\jdk-25.0.3\bin\jdwp.dll
0x00007ffd82810000 - 0x00007ffd82820000 	C:\Program Files\Java\jdk-25.0.3\bin\instrument.dll
0x00007ffd82760000 - 0x00007ffd8277f000 	C:\Program Files\Java\jdk-25.0.3\bin\java.dll
0x00007ffda2cb0000 - 0x00007ffda2e48000 	C:\WINDOWS\System32\ole32.dll
0x00007ffda2290000 - 0x00007ffda2a14000 	C:\WINDOWS\System32\SHELL32.dll
0x00007ffd7c470000 - 0x00007ffd7c487000 	C:\Program Files\Java\jdk-25.0.3\bin\zip.dll
0x00007ffd9e990000 - 0x00007ffd9f210000 	C:\WINDOWS\SYSTEM32\windows.storage.dll
0x00007ffda1d00000 - 0x00007ffda1df6000 	C:\WINDOWS\System32\SHCORE.dll
0x00007ffda1ba0000 - 0x00007ffda1c07000 	C:\WINDOWS\System32\shlwapi.dll
0x00007ffda0cb0000 - 0x00007ffda0cd9000 	C:\WINDOWS\SYSTEM32\profapi.dll
0x00007ffd82730000 - 0x00007ffd8273c000 	C:\Program Files\Java\jdk-25.0.3\bin\dt_socket.dll
0x00007ffd9f520000 - 0x00007ffd9f553000 	C:\WINDOWS\SYSTEM32\IPHLPAPI.DLL
0x00007ffda0090000 - 0x00007ffda00fc000 	C:\WINDOWS\system32\mswsock.dll
0x00007ffd7c450000 - 0x00007ffd7c462000 	C:\Program Files\Java\jdk-25.0.3\bin\net.dll
0x00007ffd7af80000 - 0x00007ffd7af96000 	C:\Program Files\Java\jdk-25.0.3\bin\nio.dll
0x00007ffd82710000 - 0x00007ffd82720000 	C:\Program Files\Java\jdk-25.0.3\bin\verify.dll
0x00007ffd82680000 - 0x00007ffd8268a000 	C:\Program Files\Java\jdk-25.0.3\bin\management.dll
0x00007ffd7dff0000 - 0x00007ffd7dffc000 	C:\Program Files\Java\jdk-25.0.3\bin\management_ext.dll
0x00007ffda1ce0000 - 0x00007ffda1ce8000 	C:\WINDOWS\System32\PSAPI.DLL
0x00007ffd64ea0000 - 0x00007ffd64eb8000 	C:\WINDOWS\system32\napinsp.dll
0x00007ffd9f560000 - 0x00007ffd9f6aa000 	C:\WINDOWS\SYSTEM32\DNSAPI.dll
0x00007ffd9fe90000 - 0x00007ffd9fe9d000 	C:\WINDOWS\SYSTEM32\DSPARSE.dll
0x00007ffda1cf0000 - 0x00007ffda1cfa000 	C:\WINDOWS\System32\NSI.dll
0x00007ffd64d50000 - 0x00007ffd64d63000 	C:\WINDOWS\System32\winrnr.dll
0x00007ffd64d20000 - 0x00007ffd64d42000 	C:\WINDOWS\system32\nlansp_c.dll
0x00007ffd989e0000 - 0x00007ffd989f6000 	C:\WINDOWS\system32\wshbth.dll
0x00007ffd92000000 - 0x00007ffd9200b000 	C:\Windows\System32\rasadhlp.dll
0x00007ffd98470000 - 0x00007ffd984f6000 	C:\WINDOWS\System32\fwpuclnt.dll
0x00007ffda0380000 - 0x00007ffda039b000 	C:\WINDOWS\SYSTEM32\CRYPTSP.dll
0x00007ffd9fa80000 - 0x00007ffd9fab9000 	C:\WINDOWS\system32\rsaenh.dll
0x00007ffda0140000 - 0x00007ffda0173000 	C:\WINDOWS\SYSTEM32\USERENV.dll
0x00007ffda0c80000 - 0x00007ffda0caa000 	C:\WINDOWS\SYSTEM32\bcrypt.dll
0x00007ffda0370000 - 0x00007ffda037c000 	C:\WINDOWS\SYSTEM32\CRYPTBASE.dll
0x00007ffd7dc90000 - 0x00007ffd7dcd9000 	C:\Users\Owner\AppData\Local\Temp\jna--823301853\jna15336360088643249894.dll
0x00007ffda2a20000 - 0x00007ffda2ace000 	C:\WINDOWS\System32\clbcatq.dll
0x00007ffd92010000 - 0x00007ffd9202d000 	C:\WINDOWS\SYSTEM32\amsi.dll
0x00007ffd77cc0000 - 0x00007ffd77dc0000 	C:\Program Files\Norton\Suite\aswAMSI.dll
0x00007ffd80570000 - 0x00007ffd805c8000 	C:\WINDOWS\SYSTEM32\Pdh.dll
0x00007ffd6d7c0000 - 0x00007ffd6d7d1000 	C:\WINDOWS\System32\perfos.dll
0x00007ffd9ddf0000 - 0x00007ffd9de02000 	C:\WINDOWS\SYSTEM32\pfclient.dll
0x00007ffd7ddc0000 - 0x00007ffd7ddce000 	C:\Program Files\Java\jdk-25.0.3\bin\sunmscapi.dll
0x00007ffda16f0000 - 0x00007ffda1868000 	C:\WINDOWS\System32\CRYPT32.dll
0x00007ffda0600000 - 0x00007ffda0630000 	C:\WINDOWS\SYSTEM32\ncrypt.dll
0x00007ffda05b0000 - 0x00007ffda05ef000 	C:\WINDOWS\SYSTEM32\NTASN1.dll
0x00007ffd7dec0000 - 0x00007ffd7dec9000 	C:\Program Files\Java\jdk-25.0.3\bin\extnet.dll
0x00007ffd7d870000 - 0x00007ffd7da4d000 	C:\WINDOWS\system32\urlmon.dll
0x00007ffd7d5a0000 - 0x00007ffd7d865000 	C:\WINDOWS\SYSTEM32\iertutil.dll
0x00007ffd9f510000 - 0x00007ffd9f51d000 	C:\WINDOWS\SYSTEM32\netutils.dll
0x00007ffd828e0000 - 0x00007ffd82909000 	C:\WINDOWS\SYSTEM32\srvcli.dll
0x00007ffd79be0000 - 0x00007ffd79c64000 	C:\Users\Owner\AppData\Local\Temp\lwjgl_LichtMeilleur\3.4.1-snapshot\x64\lwjgl.dll
0x00007ffd74db0000 - 0x00007ffd74e3a000 	C:\Users\Owner\AppData\Local\Temp\lwjgl_LichtMeilleur\3.4.1-snapshot\x64\glfw.dll
0x00007ffce97a0000 - 0x00007ffce9a10000 	C:\Users\Owner\AppData\Local\Temp\lwjgl_LichtMeilleur\3.4.1-snapshot\x64\jemalloc.dll
0x00007ffd37960000 - 0x00007ffd379ab000 	C:\WINDOWS\SYSTEM32\dinput8.dll
0x00007ffd58520000 - 0x00007ffd5853c000 	C:\WINDOWS\SYSTEM32\xinput1_4.dll
0x00007ffda0a20000 - 0x00007ffda0a71000 	C:\WINDOWS\SYSTEM32\cfgmgr32.dll
0x00007ffda09f0000 - 0x00007ffda0a1d000 	C:\WINDOWS\SYSTEM32\DEVOBJ.dll
0x00007ffd7c720000 - 0x00007ffd7c905000 	C:\WINDOWS\SYSTEM32\inputhost.dll
0x00007ffd9daa0000 - 0x00007ffd9dbc5000 	C:\WINDOWS\SYSTEM32\CoreMessaging.dll
0x00007ffd9e2e0000 - 0x00007ffd9e30f000 	C:\WINDOWS\SYSTEM32\dwmapi.dll
0x00007ffd9e050000 - 0x00007ffd9e0fa000 	C:\WINDOWS\system32\uxtheme.dll
0x00007ffda1a40000 - 0x00007ffda1b9d000 	C:\WINDOWS\System32\MSCTF.dll
0x00007ffd61290000 - 0x00007ffd6139c000 	C:\WINDOWS\SYSTEM32\opengl32.dll
0x00007ffd7c2d0000 - 0x00007ffd7c2fd000 	C:\WINDOWS\SYSTEM32\GLU32.dll
0x00007ffd9e130000 - 0x00007ffd9e174000 	C:\WINDOWS\SYSTEM32\dxcore.dll
0x00007ffd7d300000 - 0x00007ffd7d31d000 	C:\WINDOWS\SYSTEM32\windows.staterepositorycore.dll
0x00007ffd056f0000 - 0x00007ffd083a2000 	C:\WINDOWS\System32\DriverStore\FileRepository\nv_dispi.inf_amd64_b7cca8360c0d57e9\nvoglv64.dll
0x00007ffda3460000 - 0x00007ffda38e7000 	C:\WINDOWS\System32\SETUPAPI.dll
0x00007ffd9dff0000 - 0x00007ffd9e01a000 	C:\WINDOWS\SYSTEM32\WTSAPI32.dll
0x00007ffd9fdc0000 - 0x00007ffd9fe09000 	C:\WINDOWS\SYSTEM32\SspiCli.dll
0x00007ffda04a0000 - 0x00007ffda04b3000 	C:\WINDOWS\SYSTEM32\msasn1.dll
0x00007ffd98e30000 - 0x00007ffd98e6b000 	C:\WINDOWS\SYSTEM32\cryptnet.dll
0x00007ffda0430000 - 0x00007ffda049a000 	C:\WINDOWS\SYSTEM32\wldp.dll
0x00007ffd98c30000 - 0x00007ffd98da8000 	C:\WINDOWS\SYSTEM32\drvstore.dll
0x00007ffda0d90000 - 0x00007ffda0e13000 	C:\WINDOWS\System32\WINTRUST.dll
0x00007ffd9fc40000 - 0x00007ffd9fc76000 	C:\WINDOWS\SYSTEM32\ntmarta.dll
0x00007ffda2e50000 - 0x00007ffda2e70000 	C:\WINDOWS\System32\imagehlp.dll
0x00007ffd93390000 - 0x00007ffd982e7000 	C:\WINDOWS\System32\DriverStore\FileRepository\nv_dispi.inf_amd64_b7cca8360c0d57e9\nvgpucomp64.dll
0x00007ffd434a0000 - 0x00007ffd435e7000 	C:\WINDOWS\system32\nvspcap64.dll
0x00007ffda04f0000 - 0x00007ffda0551000 	C:\WINDOWS\SYSTEM32\WINSTA.dll
0x00007ffd7c5d0000 - 0x00007ffd7c718000 	C:\WINDOWS\SYSTEM32\textinputframework.dll
0x00007ffd99ff0000 - 0x00007ffd9a2d4000 	C:\WINDOWS\SYSTEM32\CoreUIComponents.dll
0x00007ffd9ac10000 - 0x00007ffd9ad7a000 	C:\WINDOWS\SYSTEM32\wintypes.dll
0x00007ffd9bdf0000 - 0x00007ffd9bef6000 	C:\WINDOWS\SYSTEM32\PROPSYS.dll
0x00007ffd79380000 - 0x00007ffd793f6000 	C:\WINDOWS\SYSTEM32\OLEACC.dll
0x00007ffd0c5d0000 - 0x00007ffd0c7dc000 	C:\Windows\System32\IME\IMEJP\imjpapi.dll
0x00007ffd67f90000 - 0x00007ffd67fcd000 	C:\Windows\System32\IME\shared\imjkapi.dll
0x00007ffd9d370000 - 0x00007ffd9d426000 	C:\WINDOWS\SYSTEM32\policymanager.dll
0x00007ffd7dd80000 - 0x00007ffd7ddb0000 	C:\WINDOWS\SYSTEM32\coreprivacysettingsstore.dll
0x00007ffd64500000 - 0x00007ffd645da000 	C:\Windows\System32\IME\IMEJP\imjppred.dll
0x00007ffd8a840000 - 0x00007ffd8a86a000 	C:\WINDOWS\SYSTEM32\Cabinet.dll
0x00007ffd79b80000 - 0x00007ffd79bdc000 	C:\Users\Owner\AppData\Local\Temp\lwjgl_LichtMeilleur\3.4.1-snapshot\x64\lwjgl_opengl.dll
0x00007ffd65090000 - 0x00007ffd650be000 	C:\Windows\System32\IME\SHARED\imesearchdll.dll
0x00007ffd0c7e0000 - 0x00007ffd0ca82000 	C:\Windows\System32\IME\IMEJP\imjptip.dll
0x00007ffd642f0000 - 0x00007ffd64409000 	C:\Windows\System32\IME\shared\imetip.dll

JVMTI agents:
jdwp path:C:\Program Files\Java\jdk-25.0.3\bin\jdwp.dll, loaded, initialized, options:transport=dt_socket,server=n,suspend=y,address=127.0.0.1:58224
C:\Users\Owner\AppData\Local\JetBrains\IntelliJIdea2026.1\captureAgent\debugger-agent.jar path:C:\Program Files\Java\jdk-25.0.3\bin\instrument.dll, loaded, initialized, instrumentlib options:file:///C:/Users/Owner/AppData/Local/Temp/capture7158545691210261313.props

dbghelp: loaded successfully - version: 4.0.5 - missing functions: none
symbol engine: initialized successfully - sym options: 0x614 - pdb path: .;C:\Program Files\Java\jdk-25.0.3\bin;C:\WINDOWS\SYSTEM32;C:\Program Files\Norton\Suite;C:\WINDOWS\WinSxS\amd64_microsoft.windows.common-controls_6595b64144ccf1df_6.0.26100.8521_none_3e08b75ce33403b3;C:\Program Files\Java\jdk-25.0.3\bin\server;C:\Users\Owner\AppData\Local\Temp\jna--823301853;C:\Users\Owner\AppData\Local\Temp\lwjgl_LichtMeilleur\3.4.1-snapshot\x64;C:\WINDOWS\System32\DriverStore\FileRepository\nv_dispi.inf_amd64_b7cca8360c0d57e9;C:\Windows\System32\IME\IMEJP;C:\Windows\System32\IME\shared;C:\WINDOWS\system32\wbem;C:\WINDOWS\System32\Speech\Common

VM Arguments:
jvm_args: -Ddebugger.agent.enable.coroutines=true -Ddebugger.async.stack.trace.for.all.threads=true -Dfabric.dli.config=J:\minecraft@@0020orgenal@@0020mod@@0020with@@0020GPT\the_end_of_dragon\fabric\.gradle\loom-cache\launch.cfg -Dfabric.dli.env=client -Dfabric.dli.main=net.fabricmc.loader.impl.launch.knot.KnotClient -Dkotlinx.coroutines.debug.enable.creation.stack.trace=false -Dkotlinx.coroutines.debug.enable.flows.stack.trace=true -Dkotlinx.coroutines.debug.enable.mutable.state.flows.stack.trace=true --sun-misc-unsafe-memory-access=allow --enable-native-access=ALL-UNNAMED -agentlib:jdwp=transport=dt_socket,server=n,suspend=y,address=127.0.0.1:58224 -javaagent:C:\Users\Owner\AppData\Local\JetBrains\IntelliJIdea2026.1\captureAgent\debugger-agent.jar=file:///C:/Users/Owner/AppData/Local/Temp/capture7158545691210261313.props -Dfile.encoding=UTF-8 -Duser.country=JP -Duser.language=ja -Duser.variant 
java_command: net.fabricmc.devlaunchinjector.Main
java_class_path (initial): J:\minecraft orgenal mod with GPT\the_end_of_dragon\fabric\build\classes\java\client;J:\minecraft orgenal mod with GPT\the_end_of_dragon\fabric\build\resources\client;C:\Users\Owner\.gradle\caches\modules-2\files-2.1\net.fabricmc\fabric-loader\0.18.6\b823a25197a42c7f32bb904f187cd05730e8873c\fabric-loader-0.18.6.jar;C:\Users\Owner\.gradle\caches\modules-2\files-2.1\net.fabricmc.fabric-api\fabric-api\0.145.4+26.1.2\f6a5958eae1644ce8e8622b513bc6a795594675b\fabric-api-0.145.4+26.1.2.jar;C:\Users\Owner\.gradle\caches\modules-2\files-2.1\curse.maven\geckolib-388172\7806318\b0c7f6888470b521f615842219d082782b5ae816\geckolib-388172-7806318.jar;C:\Users\Owner\.gradle\caches\modules-2\files-2.1\org.ow2.asm\asm\9.9\c29635c8a7afa03d74b33c1884df8abb2b3f3dcc\asm-9.9.jar;C:\Users\Owner\.gradle\caches\modules-2\files-2.1\org.ow2.asm\asm-analysis\9.9\bf4fa6e66638851c1cd22c2caea0c3ee5d5f437\asm-analysis-9.9.jar;C:\Users\Owner\.gradle\caches\modules-2\files-2.1\org.ow2.asm\asm-commons\9.9\db9165a3bf908ded6b08612d583a15d1d0c7bda0\asm-commons-9.9.jar;C:\Users\Owner\.gradle\caches\modules-2\files-2.1\org.ow2.asm\asm-tree\9.9\f8de6eead6d24dd0f45bd065bbe112b2cda6ea21\asm-tree-9.9.jar;C:\Users\Owner\.gradle\caches\modules-2\files-2.1\org.ow2.asm\asm-util\9.9\42fdfc0508b43807c8078d6e82ecff2ce2112ae8\asm-util-9.9.jar;C:\Users\Owner\.gradle\caches\modules-2\files-2.1\net.fabricmc\sponge-mixin\0.17.0+mixin.0.8.7\cf31463202f72d03b0ef1e1e38e8ee71b7faaab6\sponge-mixin-0.17.0+mixin.0.8.7.jar;C:\Users\Owner\.gradle\caches\modules-2\files-2.1\io.github.llamalad7\mixinextras-fabric\0.5.3\8ee5af001acbc9f7970e383bdf0944d063c80f63\mixinextras-fabric-0.5.3.jar;C:\Users\Owner\.gradle\caches\modules-2\files-2.1\net.fabricmc\dev-launch-injector\0.2.1+build.8\da8bef7e6e2f952da707f282bdb46882a0fce5e3\dev-launch-injector-0.2.1+build.8.jar;C:\Users\Owner\.gradle\caches\modules-2\files-2.1\net.fabricmc\fabric-log4j-util\1.0.2\ef0b3fb613356feb75a67d54f2fad6f03a006648\fabric-log4j-util-1.0.2.jar;C:\Users\Owner\.gradle\caches\modules-2\files-2.1\at.yawk.lz4\lz4-java\1.10.1\f541d7f910fe3d76f38f799c507c48cc81b12ecb\lz4-java-1.10.1.jar;C:\Users\Owner\.gradle\caches\modules-2\files-2.1\com.azure\azure-json\1.4.0\fcc1d354dbc3e0300e5276b1bf124d0247799cd8\azure-json-1.4.0.jar;C:\Users\Owner\.gradle\caches\modules-2\files-2.1\com.github.oshi\oshi-core\6.9.0\3224870731860cfcd7744581a05b559e94291e7\oshi-core-6.9.0.jar;C:\Users\Owner\.gradle\caches\modules-2\files-2.1\com.google.code.gson\gson\2.13.2\48b8230771e573b54ce6e867a9001e75977fe78e\gson-2.13.2.jar;C:\Users\Owner\.gradle\caches\modules-2\files-2.1\com.google.guava\failureaccess\1.0.3\aeaffd00d57023a2c947393ed251f0354f0985fc\failureaccess-1.0.3.jar;C:\Users\Owner\.gradle\caches\modules-2\files-2.1\com.google.guava\guava\33.5.0-jre\8699de25f2f979108d6c1b804a7ba38cda1116bc\guava-33.5.0-jre.jar;C:\Users\Owner\.gradle\caches\modules-2\files-2.1\com.ibm.icu\icu4j\77.1\38693cf0b1d7362a8b726af74dc06026a7c23809\icu4j-77.1.jar;C:\Users\Owner\.gradle\caches\modules-2\files-2.1\com.microsoft.azure\msal4j\1.23.1\6c722b514873b24a4e1ce9c22dca36ea3c22bdbe\msal4j-1.23.1.jar;C:\Users\Owner\.gradle\caches\modules-2\files-2.1\com.mojang\authlib\7.0.63\54895b4e25e8b9b4cbbbe25f24eccf2b71b1ac2b\authlib-7.0.63.jar;C:\Users\Owner\.gradle\caches\modules-2\files-2.1\com.mojang\blocklist\1.0.10\5c685c5ffa94c4cd39496c7184c1d122e515ecef\blocklist-1.0.10.jar;C:\Users\Owner\.gradle\caches\modules-2\files-2.1\com.mojang\brigadier\1.3.10\d15b53a14cf20fdcaa98f731af5dda654452c010\brigadier-1.3.10.jar;C:\Users\Owner\.gradle\caches\modules-2\files-2.1\com.mojang\datafixerupper\9.0.19\4e91f9712fa1e83231d1501625381b0210a977da\datafixerupper-9.0.19.jar;C:\Users\Owner\.gradle\caches\modules-2\files-2.1\com.mojang\jtracy\1.0.37\a3fb649b2e2b2288d2978f0b0bc3d83f62809d1e\jtracy-1.0.37.jar;C:\Users\Owner\.gradle\caches\modules-2\files-2.1\com.mojang\jtracy\1.0.37\6ff6d710fd4ffd470f2799653fab57e27fed0c9d\jtracy-1.0.37-natives-windows.jar;C:\Users\Owner\.gradle\caches\modules-2\files-2.1\com.mojang\logging\1.6.11\fd147240733010c158249d986323f9ef98977fe\logging-1.6.11.jar;C:\Users\Owner\.gradle\caches\modules-2\files-2.1\com.mojang\patchy\2.2.10\da05971b07cbb379d002cf7eaec6a2048211fefc\patchy-2.2.10.jar;C:\Users\Owner\.gradle\caches\modules-2\files-2.1\com.mojang\text2speech\1.18.11\e853a12cdd6ba4f4836e8f4bf3b37844a13482b6\text2speech-1.18.11.jar;C:\Users\Owner\.gradle\caches\modules-2\files-2.1\commons-codec\commons-codec\1.19.0\8c0dbe3ae883fceda9b50a6c76e745e548073388\commons-codec-1.19.0.jar;C:\Users\Owner\.gradle\caches\modules-2\files-2.1\commons-io\commons-io\2.20.0\36f3474daec2849c149e877614e7f979b2082cd2\commons-io-2.20.0.jar;C:\Users\Owner\.gradle\caches\modules-2\files-2.1\io.netty\netty-buffer\4.2.7.Final\5555ff561643bf2f8430fb57c24403c0efe15994\netty-buffer-4.2.7.Final.jar;C:\Users\Owner\.gradle\caches\modules-2\files-2.1\io.netty\netty-codec-base\4.2.7.Final\915e381ebabcf115f1c7ff7032d55c48afb50210\netty-codec-base-4.2.7.Final.jar;C:\Users\Owner\.gradle\caches\modules-2\files-2.1\io.netty\netty-codec-compression\4.2.7.Final\572341bc1ca90fd9d6e47f1d2694aab5258566e9\netty-codec-compression-4.2.7.Final.jar;C:\Users\Owner\.gradle\caches\modules-2\files-2.1\io.netty\netty-codec-http\4.2.7.Final\b734c108854099c421fd94d92d9f865e4d4da853\netty-codec-http-4.2.7.Final.jar;C:\Users\Owner\.gradle\caches\modules-2\files-2.1\io.netty\netty-common\4.2.7.Final\11aa30df26af4fca3239ac1917f303a280f301e1\netty-common-4.2.7.Final.jar;C:\Users\Owner\.gradle\caches\modules-2\files-2.1\io.netty\netty-handler\4.2.7.Final\7ad8a1f851e2e6fe93cdd091871fda2b81c03b5b\netty-handler-4.2.7.Final.jar;C:\Users\Owner\.gradle\caches\modules-2\files-2.1\io.netty\netty-resolver\4.2.7.Final\5f3e5ef8de03992cd4fb46960dc0085ec1a12a12\netty-resolver-4.2.7.Final.jar;C:\Users\Owner\.gradle\caches\modules-2\files-2.1\io.netty\netty-transport-classes-epoll\4.2.7.Final\1075c09f48a78eef9d819fbfd9096b903fdd362a\netty-transport-classes-epoll-4.2.7.Final.jar;C:\Users\Owner\.gradle\caches\modules-2\files-2.1\io.netty\netty-transport-classes-kqueue\4.2.7.Final\bdec7c23c75caabd848426d073c09568e8d5f94e\netty-transport-classes-kqueue-4.2.7.Final.jar;C:\Users\Owner\.gradle\caches\modules-2\files-2.1\io.netty\netty-transport-native-unix-common\4.2.7.Final\89953f04259ea7502cffb313630dd51e00e60669\netty-transport-native-unix-common-4.2.7.Final.jar;C:\Users\Owner\.gradle\caches\modules-2\files-2.1\io.netty\netty-transport\4.2.7.Final\83ea548981d0d8c4a98027cc1a6f9624f902e142\netty-transport-4.2.7.Final.jar;C:\Users\Owner\.gradle\caches\modules-2\files-2.1\it.unimi.dsi\fastutil\8.5.18\a6cff377eecc19c2037bf31568a6d7106b50ba1f\fastutil-8.5.18.jar;C:\Users\Owner\.gradle\caches\modules-2\files-2.1\net.java.dev.jna\jna-platform\5.17.0\a4934c44d25a9d8c2ddf4203affd20330cb3426f\jna-platform-5.17.0.jar;C:\Users\Owner\.gradle\caches\modules-2\files-2.1\net.java.dev.jna\jna\5.17.0\33d12735bef894440780fce64f9758d420c7bae2\jna-5.17.0.jar;C:\Users\Owner\.gradle\caches\modules-2\files-2.1\net.sf.jopt-simple\jopt-simple\5.0.4\4fdac2fbe92dfad86aa6e9301736f6b4342a3f5c\jopt-simple-5.0.4.jar;C:\Users\Owner\.gradle\caches\modules-2\files-2.1\org.apache.commons\commons-compress\1.28.0\e482f2c7a88dac3c497e96aa420b6a769f59c8d7\commons-compress-1.28.0.jar;C:\Users\Owner\.gradle\caches\modules-2\files-2.1\org.apache.commons\commons-lang3\3.19.0\d6524b169a6574cd253760c472d419b47bfd37e6\commons-lang3-3.19.0.jar;C:\Users\Owner\.gradle\caches\modules-2\files-2.1\org.apache.logging.log4j\log4j-api\2.25.2\292c1a2b1702f1e1e3adb13e1c57e5bff60335ff\log4j-api-2.25.2.jar;C:\Users\Owner\.gradle\caches\modules-2\files-2.1\org.apache.logging.log4j\log4j-core\2.25.2\d4d0ad2e51e03e531f784891fbfff1bae1e13a12\log4j-core-2.25.2.jar;C:\Users\Owner\.gradle\caches\modules-2\files-2.1\org.apache.logging.log4j\log4j-slf4j2-impl\2.25.2\5eec0c392661dee8a366baec17e8896900dd978f\log4j-slf4j2-impl-2.25.2.jar;C:\Users\Owner\.gradle\caches\modules-2\files-2.1\org.jcraft\jorbis\0.0.17\8872d22b293e8f5d7d56ff92be966e6dc28ebdc6\jorbis-0.0.17.jar;C:\Users\Owner\.gradle\caches\modules-2\files-2.1\org.joml\joml\1.10.8\fc0a71dad90a2cf41d82a76156a0e700af8e4f8d\joml-1.10.8.jar;C:\Users\Owner\.gradle\caches\modules-2\files-2.1\org.jspecify\jspecify\1.0.0\7425a601c1c7ec76645a78d22b8c6a627edee507\jspecify-1.0.0.jar;C:\Users\Owner\.gradle\caches\modules-2\files-2.1\org.lwjgl\lwjgl-freetype\3.4.1\caa75a37e857efc9b0686e434d708d6420c5b6ea\lwjgl-freetype-3.4.1.jar;C:\Users\Owner\.gradle\caches\modules-2\files-2.1\org.lwjgl\lwjgl-freetype\3.4.1\32fc9cfd236aca5433d53af78bfb15f1b4c1103e\lwjgl-freetype-3.4.1-natives-windows.jar;C:\Users\Owner\.gradle\caches\modules-2\files-2.1\org.lwjgl\lwjgl-freetype\3.4.1\a677b4a7bba84f925b4cc4f52a58c5248974bdeb\lwjgl-freetype-3.4.1-natives-windows-arm64.jar;C:\Users\Owner\.gradle\caches\modules-2\files-2.1\org.lwjgl\lwjgl-freetype\3.4.1\81431d868bcf162d4c915b9c39b2c7aae155ad4f\lwjgl-freetype-3.4.1-natives-windows-x86.jar;C:\Users\Owner\.gradle\caches\modules-2\files-2.1\org.lwjgl\lwjgl-glfw\3.4.1\a782b1ddd175c9107bf300fd92920579ea65e2a4\lwjgl-glfw-3.4.1.jar;C:\Users\Owner\.gradle\caches\modules-2\files-2.1\org.lwjgl\lwjgl-glfw\3.4.1\2eb4aa895ea190ba8cf4356f8cea24d3ebb40ea1\lwjgl-glfw-3.4.1-natives-windows.jar;C:\Users\Owner\.gradle\caches\modules-2\files-2.1\org.lwjgl\lwjgl-glfw\3.4.1\196101d96d9b2aa73264a96ae1dc8944a1446cee\lwjgl-glfw-3.4.1-natives-windows-arm64.jar;C:\Users\Owner\.gradle\caches\modules-2\files-2.1\org.lwjgl\lwjgl-glfw\3.4.1\a48bbdd544f00c88f8906e9d09e3f31bc1c17fac\lwjgl-glfw-3.4.1-natives-windows-x86.jar;C:\Users\Owner\.gradle\caches\modules-2\files-2.1\org.lwjgl\lwjgl-jemalloc\3.4.1\16b663092854fc6adfe0a941e61cae2bb2e437b6\lwjgl-jemalloc-3.4.1.jar;C:\Users\Owner\.gradle\caches\modules-2\files-2.1\org.lwjgl\lwjgl-jemalloc\3.4.1\70db8048d1aca8a6365f46f9963b8d6cd77b9e94\lwjgl-jemalloc-3.4.1-natives-windows.jar;C:\Users\Owner\.gradle\caches\modules-2\files-2.1\org.lwjgl\lwjgl-jemalloc\3.4.1\662e0926dd990f679e1cfb31d710d22d175bdabc\lwjgl-jemalloc-3.4.1-natives-windows-arm64.jar;C:\Users\Owner\.gradle\caches\modules-2\files-2.1\org.lwjgl\lwjgl-jemalloc\3.4.1\d8cf69e1155df83260f9bbe01944fe91f8ca3955\lwjgl-jemalloc-3.4.1-natives-windows-x86.jar;C:\Users\Owner\.gradle\caches\modules-2\files-2.1\org.lwjgl\lwjgl-openal\3.4.1\8508bd60589de0539aa465b78fcf838efd07ae9a\lwjgl-openal-3.4.1.jar;C:\Users\Owner\.gradle\caches\modules-2\files-2.1\org.lwjgl\lwjgl-openal\3.4.1\8e83fdfdf65c80c9877c6fb6cb645d239ed7638\lwjgl-openal-3.4.1-natives-windows.jar;C:\Users\Owner\.gradle\caches\modules-2\files-2.1\org.lwjgl\lwjgl-openal\3.4.1\4b996cc3321a807ee34e7ce53aba7fe529dc485a\lwjgl-openal-3.4.1-natives-windows-arm64.jar;C:\Users\Owner\.gradle\caches\modules-2\files-2.1\org.lwjgl\lwjgl-openal\3.4.1\9e4bab87e9b89876fa77ea3c19e1b45334b97c10\lwjgl-openal-3.4.1-natives-windows-x86.jar;C:\Users\Owner\.gradle\caches\modules-2\files-2.1\org.lwjgl\lwjgl-opengl\3.4.1\830412cab823c029cda6b9729f9d2ed36cf79959\lwjgl-opengl-3.4.1.jar;C:\Users\Owner\.gradle\caches\modules-2\files-2.1\org.lwjgl\lwjgl-opengl\3.4.1\617f37ef4e2ffb727bd5e74333e8073ef43ca1ec\lwjgl-opengl-3.4.1-natives-windows.jar;C:\Users\Owner\.gradle\caches\modules-2\files-2.1\org.lwjgl\lwjgl-opengl\3.4.1\4b6a9c5d7d5325312b740d9886087b7292b43bf9\lwjgl-opengl-3.4.1-natives-windows-arm64.jar;C:\Users\Owner\.gradle\caches\modules-2\files-2.1\org.lwjgl\lwjgl-opengl\3.4.1\cfd47352b758a0c9f7046de467b103182ec77eb1\lwjgl-opengl-3.4.1-natives-windows-x86.jar;C:\Users\Owner\.gradle\caches\modules-2\files-2.1\org.lwjgl\lwjgl-stb\3.4.1\f077c3dafc31924fbe8acb0b913f08977ba27f8e\lwjgl-stb-3.4.1.jar;C:\Users\Owner\.gradle\caches\modules-2\files-2.1\org.lwjgl\lwjgl-stb\3.4.1\b4e13ece83c228ecf57354639d8555076a989d74\lwjgl-stb-3.4.1-natives-windows.jar;C:\Users\Owner\.gradle\caches\modules-2\files-2.1\org.lwjgl\lwjgl-stb\3.4.1\7f4c39b3d56c7bae4900ee6e59d8f75432bdb18f\lwjgl-stb-3.4.1-natives-windows-arm64.jar;C:\Users\Owner\.gradle\caches\modules-2\files-2.1\org.lwjgl\lwjgl-stb\3.4.1\e091cd3b25ab7db88f0e34a0d2797dc396a528fa\lwjgl-stb-3.4.1-natives-windows-x86.jar;C:\Users\Owner\.gradle\caches\modules-2\files-2.1\org.lwjgl\lwjgl-tinyfd\3.4.1\562697d40dbd2ed0424bf24dcf65d51170f81adf\lwjgl-tinyfd-3.4.1.jar;C:\Users\Owner\.gradle\caches\modules-2\files-2.1\org.lwjgl\lwjgl-tinyfd\3.4.1\bdd8c03151cc94460247986f843d134ae8f9406a\lwjgl-tinyfd-3.4.1-natives-windows.jar;C:\Users\Owner\.gradle\caches\modules-2\files-2.1\org.lwjgl\lwjgl-tinyfd\3.4.1\9c93b8211856bfe682f3225ccac811e74243f98e\lwjgl-tinyfd-3.4.1-natives-windows-arm64.jar;C:\Users\Owner\.gradle\caches\modules-2\files-2.1\org.lwjgl\lwjgl-tinyfd\3.4.1\f585da74a17695ba38351697712c03784ee1348b\lwjgl-tinyfd-3.4.1-natives-windows-x86.jar;C:\Users\Owner\.gradle\caches\modules-2\files-2.1\org.lwjgl\lwjgl\3.4.1\6105690714874b995aa7812e4f7732a21109276c\lwjgl-3.4.1.jar;C:\Users\Owner\.gradle\caches\modules-2\files-2.1\org.lwjgl\lwjgl\3.4.1\96a217f0428ab73487f114a54179a4f41e851a04\lwjgl-3.4.1-natives-windows.jar;C:\Users\Owner\.gradle\caches\modules-2\files-2.1\org.lwjgl\lwjgl\3.4.1\d1d3a7052da47ccde2a5fdf3a1bd45d801c3157c\lwjgl-3.4.1-natives-windows-arm64.jar;C:\Users\Owner\.gradle\caches\modules-2\files-2.1\org.lwjgl\lwjgl\3.4.1\65de43bd52507e108a58247c0da57a50ce3ee6f6\lwjgl-3.4.1-natives-windows-x86.jar;C:\Users\Owner\.gradle\caches\modules-2\files-2.1\org.slf4j\slf4j-api\2.0.17\d9e58ac9c7779ba3bf8142aff6c830617a7fe60f\slf4j-api-2.0.17.jar;J:\minecraft orgenal mod with GPT\the_end_of_dragon\.gradle\loom-cache\minecraftMaven\net\minecraft\minecraft-clientOnly-39a6175d73\26.1.2\minecraft-clientOnly-39a6175d73-26.1.2.jar;J:\minecraft orgenal mod with GPT\the_end_of_dragon\.gradle\loom-cache\minecraftMaven\net\minecraft\minecraft-common-39a6175d73\26.1.2\minecraft-common-39a6175d73-26.1.2.jar;C:\Users\Owner\.gradle\caches\modules-2\files-2.1\io.netty\netty-transport-native-epoll\4.2.7.Final\e83998bfc10b5289d9bcbe807c4079ef0eed8e6f\netty-transport-native-epoll-4.2.7.Final-linux-x86_64.jar;C:\Users\Owner\.gradle\caches\modules-2\files-2.1\io.netty\netty-transport-native-epoll\4.2.7.Final\98d02251c98c8f07a23ac5ea27657d9e0ef57614\netty-transport-native-epoll-4.2.7.Final-linux-aarch_64.jar;C:\Users\Owner\.gradle\caches\modules-2\files-2.1\io.netty\netty-transport-native-kqueue\4.2.7.Final\40868fd4e43bce2798245f790624b58803dc26b6\netty-transport-native-kqueue-4.2.7.Final-osx-x86_64.jar;C:\Users\Owner\.gradle\caches\modules-2\files-2.1\io.netty\netty-transport-native-kqueue\4.2.7.Final\e5a0feef41410c8a5ae00c6cb4e0c99bd0aded6a\netty-transport-native-kqueue-4.2.7.Final-osx-aarch_64.jar;C:\Users\Owner\.gradle\caches\modules-2\files-2.1\net.fabricmc.fabric-api\fabric-transfer-api-v1\8.0.2+d871b99e39\91b9b1733feeb9234602e11b6144d2bc019bf4b0\fabric-transfer-api-v1-8.0.2+d871b99e39.jar;C:\Users\Owner\.gradle\caches\modules-2\files-2.1\net.fabricmc.fabric-api\fabric-api-lookup-api-v1\2.0.10+d5a053b639\b961c1555ea0947153d6b2d0138f7181b88747d\fabric-api-lookup-api-v1-2.0.10+d5a053b639.jar;C:\Users\Owner\.gradle\caches\modules-2\files-2.1\net.fabricmc.fabric-api\fabric-command-api-v2\3.0.5+e2bdee7839\10548ff2b7c417dfd62d46f7997bcab48f3853cd\fabric-command-api-v2-3.0.5+e2bdee7839.jar;C:\Users\Owner\.gradle\caches\modules-2\files-2.1\net.fabricmc.fabric-api\fabric-content-registries-v0\11.0.12+d871b99e39\d1463c10d511d2542482173d339e9cf5709043bd\fabric-content-registries-v0-11.0.12+d871b99e39.jar;C:\Users\Owner\.gradle\caches\modules-2\files-2.1\net.fabricmc.fabric-api\fabric-data-generation-api-v1\24.0.17+35c80edc39\d9f07782c42dbde190d6c07099d529ede41680a6\fabric-data-generation-api-v1-24.0.17+35c80edc39.jar;C:\Users\Owner\.gradle\caches\modules-2\files-2.1\net.fabricmc.fabric-api\fabric-convention-tags-v2\4.3.2+c37e6e5f39\4f46111a925877d1559c41f03223f06b4da3a715\fabric-convention-tags-v2-4.3.2+c37e6e5f39.jar;C:\Users\Owner\.gradle\caches\modules-2\files-2.1\net.fabricmc.fabric-api\fabric-creative-tab-api-v1\5.0.10+d871b99e39\8632530aae80afe84e60adcea9eed6d6e565df95\fabric-creative-tab-api-v1-5.0.10+d871b99e39.jar;C:\Users\Owner\.gradle\caches\modules-2\files-2.1\net.fabricmc.fabric-api\fabric-data-attachment-api-v1\2.2.3+d602a89639\e84f7afd85bb086cdc440e6e6a683a0cbb8b923d\fabric-data-attachment-api-v1-2.2.3+d602a89639.jar;C:\Users\Owner\.gradle\caches\modules-2\files-2.1\net.fabricmc.fabric-api\fabric-debug-api-v1\1.0.1+c792624d39\b9791fbdbee04e19b22683871085a2afa77ffd59\fabric-debug-api-v1-1.0.1+c792624d39.jar;C:\Users\Owner\.gradle\caches\modules-2\files-2.1\net.fabricmc.fabric-api\fabric-dimensions-v1\5.1.4+9cbf5da539\dbdfd36291b0d22031c64e1e55f8a2cb283e9337\fabric-dimensions-v1-5.1.4+9cbf5da539.jar;C:\Users\Owner\.gradle\caches\modules-2\files-2.1\net.fabricmc.fabric-api\fabric-entity-events-v1\5.0.2+e2bdee7839\4351ed2fcdfa0c8b7a3d2c36a46670ed461af3a0\fabric-entity-events-v1-5.0.2+e2bdee7839.jar;C:\Users\Owner\.gradle\caches\modules-2\files-2.1\net.fabricmc.fabric-api\fabric-events-interaction-v0\5.1.10+c82f046139\9b5b7d40f9bda0a9eb0ed595974c63bd077a2d23\fabric-events-interaction-v0-5.1.10+c82f046139.jar;C:\Users\Owner\.gradle\caches\modules-2\files-2.1\net.fabricmc.fabric-api\fabric-game-rule-api-v1\4.0.5+d871b99e39\a130ffc8d2f8d0966ff05742ee57d3f0b78289fc\fabric-game-rule-api-v1-4.0.5+d871b99e39.jar;C:\Users\Owner\.gradle\caches\modules-2\files-2.1\net.fabricmc.fabric-api\fabric-gametest-api-v1\4.0.13+00a1fba639\864fbcf8c4e74aa776fd06b5c11dc64bc31c860f\fabric-gametest-api-v1-4.0.13+00a1fba639.jar;C:\Users\Owner\.gradle\caches\modules-2\files-2.1\net.fabricmc.fabric-api\fabric-item-api-v1\14.1.0+9833182c39\8d76358ee41a297970aa5efbb3057e2e04d83e5d\fabric-item-api-v1-14.1.0+9833182c39.jar;C:\Users\Owner\.gradle\caches\modules-2\files-2.1\net.fabricmc.fabric-api\fabric-recipe-api-v1\9.0.13+be4b75ae39\8d5c45b18cc18cce01efb54835fa9ac09a4fe208\fabric-recipe-api-v1-9.0.13+be4b75ae39.jar;C:\Users\Owner\.gradle\caches\modules-2\files-2.1\net.fabricmc.fabric-api\fabric-model-loading-api-v1\8.0.3+c80601bb39\19ef8dab4660d06bd26357024e2733924ae4cdb\fabric-model-loading-api-v1-8.0.3+c80601bb39.jar;C:\Users\Owner\.gradle\caches\modules-2\files-2.1\net.fabricmc.fabric-api\fabric-renderer-indigo\8.0.2+a6be36ef39\3abc5ae5f10b05a08db6a9dca31b6bfb59971fb\fabric-renderer-indigo-8.0.2+a6be36ef39.jar;C:\Users\Owner\.gradle\caches\modules-2\files-2.1\net.fabricmc.fabric-api\fabric-renderer-api-v1\13.0.0+c80601bb39\c3e8c145aeee55f2e76c45718af25b0817be4584\fabric-renderer-api-v1-13.0.0+c80601bb39.jar;C:\Users\Owner\.gradle\caches\modules-2\files-2.1\net.fabricmc.fabric-api\fabric-rendering-v1\23.0.4+c7e428fd39\775fd4c6c91d75439ea3fe9fbb80aedb26d43763\fabric-rendering-v1-23.0.4+c7e428fd39.jar;C:\Users\Owner\.gradle\caches\modules-2\files-2.1\net.fabricmc.fabric-api\fabric-lifecycle-events-v1\4.0.6+a9b9c17639\1391e6ce52ad05c3ef51ec461ce31ed05b32e3b8\fabric-lifecycle-events-v1-4.0.6+a9b9c17639.jar;C:\Users\Owner\.gradle\caches\modules-2\files-2.1\net.fabricmc.fabric-api\fabric-loot-api-v3\3.0.11+00a1fba639\bb18f62d32df09d49d392f24fc59735c15782335\fabric-loot-api-v3-3.0.11+00a1fba639.jar;C:\Users\Owner\.gradle\caches\modules-2\files-2.1\net.fabricmc.fabric-api\fabric-menu-api-v1\2.0.12+d871b99e39\8e260bcc1209af6e41c575e7080a435cc280f6cf\fabric-menu-api-v1-2.0.12+d871b99e39.jar;C:\Users\Owner\.gradle\caches\modules-2\files-2.1\net.fabricmc.fabric-api\fabric-message-api-v1\7.0.5+dae8ce3e39\dd4aa0822a0e10f5c94aa2f1120cd90d49b937b3\fabric-message-api-v1-7.0.5+dae8ce3e39.jar;C:\Users\Owner\.gradle\caches\modules-2\files-2.1\net.fabricmc.fabric-api\fabric-particles-v1\5.0.14+b61fef4339\884817fa132fdbe59f7d17d374ca8c3db1731421\fabric-particles-v1-5.0.14+b61fef4339.jar;C:\Users\Owner\.gradle\caches\modules-2\files-2.1\net.fabricmc.fabric-api\fabric-object-builder-api-v1\23.0.13+b61fef4339\975f55b99405c8abb185661b289eb0e0686e9f4d\fabric-object-builder-api-v1-23.0.13+b61fef4339.jar;C:\Users\Owner\.gradle\caches\modules-2\files-2.1\net.fabricmc.fabric-api\fabric-registry-sync-v0\7.0.12+b61fef4339\be9ab6b5c123d594360b98fec40bed07d6dbe35\fabric-registry-sync-v0-7.0.12+b61fef4339.jar;C:\Users\Owner\.gradle\caches\modules-2\files-2.1\net.fabricmc.fabric-api\fabric-networking-api-v1\6.3.0+50a808ce39\98c91c80f1bb156ea293343a581abd747120b8d\fabric-networking-api-v1-6.3.0+50a808ce39.jar;C:\Users\Owner\.gradle\caches\modules-2\files-2.1\net.fabricmc.fabric-api\fabric-rendering-fluids-v1\6.0.1+d871b99e39\b9c07322aad9f74508b9996b01049822a8f2fd61\fabric-rendering-fluids-v1-6.0.1+d871b99e39.jar;C:\Users\Owner\.gradle\caches\modules-2\files-2.1\net.fabricmc.fabric-api\fabric-tag-api-v1\2.0.9+11a26f3139\2db761550726f440cec4e7203e1ba407fe7f1eca\fabric-tag-api-v1-2.0.9+11a26f3139.jar;C:\Users\Owner\.gradle\caches\modules-2\files-2.1\net.fabricmc.fabric-api\fabric-resource-loader-v0\3.3.16+4fc5413f39\a01c1e5b66047a2177866ef6c1968986f1ed528b\fabric-resource-loader-v0-3.3.16+4fc5413f39.jar;C:\Users\Owner\.gradle\caches\modules-2\files-2.1\net.fabricmc.fabric-api\fabric-resource-loader-v1\2.0.9+d871b99e39\65c314cfd24c9f50821686d05e5b18b569ec51ab\fabric-resource-loader-v1-2.0.9+d871b99e39.jar;C:\Users\Owner\.gradle\caches\modules-2\files-2.1\net.fabricmc.fabric-api\fabric-screen-api-v1\5.0.1+d871b99e39\1f5bc27c49357d4e22df816a476ffbbbff3f97b6\fabric-screen-api-v1-5.0.1+d871b99e39.jar;C:\Users\Owner\.gradle\caches\modules-2\files-2.1\net.fabricmc.fabric-api\fabric-api-base\2.0.3+ece0632339\5c9f61de9a3f982deec09f2f345d8aea1d0e1d7d\fabric-api-base-2.0.3+ece0632339.jar;C:\Users\Owner\.gradle\caches\modules-2\files-2.1\net.fabricmc.fabric-api\fabric-biome-api-v1\18.0.4+35c80edc39\cc953874bea507821c78f9e06be59ad2a13c2a9d\fabric-biome-api-v1-18.0.4+35c80edc39.jar;C:\Users\Owner\.gradle\caches\modules-2\files-2.1\net.fabricmc.fabric-api\fabric-block-api-v1\3.0.2+ec56b60139\85d612b2032b95f4709835fc6a7b28bec10ba819\fabric-block-api-v1-3.0.2+ec56b60139.jar;C:\Users\Owner\.gradle\caches\modules-2\files-2.1\net.fabricmc.fabric-api\fabric-block-getter-api-v2\2.0.6+ec56b60139\fb8fc18856e44b16b31e7a394f249b849b4b88ed\fabric-block-getter-api-v2-2.0.6+ec56b60139.jar;C:\Users\Owner\.gradle\caches\modules-2\files-2.1\net.fabricmc.fabric-api\fabric-client-gametest-api-v1\5.0.14+9c21967139\8f823f915f695247b5a9f1a03c2dd3cef027958c\fabric-client-gametest-api-v1-5.0.14+9c21967139.jar;C:\Users\Owner\.gradle\caches\modules-2\files-2.1\net.fabricmc.fabric-api\fabric-crash-report-info-v1\1.0.3+9f78a5a839\aac6fe7e043507af39bbe857b12b469cf91f3848\fabric-crash-report-info-v1-1.0.3+9f78a5a839.jar;C:\Users\Owner\.gradle\caches\modules-2\files-2.1\net.fabricmc.fabric-api\fabric-key-mapping-api-v1\2.0.4+e2bdee7839\1b1e4d6c551f2140827b9ed16478cadb8c81633a\fabric-key-mapping-api-v1-2.0.4+e2bdee7839.jar;C:\Users\Owner\.gradle\caches\modules-2\files-2.1\net.fabricmc.fabric-api\fabric-resource-conditions-api-v1\6.0.5+00a1fba639\838cfa9d7709a518263d7cac4f9eb2d3e5ea7e6d\fabric-resource-conditions-api-v1-6.0.5+00a1fba639.jar;C:\Users\Owner\.gradle\caches\modules-2\files-2.1\net.fabricmc.fabric-api\fabric-serialization-api-v1\2.0.3+11a26f3139\a4dad7cf50e6727879ebab013f947c078d9e6779\fabric-serialization-api-v1-2.0.3+11a26f3139.jar;C:\Users\Owner\.gradle\caches\modules-2\files-2.1\net.fabricmc.fabric-api\fabric-sound-api-v1\2.0.4+11a26f3139\29db65b5994288adbb30e50af802904beb968387\fabric-sound-api-v1-2.0.4+11a26f3139.jar;C:\Users\Owner\.gradle\caches\modules-2\files-2.1\net.fabricmc.fabric-api\fabric-transitive-access-wideners-v1\8.0.11+d871b99e39\f7b531d31939d10a244b3164624a93786df0b784\fabric-transitive-access-wideners-v1-8.0.11+d871b99e39.jar;J:\minecraft orgenal mod with GPT\the_end_of_dragon\fabric\build\classes\java\main;J:\minecraft orgenal mod with GPT\the_end_of_dragon\fabric\build\resources\main
Launcher Type: SUN_STANDARD

[Global flags]
     intx CICompilerCount                          = 12                                        {product} {ergonomic}
     uint ConcGCThreads                            = 5                                         {product} {ergonomic}
     uint G1ConcRefinementThreads                  = 20                                        {product} {ergonomic}
   size_t G1HeapRegionSize                         = 8388608                                   {product} {ergonomic}
   size_t InitialHeapSize                          = 1073741824                                {product} {ergonomic}
   size_t MarkStackSize                            = 4194304                                   {product} {ergonomic}
   size_t MarkStackSizeMax                         = 536870912                                 {product} {ergonomic}
   size_t MaxHeapSize                              = 17129537536                               {product} {ergonomic}
   size_t MaxNewSize                               = 10276044800                               {product} {ergonomic}
   size_t MinHeapDeltaBytes                        = 8388608                                   {product} {ergonomic}
   size_t MinHeapSize                              = 8388608                                   {product} {ergonomic}
    uintx NonNMethodCodeHeapSize                   = 7602176                                {pd product} {ergonomic}
    uintx NonProfiledCodeHeapSize                  = 122093568                              {pd product} {ergonomic}
    uintx ProfiledCodeHeapSize                     = 121962496                              {pd product} {ergonomic}
    uintx ReservedCodeCacheSize                    = 251658240                              {pd product} {ergonomic}
     bool SegmentedCodeCache                       = true                                      {product} {ergonomic}
   size_t SoftMaxHeapSize                          = 17129537536                            {manageable} {ergonomic}
     bool UseCompressedOops                        = true                           {product lp64_product} {ergonomic}
     bool UseG1GC                                  = true                                      {product} {ergonomic}
     bool UseLargePagesIndividualAllocation        = false                                  {pd product} {ergonomic}

Logging:
Log output configuration:
 #0: stdout all=warning uptime,level,tags foldmultilines=false
 #1: stderr all=off uptime,level,tags foldmultilines=false

Release file:
IMPLEMENTOR="Oracle Corporation" 
JAVA_RUNTIME_VERSION="25.0.3+9-LTS-195" 
JAVA_VERSION="25.0.3" 
JAVA_VERSION_DATE="2026-04-21" 
LIBC="default" 
MODULES="java.base java.compiler java.datatransfer java.xml java.prefs java.desktop java.instrument java.logging java.management java.security.sasl java.naming java.rmi java.management.rmi java.net.http java.scripting java.security.jgss java.transaction.xa java.sql java.sql.rowset java.xml.crypto java.se java.smartcardio jdk.accessibility jdk.internal.jvmstat jdk.attach jdk.charsets jdk.internal.opt jdk.zipfs jdk.compiler jdk.crypto.cryptoki jdk.crypto.ec jdk.crypto.mscapi jdk.dynalink jdk.internal.ed jdk.editpad jdk.internal.vm.ci jdk.graal.compiler jdk.graal.compiler.management jdk.hotspot.agent jdk.httpserver jdk.incubator.vector jdk.internal.le jdk.internal.md jdk.jartool jdk.javadoc jdk.jcmd jdk.management jdk.management.agent jdk.jconsole jdk.jdeps jdk.jdwp.agent jdk.jdi jdk.jfr jdk.jlink jdk.jpackage jdk.jshell jdk.jsobject jdk.jstatd jdk.localedata jdk.management.jfr jdk.naming.dns jdk.naming.rmi jdk.net jdk.nio.mapmode jdk.sctp jdk.security.auth jdk.security.jgss jdk.unsupported jdk.unsupported.desktop jdk.xml.dom" 
OS_ARCH="x86_64" 
OS_NAME="Windows" 
SOURCE=".:git:bf167394bb46 open:git:e57ac4c1e765" 

Environment Variables:
PATH=C:\Program Files\Common Files\Oracle\Java\javapath;C:\Windows\system32;C:\Windows;C:\Windows\System32\Wbem;C:\Windows\System32\WindowsPowerShell\v1.0\;C:\Windows\System32\OpenSSH\;C:\Program Files (x86)\NVIDIA Corporation\PhysX\Common;C:\WINDOWS\system32;C:\WINDOWS;C:\WINDOWS\System32\Wbem;C:\WINDOWS\System32\WindowsPowerShell\v1.0\;C:\WINDOWS\System32\OpenSSH\;C:\Program Files\Microsoft SQL Server\150\Tools\Binn\;C:\Program Files\Microsoft SQL Server\Client SDK\ODBC\170\Tools\Binn\;C:\Program Files\dotnet\;C:\Program Files (x86)\Windows Kits\10\Windows Performance Toolkit\;C:\Program Files\Git\cmd;C:\Program Files\NVIDIA Corporation\NVIDIA App\NvDLISR;C:\Users\Owner\AppData\Local\Programs\Eclipse Adoptium\jdk-21.0.6.7-hotspot\bin;C:\Users\Owner\AppData\Local\Microsoft\WindowsApps;C:\Users\Owner\AppData\Local\Programs\Microsoft VS Code\bin;C:\Users\Owner\.dotnet\tools;C:\Program Files\JetBrains\IntelliJ IDEA 2026.1\bin
USERNAME=LichtMeilleur
OS=Windows_NT
PROCESSOR_IDENTIFIER=Intel64 Family 6 Model 183 Stepping 1, GenuineIntel
TMP=C:\Users\Owner\AppData\Local\Temp
TEMP=C:\Users\Owner\AppData\Local\Temp




Compilation memory statistics disabled.

Periodic native trim disabled

---------------  S Y S T E M  ---------------

OS:
 Windows 11 , 64 bit Build 26100 (10.0.26100.8521)
OS uptime: 1 days 18:21 hours

CPU: total 28 (initial active 28) (14 cores per cpu, 2 threads per core) family 6 model 183 stepping 1 microcode 0x120, cx8, cmov, fxsr, ht, mmx, 3dnowpref, sse, sse2, sse3, ssse3, sse4.1, sse4.2, popcnt, lzcnt, tsc, tscinvbit, avx, avx2, aes, erms, clmul, bmi1, bmi2, adx, sha, fma, vzeroupper, clflush, clflushopt, clwb, serialize, rdtscp, rdpid, fsrm, gfni, f16c, pku, cet_ibt, cet_ss
Processor Information for the first 28 processors :
  Max Mhz: 3400, Current Mhz: 3400, Mhz Limit: 3400

Memory: 4k page, system-wide physical 65312M (32391M free)
TotalPageFile size 120608M (AvailPageFile size 75431M)
current process WorkingSet (physical memory assigned to process): 2194M, peak: 2195M
current process commit charge ("private bytes"): 3274M, peak: 3297M

vm_info: Java HotSpot(TM) 64-Bit Server VM (25.0.3+9-LTS-195) for windows-amd64 JRE (25.0.3+9-LTS-195), built on 2026-03-11T00:20:00Z with MS VC++ 17.13 (VS2022)

END.
