#
# A fatal error has been detected by the Java Runtime Environment:
#
#  EXCEPTION_ACCESS_VIOLATION (0xc0000005) at pc=0x00007ffb946af229, pid=60676, tid=48508
#
# JRE version: Java(TM) SE Runtime Environment (25.0.3+9) (build 25.0.3+9-LTS-195)
# Java VM: Java HotSpot(TM) 64-Bit Server VM (25.0.3+9-LTS-195, mixed mode, sharing, tiered, compressed oops, compressed class ptrs, g1 gc, windows-amd64)
# Problematic frame:
# V  [jvm.dll+0x77f229]
#
# No core dump will be written. Minidumps are not enabled by default on client versions of Windows
#
# If you would like to submit a bug report, please visit:
#   https://bugreport.java.com/bugreport/crash.jsp
#

---------------  S U M M A R Y ------------

Command Line: -Ddebugger.agent.enable.coroutines=true -Ddebugger.async.stack.trace.for.all.threads=true -Dfabric.dli.config=J:\minecraft@@0020orgenal@@0020mod@@0020with@@0020GPT\the_end_of_dragon\fabric\.gradle\loom-cache\launch.cfg -Dfabric.dli.env=client -Dfabric.dli.main=net.fabricmc.loader.impl.launch.knot.KnotClient -Dkotlinx.coroutines.debug.enable.creation.stack.trace=false -Dkotlinx.coroutines.debug.enable.flows.stack.trace=true -Dkotlinx.coroutines.debug.enable.mutable.state.flows.stack.trace=true --sun-misc-unsafe-memory-access=allow --enable-native-access=ALL-UNNAMED -agentlib:jdwp=transport=dt_socket,server=n,suspend=y,address=127.0.0.1:49380 -javaagent:C:\Users\Owner\AppData\Local\JetBrains\IntelliJIdea2026.1\captureAgent\debugger-agent.jar=file:///C:/Users/Owner/AppData/Local/Temp/capture13871080152016204055.props -Dfile.encoding=UTF-8 -Duser.country=JP -Duser.language=ja -Duser.variant net.fabricmc.devlaunchinjector.Main

Host: Intel(R) Core(TM) i7-14700K, 28 cores, 63G,  Windows 11 , 64 bit Build 26100 (10.0.26100.8875)
Time: Sun Jul 26 19:23:18 2026 elapsed time: 16.343866 seconds (0d 0h 0m 16s)

---------------  T H R E A D  ---------------

Current thread (0x0000023b7be99770):  JavaThread "C2 CompilerThread5" daemon [_thread_in_native, id=48508, stack(0x0000005068e00000,0x0000005068f00000) (1024K)]


Current CompileTask:
C2:16343 15221       4       net.minecraft.server.packs.resources.IoSupplier$$Lambda/0x0000000091115b80::get (8 bytes)

Stack: [0x0000005068e00000,0x0000005068f00000],  sp=0x0000005068efc1e0,  free space=1008k
Native frames: (J=compiled Java code, j=interpreted, Vv=VM code, C=native code)
V  [jvm.dll+0x77f229]  (no source info available)
V  [jvm.dll+0x455a45]  (no source info available)
V  [jvm.dll+0x4542be]  (no source info available)
V  [jvm.dll+0x453ca5]  (no source info available)
V  [jvm.dll+0x7d1d2e]  (no source info available)
V  [jvm.dll+0x7cfe7a]  (no source info available)
V  [jvm.dll+0x2c181c]  (no source info available)
V  [jvm.dll+0x2bfc05]  (no source info available)
V  [jvm.dll+0x237b20]  (no source info available)
V  [jvm.dll+0x2cfe26]  (no source info available)
V  [jvm.dll+0x2ce0a5]  (no source info available)
V  [jvm.dll+0x48ee81]  (no source info available)
V  [jvm.dll+0x907c6d]  (no source info available)
V  [jvm.dll+0x7a6345]  (no source info available)
C  [ucrtbase.dll+0x2cd30]  (no source info available)
C  [KERNEL32.DLL+0x2e957]  (no source info available)
C  [ntdll.dll+0xaad6c]  (no source info available)


siginfo: EXCEPTION_ACCESS_VIOLATION (0xc0000005), reading address 0xffffffffffffffff


Registers:
RAX=0x0000023b2e867c08, RBX=0x0000023b3441d928, RCX=0x00000000001ddddd, RDX=0x0000000000000015
RSP=0x0000005068efc1e0, RBP=0x0000000000000004, RSI=0x0000005068efc590, RDI=0x0000005068efe5a0
R8 =0x0000000000000000, R9 =0x0000000000000000, R10=0x0000000000000000, R11=0x0000000000000008
R12=0x0000023b29c92380, R13=0x0000000000000000, R14=0x0000000000000048, R15=0x0000023b3441d770
RIP=0x00007ffb946af229, EFLAGS=0x0000000000010286

XMM[0]=0x0000000000000000 0x0000000000000000
XMM[1]=0x0000023b314a5d38 0x0000023b302308d8
XMM[2]=0x0000023b307789e8 0x0000023b3077b1c8
XMM[3]=0x0000000000000000 0x0000000000000000
XMM[4]=0x0000000000000000 0x0000000000000000
XMM[5]=0x0000000000000000 0x0000000000000000
XMM[6]=0x0000000000000000 0x0000000000000000
XMM[7]=0x0000000000000000 0x0000000000000000
XMM[8]=0x0000000000000000 0x0000000000000000
XMM[9]=0x0000000000000000 0x0000000000000000
XMM[10]=0x0000000000000000 0x0000000000000000
XMM[11]=0x0000000000000000 0x0000000000000000
XMM[12]=0x0000000000000000 0x0000000000000000
XMM[13]=0x0000000000000000 0x0000000000000000
XMM[14]=0x0000000000000000 0x0000000000000000
XMM[15]=0x0000000000000000 0x0000000000000000
  MXCSR=0x00001fa0


Register to memory mapping:

RAX=0x0000023b2e867c08 points into unknown readable memory: 0x3c00000000800003 | 03 00 80 00 00 00 00 3c
RBX=0x0000023b3441d928 points into unknown readable memory: 0x00007ffb94a6ea08 | 08 ea a6 94 fb 7f 00 00
RCX=0x00000000001ddddd is an unknown value
RDX=0x0000000000000015 is an unknown value
RSP=0x0000005068efc1e0 is pointing into the stack for thread: 0x0000023b7be99770
RBP=0x0000000000000004 is an unknown value
RSI=0x0000005068efc590 is pointing into the stack for thread: 0x0000023b7be99770
RDI=0x0000005068efe5a0 is pointing into the stack for thread: 0x0000023b7be99770
R8 =0x0 is null
R9 =0x0 is null
R10=0x0 is null
R11=0x0000000000000008 is an unknown value
R12=0x0000023b29c92380 points into unknown readable memory: 0x00007ffb949cfd28 | 28 fd 9c 94 fb 7f 00 00
R13=0x0 is null
R14=0x0000000000000048 is an unknown value
R15=0x0000023b3441d770 points into unknown readable memory: 0x00007ffb949c80a8 | a8 80 9c 94 fb 7f 00 00

Top of Stack: (sp=0x0000005068efc1e0)
0x0000005068efc1e0:   0000023b30750300 0000000000020338   ..u0;...8.......
0x0000005068efc1f0:   0000023b3441d928 0000005068efc590   (.A4;......hP...
0x0000005068efc200:   0000023b3441d770 0000005068efc590   p.A4;......hP...
0x0000005068efc210:   0000023b29c922f8 0000023b29c92380   .".);....#.);...
0x0000005068efc220:   0000023b3441d838 00007ffb94385a45   8.A4;...EZ8.....
0x0000005068efc230:   0000005068efc590 0000023b3441d7c0   ...hP.....A4;...
0x0000005068efc240:   0000023b3441d8a0 0000005068efc590   ..A4;......hP...
0x0000005068efc250:   0000023b32c64a68 0000000000001068   hJ.2;...h.......
0x0000005068efc260:   0000000000000000 0000000000001770   ........p.......
0x0000005068efc270:   0000005068efc590 00007ffb943842be   ...hP....B8.....
0x0000005068efc280:   0000023b29c92280 0000000000000000   .".);...........
0x0000005068efc290:   0000000000000001 0000023b28ec8c48   ........H..(;...
0x0000005068efc2a0:   0000023b29c92280 00007ffb94383ca5   .".);....<8.....
0x0000005068efc2b0:   0000005068efc590 0000005068efc590   ...hP......hP...
0x0000005068efc2c0:   0000000000000000 0000000000001770   ........p.......
0x0000005068efc2d0:   0000005068efc590 00007ffb94701d2e   ...hP.....p.....
0x0000005068efc2e0:   0000023b29c92280 0000023b0000009d   .".);.......;...
0x0000005068efc2f0:   000000000000020c 0000023b29c92280   .........".);...
0x0000005068efc300:   0000005068efc590 0000023b29c92280   ...hP....".);...
0x0000005068efc310:   0000005068efe5a0 00007ffb946ffe7a   ...hP...z.o.....
0x0000005068efc320:   000000000000020d 0000000000001040   ........@.......
0x0000005068efc330:   0000023b29c94f38 0000000000020338   8O.);...8.......
0x0000005068efc340:   0000023b32c65780 0000023b6ab57590   .W.2;....u.j;...
0x0000005068efc350:   0000005068efe5a0 0000005068efe5a0   ...hP......hP...
0x0000005068efc360:   0000005068efc470 00007ffb941f181c   p..hP...........
0x0000005068efc370:   0000023b32c6d5c8 0000023b28e32bf0   ...2;....+.(;...
0x0000005068efc380:   0000005068efe5a0 0000005068efe5a0   ...hP......hP...
0x0000005068efc390:   0000000000000000 0000000000000000   ................
0x0000005068efc3a0:   0000000000000000 0000000000000000   ................
0x0000005068efc3b0:   0000000000000000 0000000000000000   ................
0x0000005068efc3c0:   0000000000000000 00007ffb94a7a100   ................
0x0000005068efc3d0:   0000000000000000 0000005068efe5a0   ...........hP...

Instructions: (pc=0x00007ffb946af229)
  0x00007ffb946af129:   18 41 ff cb 45 89 5a 18 41 3b db 73 2e 49 8b 52
  0x00007ffb946af139:   08 8d 43 01 44 2b db 41 8b cb 4e 8d 04 0a 4c 8d
  0x00007ffb946af149:   0c c2 74 17 0f 1f 00 49 8b 01 4d 8d 49 08 49 89
  0x00007ffb946af159:   00 4d 8d 40 08 48 83 e9 01 75 ec 41 8b 52 18 49
  0x00007ffb946af169:   8b ca e8 40 fc ff ff 8b 0d 86 97 62 00 65 48 8b
  0x00007ffb946af179:   04 25 58 00 00 00 ba 48 00 00 00 48 8b 04 c8 80
  0x00007ffb946af189:   3c 02 00 75 0a 48 83 c4 20 5b e9 60 95 26 00 48
  0x00007ffb946af199:   83 c4 20 5b c3 cc cc 48 89 5c 24 10 48 89 6c 24
  0x00007ffb946af1a9:   18 48 89 74 24 20 57 41 54 41 55 41 56 41 57 48
  0x00007ffb946af1b9:   83 ec 20 8b 2d 3a 97 62 00 45 33 ed 41 be 48 00
  0x00007ffb946af1c9:   00 00 48 8b d9 48 85 d2 74 24 48 8b 7a 10 41 8b
  0x00007ffb946af1d9:   cd 38 4a 18 48 0f 45 ca 48 85 c9 74 40 48 8b 89
  0x00007ffb946af1e9:   68 09 00 00 48 8b d3 e8 cb 22 00 00 eb 2f 65 48
  0x00007ffb946af1f9:   8b 04 25 58 00 00 00 48 8b 3c e8 45 38 2c 3e 75
  0x00007ffb946af209:   05 e8 e9 94 26 00 b8 20 00 00 00 48 8b 04 38 48
  0x00007ffb946af219:   8b 88 b8 07 00 00 48 8b b9 80 00 00 00 8b 53 28
=>0x00007ffb946af229:   8b 8f 70 02 00 00 8d 42 01 3b c1 75 0b 8d 41 ff
  0x00007ffb946af239:   89 87 70 02 00 00 eb 08 48 8b cf e8 67 bc b4 ff
  0x00007ffb946af249:   44 8b 4b 28 45 8b c5 48 8b 97 30 03 00 00 41 8b
  0x00007ffb946af259:   c9 c1 f9 08 48 85 d2 74 03 44 8b 02 41 3b c8 79
  0x00007ffb946af269:   20 48 85 d2 74 1b 48 8b 52 08 4c 63 c1 41 0f b6
  0x00007ffb946af279:   c9 4a 8b 04 c2 48 8d 14 c8 48 85 d2 74 03 4c 89
  0x00007ffb946af289:   2a 8b 43 1c 41 8b f5 89 43 18 85 c0 74 67 65 48
  0x00007ffb946af299:   8b 04 25 58 00 00 00 41 8b ce 48 8b 2c e8 48 03
  0x00007ffb946af2a9:   e9 66 0f 1f 44 00 00 48 8b 43 08 8b ce 4c 8d 0c
  0x00007ffb946af2b9:   c8 48 8b 0c c8 48 85 c9 74 26 4c 8b 41 10 4d 85
  0x00007ffb946af2c9:   c0 74 1d 8b 41 20 49 8d 14 c0 48 39 5a f8 48 8d
  0x00007ffb946af2d9:   52 f8 75 f6 ff c8 89 41 20 49 8b 0c c0 48 89 0a
  0x00007ffb946af2e9:   4d 89 29 44 38 6d 00 75 05 e8 01 94 26 00 ff c6
  0x00007ffb946af2f9:   3b 73 1c 72 b2 8b 43 30 c1 e8 03 a8 01 74 71 8b
  0x00007ffb946af309:   8f a8 01 00 00 41 8b d5 85 c9 7e 50 48 8b 87 b0
  0x00007ffb946af319:   01 00 00 0f 1f 40 00 ff c2 48 39 18 74 0a 48 83


Stack slot to memory mapping:

stack at sp + 0 slots: 0x0000023b30750300 points into unknown readable memory: 0x0000000000000000 | 00 00 00 00 00 00 00 00
stack at sp + 1 slots: 0x0000000000020338 is an unknown value
stack at sp + 2 slots: 0x0000023b3441d928 points into unknown readable memory: 0x00007ffb94a6ea08 | 08 ea a6 94 fb 7f 00 00
stack at sp + 3 slots: 0x0000005068efc590 is pointing into the stack for thread: 0x0000023b7be99770
stack at sp + 4 slots: 0x0000023b3441d770 points into unknown readable memory: 0x00007ffb949c80a8 | a8 80 9c 94 fb 7f 00 00
stack at sp + 5 slots: 0x0000005068efc590 is pointing into the stack for thread: 0x0000023b7be99770
stack at sp + 6 slots: 0x0000023b29c922f8 points into unknown readable memory: 0x00007ffb949cfc58 | 58 fc 9c 94 fb 7f 00 00
stack at sp + 7 slots: 0x0000023b29c92380 points into unknown readable memory: 0x00007ffb949cfd28 | 28 fd 9c 94 fb 7f 00 00

Lock stack of current Java thread (top to bottom):


---------------  P R O C E S S  ---------------

Threads class SMR info:
_java_thread_list=0x0000023b2bc68c90, length=61, elements={
0x0000023b6ab615a0, 0x0000023b746cc460, 0x0000023b746c77f0, 0x0000023b746cf2a0,
0x0000023b746cb600, 0x0000023b746cd2c0, 0x0000023b746cdfb0, 0x0000023b746de710,
0x0000023b7bdfe660, 0x0000023b7c0e71a0, 0x0000023b7c0e7970, 0x0000023b7c0d46f0,
0x0000023b2301cc60, 0x0000023b23014570, 0x0000023b23103b90, 0x0000023b2313c480,
0x0000023b2a0327f0, 0x0000023b287fa270, 0x0000023b2671aa80, 0x0000023b2671eb00,
0x0000023b2671fb20, 0x0000023b287fd150, 0x0000023b28802f10, 0x0000023b28803eb0,
0x0000023b26cdde80, 0x0000023b2c86ad30, 0x0000023b328390b0, 0x0000023b3283a0d0,
0x0000023b2c874970, 0x0000023b2c8760e0, 0x0000023b2c8739d0, 0x0000023b2c879f60,
0x0000023b2c87a730, 0x0000023b2c878020, 0x0000023b2c87c670, 0x0000023b26cdd6b0,
0x0000023b2d853450, 0x0000023b2d851ce0, 0x0000023b2d855b60, 0x0000023b2d859210,
0x0000023b2d8599e0, 0x0000023b2d857aa0, 0x0000023b2d85a980, 0x0000023b2d85d090,
0x0000023b2d85b150, 0x0000023b2d85b920, 0x0000023b3283c920, 0x0000023b2d860f10,
0x0000023b2d861eb0, 0x0000023b2d85f7a0, 0x0000023b2d863df0, 0x0000023b2d864d90,
0x0000023b2d8693e0, 0x0000023b2d868440, 0x0000023b2d866500, 0x0000023b2d8674a0,
0x0000023b3028e970, 0x0000023b7be99770, 0x0000023b2e62d720, 0x0000023b2e62bef0,
0x0000023b23480570
}

Java Threads: ( => current thread )
  0x0000023b6ab615a0 JavaThread "Render thread"                     [_thread_blocked, id=54132, stack(0x0000005062c00000,0x0000005062d00000) (1024K)]
  0x0000023b746cc460 JavaThread "Reference Handler"          daemon [_thread_blocked, id=65012, stack(0x0000005063400000,0x0000005063500000) (1024K)]
  0x0000023b746c77f0 JavaThread "Finalizer"                  daemon [_thread_blocked, id=41308, stack(0x0000005063500000,0x0000005063600000) (1024K)]
  0x0000023b746cf2a0 JavaThread "Signal Dispatcher"          daemon [_thread_blocked, id=65904, stack(0x0000005063600000,0x0000005063700000) (1024K)]
  0x0000023b746cb600 JavaThread "Attach Listener"            daemon [_thread_blocked, id=70020, stack(0x0000005063700000,0x0000005063800000) (1024K)]
  0x0000023b746cd2c0 JavaThread "Service Thread"             daemon [_thread_blocked, id=34076, stack(0x0000005063800000,0x0000005063900000) (1024K)]
  0x0000023b746cdfb0 JavaThread "Monitor Deflation Thread"   daemon [_thread_blocked, id=66752, stack(0x0000005063900000,0x0000005063a00000) (1024K)]
  0x0000023b746de710 JavaThread "C2 CompilerThread0"         daemon [_thread_in_native, id=29704, stack(0x0000005063a00000,0x0000005063b00000) (1024K)]
  0x0000023b7bdfe660 JavaThread "C1 CompilerThread0"         daemon [_thread_blocked, id=39080, stack(0x0000005063b00000,0x0000005063c00000) (1024K)]
  0x0000023b7c0e71a0 JavaThread "JDWP Transport Listener: dt_socket" daemon [_thread_blocked, id=71176, stack(0x0000005063f00000,0x0000005064000000) (1024K)]
  0x0000023b7c0e7970 JavaThread "JDWP Event Helper Thread"   daemon [_thread_blocked, id=66452, stack(0x0000005064000000,0x0000005064100000) (1024K)]
  0x0000023b7c0d46f0 JavaThread "JDWP Command Reader"        daemon [_thread_in_native, id=71444, stack(0x0000005064100000,0x0000005064200000) (1024K)]
  0x0000023b2301cc60 JavaThread "Common-Cleaner"             daemon [_thread_blocked, id=64968, stack(0x0000005064200000,0x0000005064300000) (1024K)]
  0x0000023b23014570 JavaThread "IntelliJ Suspend Helper"    daemon [_thread_blocked, id=68960, stack(0x0000005064300000,0x0000005064400000) (1024K)]
  0x0000023b23103b90 JavaThread "Notification Thread"        daemon [_thread_blocked, id=72420, stack(0x0000005064400000,0x0000005064500000) (1024K)]
  0x0000023b2313c480 JavaThread "CoarseTimer"                daemon [_thread_blocked, id=55000, stack(0x0000005064500000,0x0000005064600000) (1024K)]
  0x0000023b2a0327f0 JavaThread "JNA Cleaner"                daemon [_thread_blocked, id=72320, stack(0x0000005066000000,0x0000005066100000) (1024K)]
  0x0000023b287fa270 JavaThread "Timer hack thread"          daemon [_thread_blocked, id=44864, stack(0x0000005063c00000,0x0000005063d00000) (1024K)]
  0x0000023b2671aa80 JavaThread "C1 CompilerThread1"         daemon [_thread_blocked, id=61552, stack(0x0000005063e00000,0x0000005063f00000) (1024K)]
  0x0000023b2671eb00 JavaThread "C1 CompilerThread2"         daemon [_thread_blocked, id=71580, stack(0x0000005065d00000,0x0000005065e00000) (1024K)]
  0x0000023b2671fb20 JavaThread "C1 CompilerThread3"         daemon [_thread_blocked, id=71708, stack(0x0000005065e00000,0x0000005065f00000) (1024K)]
  0x0000023b287fd150 JavaThread "Yggdrasil Key Fetcher"      daemon [_thread_blocked, id=44104, stack(0x0000005066600000,0x0000005066700000) (1024K)]
  0x0000023b28802f10 JavaThread "Download-1"                 daemon [_thread_blocked, id=70000, stack(0x0000005066700000,0x0000005066800000) (1024K)]
  0x0000023b28803eb0 JavaThread "Download-2"                 daemon [_thread_blocked, id=71608, stack(0x0000005066800000,0x0000005066900000) (1024K)]
  0x0000023b26cdde80 JavaThread "Keep-Alive-Timer"           daemon [_thread_blocked, id=54544, stack(0x0000005065f00000,0x0000005066000000) (1024K)]
  0x0000023b2c86ad30 JavaThread "Sound engine"               daemon [_thread_blocked, id=71472, stack(0x0000005066f00000,0x0000005067000000) (1024K)]
  0x0000023b328390b0 JavaThread "C2 CompilerThread1"         daemon [_thread_in_native, id=67676, stack(0x0000005063d00000,0x0000005063e00000) (1024K)]
  0x0000023b3283a0d0 JavaThread "C2 CompilerThread2"         daemon [_thread_in_native, id=71032, stack(0x0000005066100000,0x0000005066200000) (1024K)]
  0x0000023b2c874970 JavaThread "Worker-Main-1"              daemon [_thread_in_Java, id=67092, stack(0x0000005067100000,0x0000005067200000) (1024K)]
  0x0000023b2c8760e0 JavaThread "Worker-Main-2"              daemon [_thread_in_Java, id=45524, stack(0x0000005067200000,0x0000005067300000) (1024K)]
  0x0000023b2c8739d0 JavaThread "Worker-Main-3"              daemon [_thread_in_Java, id=65712, stack(0x0000005067300000,0x0000005067400000) (1024K)]
  0x0000023b2c879f60 JavaThread "Worker-Main-4"              daemon [_thread_in_Java, id=72372, stack(0x0000005067400000,0x0000005067500000) (1024K)]
  0x0000023b2c87a730 JavaThread "Worker-Main-5"              daemon [_thread_in_Java, id=71700, stack(0x0000005067500000,0x0000005067600000) (1024K)]
  0x0000023b2c878020 JavaThread "Worker-Main-6"              daemon [_thread_in_Java, id=72432, stack(0x0000005067600000,0x0000005067700000) (1024K)]
  0x0000023b2c87c670 JavaThread "Worker-Main-7"              daemon [_thread_in_Java, id=66760, stack(0x0000005067700000,0x0000005067800000) (1024K)]
  0x0000023b26cdd6b0 JavaThread "Worker-Main-8"              daemon [_thread_in_Java, id=57520, stack(0x0000005067800000,0x0000005067900000) (1024K)]
  0x0000023b2d853450 JavaThread "Worker-Main-9"              daemon [_thread_in_Java, id=72228, stack(0x0000005067900000,0x0000005067a00000) (1024K)]
  0x0000023b2d851ce0 JavaThread "Worker-Main-10"             daemon [_thread_in_Java, id=32988, stack(0x0000005067a00000,0x0000005067b00000) (1024K)]
  0x0000023b2d855b60 JavaThread "Worker-Main-11"             daemon [_thread_in_Java, id=70664, stack(0x0000005067b00000,0x0000005067c00000) (1024K)]
  0x0000023b2d859210 JavaThread "Worker-Main-12"             daemon [_thread_in_Java, id=31232, stack(0x0000005067c00000,0x0000005067d00000) (1024K)]
  0x0000023b2d8599e0 JavaThread "Worker-Main-13"             daemon [_thread_in_Java, id=31176, stack(0x0000005067d00000,0x0000005067e00000) (1024K)]
  0x0000023b2d857aa0 JavaThread "Worker-Main-14"             daemon [_thread_blocked, id=53604, stack(0x0000005067e00000,0x0000005067f00000) (1024K)]
  0x0000023b2d85a980 JavaThread "Worker-Main-15"             daemon [_thread_in_Java, id=67224, stack(0x0000005067f00000,0x0000005068000000) (1024K)]
  0x0000023b2d85d090 JavaThread "Worker-Main-16"             daemon [_thread_in_Java, id=71780, stack(0x0000005068000000,0x0000005068100000) (1024K)]
  0x0000023b2d85b150 JavaThread "Worker-Main-18"             daemon [_thread_in_Java, id=65412, stack(0x0000005068100000,0x0000005068200000) (1024K)]
  0x0000023b2d85b920 JavaThread "Worker-Main-17"             daemon [_thread_in_Java, id=72596, stack(0x0000005068200000,0x0000005068300000) (1024K)]
  0x0000023b3283c920 JavaThread "C2 CompilerThread3"         daemon [_thread_in_native, id=47056, stack(0x0000005068300000,0x0000005068400000) (1024K)]
  0x0000023b2d860f10 JavaThread "Worker-Main-19"             daemon [_thread_blocked, id=61120, stack(0x0000005068400000,0x0000005068500000) (1024K)]
  0x0000023b2d861eb0 JavaThread "Worker-Main-20"             daemon [_thread_in_Java, id=68556, stack(0x0000005068500000,0x0000005068600000) (1024K)]
  0x0000023b2d85f7a0 JavaThread "Worker-Main-21"             daemon [_thread_blocked, id=71968, stack(0x0000005068600000,0x0000005068700000) (1024K)]
  0x0000023b2d863df0 JavaThread "Worker-Main-22"             daemon [_thread_in_Java, id=50732, stack(0x0000005068700000,0x0000005068800000) (1024K)]
  0x0000023b2d864d90 JavaThread "Worker-Main-23"             daemon [_thread_in_Java, id=70208, stack(0x0000005068800000,0x0000005068900000) (1024K)]
  0x0000023b2d8693e0 JavaThread "Worker-Main-24"             daemon [_thread_blocked, id=63888, stack(0x0000005068900000,0x0000005068a00000) (1024K)]
  0x0000023b2d868440 JavaThread "Worker-Main-25"             daemon [_thread_in_Java, id=51820, stack(0x0000005068a00000,0x0000005068b00000) (1024K)]
  0x0000023b2d866500 JavaThread "Worker-Main-26"             daemon [_thread_in_Java, id=71848, stack(0x0000005068b00000,0x0000005068c00000) (1024K)]
  0x0000023b2d8674a0 JavaThread "Worker-Main-27"             daemon [_thread_blocked, id=68888, stack(0x0000005068c00000,0x0000005068d00000) (1024K)]
  0x0000023b3028e970 JavaThread "C2 CompilerThread4"         daemon [_thread_in_native, id=71516, stack(0x0000005068d00000,0x0000005068e00000) (1024K)]
=>0x0000023b7be99770 JavaThread "C2 CompilerThread5"         daemon [_thread_in_native, id=48508, stack(0x0000005068e00000,0x0000005068f00000) (1024K)]
  0x0000023b2e62d720 JavaThread "C2 CompilerThread6"         daemon [_thread_in_native, id=71344, stack(0x0000005068f00000,0x0000005069000000) (1024K)]
  0x0000023b2e62bef0 JavaThread "C2 CompilerThread7"         daemon [_thread_in_native, id=69580, stack(0x0000005069000000,0x0000005069100000) (1024K)]
  0x0000023b23480570 JavaThread "ForkJoinPool.commonPool-worker-1" daemon [_thread_blocked, id=45012, stack(0x0000005066e00000,0x0000005066f00000) (1024K)]
Total: 61

Other Threads:
  0x0000023b746041c0 VMThread "VM Thread"                           [id=65836, stack(0x0000005063300000,0x0000005063400000) (1024K)]
  0x0000023b746a7960 WatcherThread "VM Periodic Task Thread"        [id=37148, stack(0x0000005063200000,0x0000005063300000) (1024K)]
  0x0000023b745605f0 WorkerThread "GC Thread#0"                     [id=71888, stack(0x0000005062d00000,0x0000005062e00000) (1024K)]
  0x0000023b74602390 WorkerThread "GC Thread#1"                     [id=39744, stack(0x0000005064800000,0x0000005064900000) (1024K)]
  0x0000023b74605ba0 WorkerThread "GC Thread#2"                     [id=71808, stack(0x0000005064900000,0x0000005064a00000) (1024K)]
  0x0000023b746027e0 WorkerThread "GC Thread#3"                     [id=4968, stack(0x0000005064a00000,0x0000005064b00000) (1024K)]
  0x0000023b74603080 WorkerThread "GC Thread#4"                     [id=71796, stack(0x0000005064b00000,0x0000005064c00000) (1024K)]
  0x0000023b74602c30 WorkerThread "GC Thread#5"                     [id=20972, stack(0x0000005064c00000,0x0000005064d00000) (1024K)]
  0x0000023b746034d0 WorkerThread "GC Thread#6"                     [id=4500, stack(0x0000005064d00000,0x0000005064e00000) (1024K)]
  0x0000023b74603920 WorkerThread "GC Thread#7"                     [id=66004, stack(0x0000005064e00000,0x0000005064f00000) (1024K)]
  0x0000023b74603d70 WorkerThread "GC Thread#8"                     [id=66436, stack(0x0000005064f00000,0x0000005065000000) (1024K)]
  0x0000023b244070e0 WorkerThread "GC Thread#9"                     [id=65156, stack(0x0000005065000000,0x0000005065100000) (1024K)]
  0x0000023b24405b50 WorkerThread "GC Thread#10"                    [id=68020, stack(0x0000005065100000,0x0000005065200000) (1024K)]
  0x0000023b24407980 WorkerThread "GC Thread#11"                    [id=7212, stack(0x0000005065200000,0x0000005065300000) (1024K)]
  0x0000023b24407530 WorkerThread "GC Thread#12"                    [id=60036, stack(0x0000005065300000,0x0000005065400000) (1024K)]
  0x0000023b24405700 WorkerThread "GC Thread#13"                    [id=17148, stack(0x0000005065400000,0x0000005065500000) (1024K)]
  0x0000023b244063f0 WorkerThread "GC Thread#14"                    [id=68252, stack(0x0000005065500000,0x0000005065600000) (1024K)]
  0x0000023b24406c90 WorkerThread "GC Thread#15"                    [id=72576, stack(0x0000005065600000,0x0000005065700000) (1024K)]
  0x0000023b24407dd0 WorkerThread "GC Thread#16"                    [id=72564, stack(0x0000005065700000,0x0000005065800000) (1024K)]
  0x0000023b244052b0 WorkerThread "GC Thread#17"                    [id=24236, stack(0x0000005065800000,0x0000005065900000) (1024K)]
  0x0000023b24404170 WorkerThread "GC Thread#18"                    [id=53808, stack(0x0000005065900000,0x0000005065a00000) (1024K)]
  0x0000023b24408220 WorkerThread "GC Thread#19"                    [id=53940, stack(0x0000005065a00000,0x0000005065b00000) (1024K)]
  0x0000023b6873dfb0 ConcurrentGCThread "G1 Main Marker"            [id=72140, stack(0x0000005062e00000,0x0000005062f00000) (1024K)]
  0x0000023b6873ea50 WorkerThread "G1 Conc#0"                       [id=66488, stack(0x0000005062f00000,0x0000005063000000) (1024K)]
  0x0000023b255ec420 WorkerThread "G1 Conc#1"                       [id=71960, stack(0x0000005064600000,0x0000005064700000) (1024K)]
  0x0000023b255ee6a0 WorkerThread "G1 Conc#2"                       [id=28144, stack(0x0000005064700000,0x0000005064800000) (1024K)]
  0x0000023b255eaa40 WorkerThread "G1 Conc#3"                       [id=66548, stack(0x0000005065b00000,0x0000005065c00000) (1024K)]
  0x0000023b255ef7e0 WorkerThread "G1 Conc#4"                       [id=72388, stack(0x0000005065c00000,0x0000005065d00000) (1024K)]
  0x0000023b745ed910 ConcurrentGCThread "G1 Refine#0"               [id=56540, stack(0x0000005063000000,0x0000005063100000) (1024K)]
  0x0000023b745ee1d0 ConcurrentGCThread "G1 Service"                [id=70564, stack(0x0000005063100000,0x0000005063200000) (1024K)]
Total: 30

Threads with active compile tasks:
C2 CompilerThread0  16554 16539       4       org.joml.Matrix4f::transformPosition (6 bytes)
C2 CompilerThread1  16554 16489       4       com.google.common.collect.AbstractMapBasedMultimap$WrappedCollection::size (14 bytes)
C2 CompilerThread2  16554 16090       4       org.objectweb.asm.ClassReader::accept (1419 bytes)
C2 CompilerThread3  16554 16526       4       net.minecraft.client.resources.model.cuboid.FaceBakery::bakeVertex (187 bytes)
C2 CompilerThread4  16554 16486       4       net.minecraft.client.resources.model.cuboid.FaceBakery::bakeQuad (153 bytes)
C2 CompilerThread5  16554 15221       4       net.minecraft.server.packs.resources.IoSupplier$$Lambda/0x0000000091115b80::get (8 bytes)
C2 CompilerThread6  16554 16530       4       org.joml.Vector3f::div (7 bytes)
C2 CompilerThread7  16554 16522 %     4       net.minecraft.client.resources.model.cuboid.FaceBakery::recalculateWinding @ 32 (295 bytes)
Total: 8

VM state: not at safepoint (normal execution)

VM Mutex/Monitor currently owned by a thread: None

Heap address: 0x0000000403000000, size: 16336 MB, Compressed Oops mode: Zero based, Oop shift amount: 3

CDS archive(s) mapped at: [0x000000008f000000-0x000000008fdd0000-0x000000008fdd0000), size 14483456, SharedBaseAddress: 0x000000008f000000, ArchiveRelocationMode: 1.
Compressed class space mapped at: 0x0000000090000000-0x00000000d0000000, reserved size: 1073741824
UseCompressedClassPointers 1, UseCompactObjectHeaders 0
Narrow klass pointer bits 32, Max shift 3
Narrow klass base: 0x000000008f000000, Narrow klass shift: 0
Encoding Range: [0x000000008f000000 - 0x000000018f000000), (4294967296 bytes)
Klass Range:    [0x000000008f010000 - 0x00000000d0000000), (1090453504 bytes)
Klass ID Range:  [65536 - 1090519033) (1090453497)
Protection zone: [0x000000008f000000 - 0x000000008f010000), (65536 bytes)

GC Precious Log:
 CardTable entry size: 512
 Card Set container configuration: InlinePtr #cards 4 size 8 Array Of Cards #cards 64 size 144 Howl #buckets 8 coarsen threshold 14745 Howl Bitmap #cards 2048 size 272 coarsen threshold 1843 Card regions per heap region 1 cards per card region 16384
 CPUs: 28 total, 28 available
 Memory: 65312M
 Large Page Support: Disabled
 NUMA Support: Disabled
 Compressed Oops: Enabled (Zero based)
 Heap Region Size: 8M
 Heap Min Capacity: 8M
 Heap Initial Capacity: 1G
 Heap Max Capacity: 16336M
 Pre-touch: Disabled
 Parallel Workers: 20
 Concurrent Workers: 5
 Concurrent Refinement Workers: 20
 Periodic GC: Disabled

Heap:
 garbage-first heap   total reserved 16728064K, committed 417792K, used 218851K [0x0000000403000000, 0x0000000800000000)
  region size 8192K, 5 young (40960K), 2 survivors (16384K)

Heap Regions: E=young(eden), S=young(survivor), O=old, HS=humongous(starts), HC=humongous(continues), CS=collection set, F=free, TAMS=top-at-mark-start, PB=parsable bottom
|   0|0x0000000403000000, 0x0000000403800000, 0x0000000403800000|100%| O|  |TAMS 0x0000000403000000| PB 0x0000000403000000| Untracked |  0
|   1|0x0000000403800000, 0x0000000404000000, 0x0000000404000000|100%| O|  |TAMS 0x0000000403800000| PB 0x0000000403800000| Untracked |  0
|   2|0x0000000404000000, 0x0000000404800000, 0x0000000404800000|100%| O|  |TAMS 0x0000000404000000| PB 0x0000000404000000| Untracked |  0
|   3|0x0000000404800000, 0x0000000404f9f770, 0x0000000405000000| 95%| O|Cm|TAMS 0x0000000404800000| PB 0x0000000404800000| Complete |  0
|   4|0x0000000405000000, 0x0000000405800000, 0x0000000405800000|100%|HS|  |TAMS 0x0000000405000000| PB 0x0000000405000000| Complete |  0
|   5|0x0000000405800000, 0x0000000406000000, 0x0000000406000000|100%|HC|  |TAMS 0x0000000405800000| PB 0x0000000405800000| Complete |  0
|   6|0x0000000406000000, 0x0000000406800000, 0x0000000406800000|100%| O|  |TAMS 0x0000000406000000| PB 0x0000000406000000| Untracked |  0
|   7|0x0000000406800000, 0x0000000407000000, 0x0000000407000000|100%| O|  |TAMS 0x0000000406800000| PB 0x0000000406800000| Untracked |  0
|   8|0x0000000407000000, 0x0000000407800000, 0x0000000407800000|100%| O|  |TAMS 0x0000000407000000| PB 0x0000000407000000| Untracked |  0
|   9|0x0000000407800000, 0x0000000408000000, 0x0000000408000000|100%| O|  |TAMS 0x0000000407800000| PB 0x0000000407800000| Untracked |  0
|  10|0x0000000408000000, 0x0000000408800000, 0x0000000408800000|100%| O|  |TAMS 0x0000000408000000| PB 0x0000000408000000| Untracked |  0
|  11|0x0000000408800000, 0x0000000409000000, 0x0000000409000000|100%| O|  |TAMS 0x0000000408800000| PB 0x0000000408800000| Untracked |  0
|  12|0x0000000409000000, 0x0000000409800000, 0x0000000409800000|100%| O|  |TAMS 0x0000000409000000| PB 0x0000000409000000| Untracked |  0
|  13|0x0000000409800000, 0x000000040a000000, 0x000000040a000000|100%| O|  |TAMS 0x0000000409800000| PB 0x0000000409800000| Untracked |  0
|  14|0x000000040a000000, 0x000000040a800000, 0x000000040a800000|100%| O|  |TAMS 0x000000040a000000| PB 0x000000040a000000| Untracked |  0
|  15|0x000000040a800000, 0x000000040b000000, 0x000000040b000000|100%| O|  |TAMS 0x000000040a800000| PB 0x000000040a800000| Untracked |  0
|  16|0x000000040b000000, 0x000000040b800000, 0x000000040b800000|100%| O|  |TAMS 0x000000040b000000| PB 0x000000040b000000| Untracked |  0
|  17|0x000000040b800000, 0x000000040beceee0, 0x000000040c000000| 85%| O|  |TAMS 0x000000040b800000| PB 0x000000040b800000| Untracked |  0
|  18|0x000000040c000000, 0x000000040c800000, 0x000000040c800000|100%| O|  |TAMS 0x000000040c000000| PB 0x000000040c000000| Untracked |  0
|  19|0x000000040c800000, 0x000000040d000000, 0x000000040d000000|100%| O|  |TAMS 0x000000040c800000| PB 0x000000040c800000| Untracked |  0
|  20|0x000000040d000000, 0x000000040d800000, 0x000000040d800000|100%| O|  |TAMS 0x000000040d000000| PB 0x000000040d000000| Untracked |  0
|  21|0x000000040d800000, 0x000000040e000000, 0x000000040e000000|100%| O|  |TAMS 0x000000040d800000| PB 0x000000040d800000| Untracked |  0
|  22|0x000000040e000000, 0x000000040e000000, 0x000000040e800000|  0%| F|  |TAMS 0x000000040e000000| PB 0x000000040e000000| Untracked |  0
|  23|0x000000040e800000, 0x000000040e800000, 0x000000040f000000|  0%| F|  |TAMS 0x000000040e800000| PB 0x000000040e800000| Untracked |  0
|  24|0x000000040f000000, 0x000000040f800000, 0x000000040f800000|100%| O|  |TAMS 0x000000040f000000| PB 0x000000040f000000| Untracked |  0
|  25|0x000000040f800000, 0x000000040f800000, 0x0000000410000000|  0%| F|  |TAMS 0x000000040f800000| PB 0x000000040f800000| Untracked |  0
|  26|0x0000000410000000, 0x000000041074a638, 0x0000000410800000| 91%| S|CS|TAMS 0x0000000410000000| PB 0x0000000410000000| Complete |  0
|  27|0x0000000410800000, 0x0000000410800000, 0x0000000411000000|  0%| F|  |TAMS 0x0000000410800000| PB 0x0000000410800000| Untracked |  0
|  28|0x0000000411000000, 0x0000000411000000, 0x0000000411800000|  0%| F|  |TAMS 0x0000000411000000| PB 0x0000000411000000| Untracked |  0
|  29|0x0000000411800000, 0x0000000412000000, 0x0000000412000000|100%| S|CS|TAMS 0x0000000411800000| PB 0x0000000411800000| Complete |  0
|  30|0x0000000412000000, 0x0000000412000000, 0x0000000412800000|  0%| F|  |TAMS 0x0000000412000000| PB 0x0000000412000000| Untracked |  0
|  31|0x0000000412800000, 0x0000000412800000, 0x0000000413000000|  0%| F|  |TAMS 0x0000000412800000| PB 0x0000000412800000| Untracked |  0
|  32|0x0000000413000000, 0x0000000413000000, 0x0000000413800000|  0%| F|  |TAMS 0x0000000413000000| PB 0x0000000413000000| Untracked |  0
|  33|0x0000000413800000, 0x0000000413800000, 0x0000000414000000|  0%| F|  |TAMS 0x0000000413800000| PB 0x0000000413800000| Untracked |  0
|  34|0x0000000414000000, 0x0000000414000000, 0x0000000414800000|  0%| F|  |TAMS 0x0000000414000000| PB 0x0000000414000000| Untracked |  0
|  35|0x0000000414800000, 0x0000000414800000, 0x0000000415000000|  0%| F|  |TAMS 0x0000000414800000| PB 0x0000000414800000| Untracked |  0
|  36|0x0000000415000000, 0x0000000415000000, 0x0000000415800000|  0%| F|  |TAMS 0x0000000415000000| PB 0x0000000415000000| Untracked |  0
|  37|0x0000000415800000, 0x0000000415800000, 0x0000000416000000|  0%| F|  |TAMS 0x0000000415800000| PB 0x0000000415800000| Untracked |  0
|  38|0x0000000416000000, 0x0000000416000000, 0x0000000416800000|  0%| F|  |TAMS 0x0000000416000000| PB 0x0000000416000000| Untracked |  0
|  39|0x0000000416800000, 0x0000000416800000, 0x0000000417000000|  0%| F|  |TAMS 0x0000000416800000| PB 0x0000000416800000| Untracked |  0
|  40|0x0000000417000000, 0x0000000417000000, 0x0000000417800000|  0%| F|  |TAMS 0x0000000417000000| PB 0x0000000417000000| Untracked |  0
|  41|0x0000000417800000, 0x0000000417800000, 0x0000000418000000|  0%| F|  |TAMS 0x0000000417800000| PB 0x0000000417800000| Untracked |  0
|  42|0x0000000418000000, 0x0000000418000000, 0x0000000418800000|  0%| F|  |TAMS 0x0000000418000000| PB 0x0000000418000000| Untracked |  0
|  43|0x0000000418800000, 0x0000000418800000, 0x0000000419000000|  0%| F|  |TAMS 0x0000000418800000| PB 0x0000000418800000| Untracked |  0
|  44|0x0000000419000000, 0x0000000419000000, 0x0000000419800000|  0%| F|  |TAMS 0x0000000419000000| PB 0x0000000419000000| Untracked |  0
|  45|0x0000000419800000, 0x0000000419800000, 0x000000041a000000|  0%| F|  |TAMS 0x0000000419800000| PB 0x0000000419800000| Untracked |  0
|  46|0x000000041a000000, 0x000000041a000000, 0x000000041a800000|  0%| F|  |TAMS 0x000000041a000000| PB 0x000000041a000000| Untracked |  0
|  72|0x0000000427000000, 0x0000000427000000, 0x0000000427800000|  0%| F|  |TAMS 0x0000000427000000| PB 0x0000000427000000| Untracked |  0
|  73|0x0000000427800000, 0x0000000427ec6388, 0x0000000428000000| 84%| E|  |TAMS 0x0000000427800000| PB 0x0000000427800000| Complete |  0
|2040|0x00000007ff000000, 0x00000007ff800000, 0x00000007ff800000|100%| E|CS|TAMS 0x00000007ff000000| PB 0x00000007ff000000| Complete |  0
|2041|0x00000007ff800000, 0x0000000800000000, 0x0000000800000000|100%| E|CS|TAMS 0x00000007ff800000| PB 0x00000007ff800000| Complete |  0

Card table byte_map: [0x0000023b766d0000,0x0000023b786c0000] _byte_map_base: 0x0000023b746b8000

Marking Bits: (CMBitMap*) 0x0000023b6abd30c0
 Bits: [0x0000023b0f000000, 0x0000023b1ef40000)

Polling page: 0x0000023b68610000

Metaspace:
Metaspace        used 119492K, committed 121152K, reserved 1179648K
 class space     used 19337K, committed 20032K, reserved 1048576K

Usage:
  Non-class:     97.81 MB used.
      Class:     18.88 MB used.
       Both:    116.69 MB used.

Virtual space:
  Non-class space:      128.00 MB reserved,      98.75 MB ( 77%) committed,  2 nodes.
      Class space:        1.00 GB reserved,      19.56 MB (  2%) committed,  1 nodes.
             Both:        1.12 GB reserved,     118.31 MB ( 10%) committed. 

Chunk freelists:
   Non-Class:  12.67 MB
       Class:  12.39 MB
        Both:  25.06 MB

MaxMetaspaceSize: unlimited
CompressedClassSpaceSize: 1.00 GB
Initial GC threshold: 21.00 MB
Current GC threshold: 194.81 MB
CDS: on
 - commit_granule_bytes: 65536.
 - commit_granule_words: 8192.
 - virtual_space_node_default_size: 8388608.
 - enlarge_chunks_in_place: 1.
UseCompressedClassPointers 1, UseCompactObjectHeaders 0
Narrow klass pointer bits 32, Max shift 3
Narrow klass base: 0x000000008f000000, Narrow klass shift: 0
Encoding Range: [0x000000008f000000 - 0x000000018f000000), (4294967296 bytes)
Klass Range:    [0x000000008f010000 - 0x00000000d0000000), (1090453504 bytes)
Klass ID Range:  [65536 - 1090519033) (1090453497)
Protection zone: [0x000000008f000000 - 0x000000008f010000), (65536 bytes)


Internal statistics:

num_allocs_failed_limit: 18.
num_arena_births: 2474.
num_arena_deaths: 6.
num_vsnodes_births: 3.
num_vsnodes_deaths: 0.
num_space_committed: 1887.
num_space_uncommitted: 0.
num_chunks_returned_to_freelist: 26.
num_chunks_taken_from_freelist: 7216.
num_chunk_merges: 15.
num_chunk_splits: 4729.
num_chunks_enlarged: 3410.
num_inconsistent_stats: 0.

CodeHeap 'non-profiled nmethods': size=119232Kb used=8687Kb max_used=9087Kb free=110544Kb
 bounds [0x0000023b07b90000, 0x0000023b08470000, 0x0000023b0f000000]
CodeHeap 'profiled nmethods': size=119104Kb used=20249Kb max_used=21076Kb free=98854Kb
 bounds [0x0000023b00000000, 0x0000023b014a0000, 0x0000023b07450000]
CodeHeap 'non-nmethods': size=7424Kb used=5110Kb max_used=5214Kb free=2313Kb
 bounds [0x0000023b07450000, 0x0000023b07980000, 0x0000023b07b90000]
CodeCache: size=245760Kb, used=34046Kb, max_used=35377Kb, free=211711Kb
 total_blobs=16008, nmethods=13504, adapters=2359, full_count=0
Compilation: enabled, stopped_count=0, restarted_count=0

Compilation events (20 events):
Event: 16.336 Thread 0x0000023b2671fb20 nmethod 15617 0x0000023b01460c88 code [0x0000023b01460d80, 0x0000023b01460fb0]
Event: 16.336 Thread 0x0000023b2671aa80 nmethod 15616 0x0000023b01461008 code [0x0000023b01461100, 0x0000023b01461568]
Event: 16.336 Thread 0x0000023b7bdfe660 nmethod 15618 0x0000023b01461588 code [0x0000023b01461680, 0x0000023b01461ae8]
Event: 16.336 Thread 0x0000023b7bdfe660 15619       3       com.geckolib.loading.definition.animation.ActorBoneAnimationEntry::bake (122 bytes)
Event: 16.336 Thread 0x0000023b2671fb20 15620       3       com.geckolib.loading.definition.animation.ActorBoneAnimationEntry::bakeKeyframes (25 bytes)
Event: 16.336 Thread 0x0000023b2671eb00 15621       3       com.geckolib.cache.animation.KeyframeStack::<init> (20 bytes)
Event: 16.336 Thread 0x0000023b2671aa80 15622       3       com.geckolib.loading.definition.animation.ActorBoneAnimationEntry$$Lambda/0x000000009131b180::<init> (15 bytes)
Event: 16.336 Thread 0x0000023b2671aa80 nmethod 15622 0x0000023b01461b08 code [0x0000023b01461c00, 0x0000023b01461e30]
Event: 16.336 Thread 0x0000023b2671eb00 nmethod 15621 0x0000023b01461e88 code [0x0000023b01461f80, 0x0000023b01462270]
Event: 16.336 Thread 0x0000023b2671eb00 15623       3       com.geckolib.loading.definition.animation.ActorBoneAnimationEntry$$Lambda/0x000000009131b3d0::<init> (15 bytes)
Event: 16.336 Thread 0x0000023b2671eb00 nmethod 15623 0x0000023b01462288 code [0x0000023b01462380, 0x0000023b014625b0]
Event: 16.336 Thread 0x0000023b2671eb00 15624       3       com.geckolib.loading.definition.animation.ActorBoneAnimation::bake (91 bytes)
Event: 16.336 Thread 0x0000023b2671aa80 15625       3       com.geckolib.cache.animation.BoneAnimation::<init> (26 bytes)
Event: 16.336 Thread 0x0000023b2671aa80 nmethod 15625 0x0000023b01462608 code [0x0000023b01462700, 0x0000023b01462a50]
Event: 16.336 Thread 0x0000023b2671fb20 nmethod 15620 0x0000023b01462a88 code [0x0000023b01462b80, 0x0000023b01463930]
Event: 16.336 Thread 0x0000023b2671eb00 nmethod 15624 0x0000023b01463988 code [0x0000023b01463a80, 0x0000023b01464240]
Event: 16.336 Thread 0x0000023b3028e970 nmethod 15371 0x0000023b08450888 code [0x0000023b08450980, 0x0000023b08451d20]
Event: 16.336 Thread 0x0000023b2671aa80 15627       3       com.geckolib.cache.animation.BoneAnimation::getUsedVariables (52 bytes)
Event: 16.336 Thread 0x0000023b3028e970 15548   !   4       java.util.concurrent.ConcurrentHashMap::computeIfAbsent (576 bytes)
Event: 16.336 Thread 0x0000023b2671aa80 nmethod 15627 0x0000023b01464288 code [0x0000023b014643a0, 0x0000023b014648e8]

GC Heap Usage History (20 events):
Event: 7.453 {heap Before GC invocations=16 (full 0):
 garbage-first heap   total reserved 16728064K, committed 253952K, used 221668K [0x0000000403000000, 0x0000000800000000)
  region size 8192K, 16 young (131072K), 2 survivors (16384K)
}
Event: 7.462 {heap After GC invocations=17 (full 0):
 garbage-first heap   total reserved 16728064K, committed 655360K, used 110463K [0x0000000403000000, 0x0000000800000000)
  region size 8192K, 2 young (16384K), 2 survivors (16384K)
}
Event: 7.744 {heap Before GC invocations=17 (full 0):
 garbage-first heap   total reserved 16728064K, committed 655360K, used 143231K [0x0000000403000000, 0x0000000800000000)
  region size 8192K, 7 young (57344K), 2 survivors (16384K)
}
Event: 7.748 {heap After GC invocations=18 (full 0):
 garbage-first heap   total reserved 16728064K, committed 655360K, used 110623K [0x0000000403000000, 0x0000000800000000)
  region size 8192K, 2 young (16384K), 2 survivors (16384K)
}
Event: 9.008 {heap Before GC invocations=19 (full 0):
 garbage-first heap   total reserved 16728064K, committed 409600K, used 339999K [0x0000000403000000, 0x0000000800000000)
  region size 8192K, 30 young (245760K), 2 survivors (16384K)
}
Event: 9.013 {heap After GC invocations=20 (full 0):
 garbage-first heap   total reserved 16728064K, committed 409600K, used 118450K [0x0000000403000000, 0x0000000800000000)
  region size 8192K, 3 young (24576K), 3 survivors (24576K)
}
Event: 11.101 {heap Before GC invocations=20 (full 0):
 garbage-first heap   total reserved 16728064K, committed 409600K, used 339634K [0x0000000403000000, 0x0000000800000000)
  region size 8192K, 30 young (245760K), 3 survivors (24576K)
}
Event: 11.112 {heap After GC invocations=21 (full 0):
 garbage-first heap   total reserved 16728064K, committed 409600K, used 121628K [0x0000000403000000, 0x0000000800000000)
  region size 8192K, 3 young (24576K), 3 survivors (24576K)
}
Event: 13.426 {heap Before GC invocations=21 (full 0):
 garbage-first heap   total reserved 16728064K, committed 409600K, used 342812K [0x0000000403000000, 0x0000000800000000)
  region size 8192K, 30 young (245760K), 3 survivors (24576K)
}
Event: 13.434 {heap After GC invocations=22 (full 0):
 garbage-first heap   total reserved 16728064K, committed 409600K, used 138724K [0x0000000403000000, 0x0000000800000000)
  region size 8192K, 4 young (32768K), 4 survivors (32768K)
}
Event: 14.074 {heap Before GC invocations=22 (full 0):
 garbage-first heap   total reserved 16728064K, committed 409600K, used 228836K [0x0000000403000000, 0x0000000800000000)
  region size 8192K, 16 young (131072K), 4 survivors (32768K)
}
Event: 14.081 {heap After GC invocations=23 (full 0):
 garbage-first heap   total reserved 16728064K, committed 409600K, used 146825K [0x0000000403000000, 0x0000000800000000)
  region size 8192K, 1 young (8192K), 1 survivors (8192K)
}
Event: 15.906 {heap Before GC invocations=24 (full 0):
 garbage-first heap   total reserved 16728064K, committed 409600K, used 368009K [0x0000000403000000, 0x0000000800000000)
  region size 8192K, 28 young (229376K), 1 survivors (8192K)
}
Event: 15.909 {heap After GC invocations=25 (full 0):
 garbage-first heap   total reserved 16728064K, committed 409600K, used 150555K [0x0000000403000000, 0x0000000800000000)
  region size 8192K, 2 young (16384K), 2 survivors (16384K)
}
Event: 16.103 {heap Before GC invocations=25 (full 0):
 garbage-first heap   total reserved 16728064K, committed 409600K, used 363547K [0x0000000403000000, 0x0000000800000000)
  region size 8192K, 28 young (229376K), 2 survivors (16384K)
}
Event: 16.110 {heap After GC invocations=26 (full 0):
 garbage-first heap   total reserved 16728064K, committed 417792K, used 176170K [0x0000000403000000, 0x0000000800000000)
  region size 8192K, 4 young (32768K), 4 survivors (32768K)
}
Event: 16.272 {heap Before GC invocations=26 (full 0):
 garbage-first heap   total reserved 16728064K, committed 417792K, used 364586K [0x0000000403000000, 0x0000000800000000)
  region size 8192K, 27 young (221184K), 4 survivors (32768K)
}
Event: 16.278 {heap After GC invocations=27 (full 0):
 garbage-first heap   total reserved 16728064K, committed 417792K, used 184904K [0x0000000403000000, 0x0000000800000000)
  region size 8192K, 2 young (16384K), 2 survivors (16384K)
}
Event: 16.323 {heap Before GC invocations=27 (full 0):
 garbage-first heap   total reserved 16728064K, committed 417792K, used 356936K [0x0000000403000000, 0x0000000800000000)
  region size 8192K, 24 young (196608K), 2 survivors (16384K)
}
Event: 16.327 {heap After GC invocations=28 (full 0):
 garbage-first heap   total reserved 16728064K, committed 417792K, used 200873K [0x0000000403000000, 0x0000000800000000)
  region size 8192K, 3 young (24576K), 3 survivors (24576K)
}

Metaspace Usage History (20 events):
Event: 7.453 {metaspace Before GC invocations=16 (full 0):
 Metaspace       used 57133K, committed 57728K, reserved 1114112K
  class space    used 7855K, committed 8128K, reserved 1048576K
}
Event: 7.462 {metaspace After GC invocations=17 (full 0):
 Metaspace       used 57133K, committed 57728K, reserved 1114112K
  class space    used 7855K, committed 8128K, reserved 1048576K
}
Event: 7.744 {metaspace Before GC invocations=17 (full 0):
 Metaspace       used 59526K, committed 60096K, reserved 1114112K
  class space    used 8358K, committed 8640K, reserved 1048576K
}
Event: 7.748 {metaspace After GC invocations=18 (full 0):
 Metaspace       used 59526K, committed 60096K, reserved 1114112K
  class space    used 8358K, committed 8640K, reserved 1048576K
}
Event: 9.008 {metaspace Before GC invocations=19 (full 0):
 Metaspace       used 67696K, committed 68288K, reserved 1114112K
  class space    used 10776K, committed 11072K, reserved 1048576K
}
Event: 9.013 {metaspace After GC invocations=20 (full 0):
 Metaspace       used 67696K, committed 68288K, reserved 1114112K
  class space    used 10776K, committed 11072K, reserved 1048576K
}
Event: 11.101 {metaspace Before GC invocations=20 (full 0):
 Metaspace       used 78309K, committed 79040K, reserved 1179648K
  class space    used 13061K, committed 13376K, reserved 1048576K
}
Event: 11.112 {metaspace After GC invocations=21 (full 0):
 Metaspace       used 78309K, committed 79040K, reserved 1179648K
  class space    used 13061K, committed 13376K, reserved 1048576K
}
Event: 13.426 {metaspace Before GC invocations=21 (full 0):
 Metaspace       used 94318K, committed 95168K, reserved 1179648K
  class space    used 15692K, committed 16064K, reserved 1048576K
}
Event: 13.434 {metaspace After GC invocations=22 (full 0):
 Metaspace       used 94318K, committed 95168K, reserved 1179648K
  class space    used 15692K, committed 16064K, reserved 1048576K
}
Event: 14.074 {metaspace Before GC invocations=22 (full 0):
 Metaspace       used 99858K, committed 100736K, reserved 1179648K
  class space    used 16518K, committed 16896K, reserved 1048576K
}
Event: 14.081 {metaspace After GC invocations=23 (full 0):
 Metaspace       used 99858K, committed 100736K, reserved 1179648K
  class space    used 16518K, committed 16896K, reserved 1048576K
}
Event: 15.906 {metaspace Before GC invocations=24 (full 0):
 Metaspace       used 111597K, committed 113088K, reserved 1179648K
  class space    used 18109K, committed 18752K, reserved 1048576K
}
Event: 15.909 {metaspace After GC invocations=25 (full 0):
 Metaspace       used 111597K, committed 113088K, reserved 1179648K
  class space    used 18109K, committed 18752K, reserved 1048576K
}
Event: 16.103 {metaspace Before GC invocations=25 (full 0):
 Metaspace       used 115708K, committed 117312K, reserved 1179648K
  class space    used 18805K, committed 19456K, reserved 1048576K
}
Event: 16.110 {metaspace After GC invocations=26 (full 0):
 Metaspace       used 115708K, committed 117312K, reserved 1179648K
  class space    used 18805K, committed 19456K, reserved 1048576K
}
Event: 16.272 {metaspace Before GC invocations=26 (full 0):
 Metaspace       used 116054K, committed 117632K, reserved 1179648K
  class space    used 18858K, committed 19520K, reserved 1048576K
}
Event: 16.278 {metaspace After GC invocations=27 (full 0):
 Metaspace       used 116054K, committed 117632K, reserved 1179648K
  class space    used 18858K, committed 19520K, reserved 1048576K
}
Event: 16.323 {metaspace Before GC invocations=27 (full 0):
 Metaspace       used 117323K, committed 118848K, reserved 1179648K
  class space    used 19058K, committed 19712K, reserved 1048576K
}
Event: 16.327 {metaspace After GC invocations=28 (full 0):
 Metaspace       used 117323K, committed 118848K, reserved 1179648K
  class space    used 19058K, committed 19712K, reserved 1048576K
}

Dll operation events (16 events):
Event: 0.095 Loaded shared library C:\Program Files\Java\jdk-25.0.3\bin\java.dll
Event: 0.096 Loaded shared library C:\Program Files\Java\jdk-25.0.3\bin\zip.dll
Event: 0.188 Loaded shared library C:\Program Files\Java\jdk-25.0.3\bin\instrument.dll
Event: 0.192 Loaded shared library C:\Program Files\Java\jdk-25.0.3\bin\net.dll
Event: 0.193 Loaded shared library C:\Program Files\Java\jdk-25.0.3\bin\nio.dll
Event: 0.214 Loaded shared library C:\Program Files\Java\jdk-25.0.3\bin\verify.dll
Event: 0.250 Loaded shared library C:\Program Files\Java\jdk-25.0.3\bin\zip.dll
Event: 0.341 Loaded shared library C:\Program Files\Java\jdk-25.0.3\bin\jimage.dll
Event: 0.695 Loaded shared library C:\Program Files\Java\jdk-25.0.3\bin\management.dll
Event: 0.696 Loaded shared library C:\Program Files\Java\jdk-25.0.3\bin\management_ext.dll
Event: 3.838 Loaded shared library C:\Users\Owner\AppData\Local\Temp\jna--823301853\jna7714379254073829296.dll
Event: 12.990 Loaded shared library C:\Program Files\Java\jdk-25.0.3\bin\sunmscapi.dll
Event: 13.035 Loaded shared library C:\Program Files\Java\jdk-25.0.3\bin\extnet.dll
Event: 14.021 Loaded shared library C:\Users\Owner\AppData\Local\Temp\lwjgl_LichtMeilleur\3.4.1-snapshot\x64\lwjgl.dll
Event: 14.460 Loaded shared library C:\Users\Owner\AppData\Local\Temp\lwjgl_LichtMeilleur\3.4.1-snapshot\x64\lwjgl_opengl.dll
Event: 14.711 Loaded shared library C:\Users\Owner\AppData\Local\Temp\lwjgl_LichtMeilleur\3.4.1-snapshot\x64\lwjgl_stb.dll

Deoptimization events (20 events):
Event: 16.316 Thread 0x0000023b2d866500 DEOPT UNPACKING pc=0x0000023b07580f02 sp=0x0000005068bfd860 mode 2
Event: 16.316 Thread 0x0000023b2c87c670 DEOPT UNPACKING pc=0x0000023b07580f02 sp=0x00000050677fd108 mode 2
Event: 16.317 Thread 0x0000023b2d85f7a0 Uncommon trap: trap_request=0xffffffc6 fr.pc=0x0000023b07f3d274 relative=0x0000000000000074
Event: 16.317 Thread 0x0000023b2d85f7a0 Uncommon trap: reason=bimorphic_or_optimized_type_check action=maybe_recompile pc=0x0000023b07f3d274 method=java.util.Collections$UnmodifiableCollection.size()I @ 4 c2
Event: 16.317 Thread 0x0000023b2d85f7a0 DEOPT PACKING pc=0x0000023b07f3d274 sp=0x00000050686ff1a0
Event: 16.317 Thread 0x0000023b2d85f7a0 DEOPT UNPACKING pc=0x0000023b07580f02 sp=0x00000050686ff140 mode 2
Event: 16.320 Thread 0x0000023b2c874970 DEOPT PACKING pc=0x0000023b000759f4 sp=0x00000050671fe8a0
Event: 16.320 Thread 0x0000023b2c874970 DEOPT UNPACKING pc=0x0000023b074a1702 sp=0x00000050671fdd58 mode 1
Event: 16.321 Thread 0x0000023b2d85f7a0 Uncommon trap: trap_request=0xffffff45 fr.pc=0x0000023b08426048 relative=0x0000000000000b48
Event: 16.321 Thread 0x0000023b2d85f7a0 Uncommon trap: reason=unstable_if action=reinterpret pc=0x0000023b08426048 method=java.util.concurrent.CompletableFuture.postComplete()V @ 52 c2
Event: 16.321 Thread 0x0000023b2d85f7a0 DEOPT PACKING pc=0x0000023b08426048 sp=0x00000050686ff490
Event: 16.321 Thread 0x0000023b2d85f7a0 DEOPT UNPACKING pc=0x0000023b07580f02 sp=0x00000050686ff150 mode 2
Event: 16.329 Thread 0x0000023b2d868440 Uncommon trap: trap_request=0xfffffff4 fr.pc=0x0000023b080af150 relative=0x0000000000000250
Event: 16.329 Thread 0x0000023b2d868440 Uncommon trap: reason=null_check action=make_not_entrant pc=0x0000023b080af150 method=java.util.stream.Nodes$FixedNodeBuilder.accept(Ljava/lang/Object;)V @ 28 c2
Event: 16.329 Thread 0x0000023b2d868440 DEOPT PACKING pc=0x0000023b080af150 sp=0x0000005068aff0d0
Event: 16.329 Thread 0x0000023b2d868440 DEOPT UNPACKING pc=0x0000023b07580f02 sp=0x0000005068aff060 mode 2
Event: 16.333 Thread 0x0000023b2d866500 Uncommon trap: trap_request=0xffffff45 fr.pc=0x0000023b081450a4 relative=0x0000000000000104
Event: 16.333 Thread 0x0000023b2d866500 Uncommon trap: reason=unstable_if action=reinterpret pc=0x0000023b081450a4 method=java.lang.Math.max(DD)D @ 17 c2
Event: 16.333 Thread 0x0000023b2d866500 DEOPT PACKING pc=0x0000023b081450a4 sp=0x0000005068bfe870
Event: 16.333 Thread 0x0000023b2d866500 DEOPT UNPACKING pc=0x0000023b07580f02 sp=0x0000005068bfe810 mode 2

Classes loaded (20 events):
Event: 16.331 Loading class com/geckolib/loading/math/MathValue
Event: 16.331 Loading class com/geckolib/loading/math/MathValue done
Event: 16.331 Loading class com/geckolib/loading/math/MathValue
Event: 16.331 Loading class com/geckolib/loading/math/MathValue done
Event: 16.331 Loading class com/geckolib/loading/math/MathValue
Event: 16.331 Loading class com/geckolib/loading/math/MathValue done
Event: 16.331 Loading class com/geckolib/loading/math/MathValue
Event: 16.331 Loading class com/geckolib/loading/math/MathValue done
Event: 16.331 Loading class com/geckolib/loading/math/MathValue
Event: 16.331 Loading class com/geckolib/loading/math/MathValue done
Event: 16.331 Loading class com/geckolib/loading/math/MathValue
Event: 16.331 Loading class com/geckolib/loading/math/MathValue done
Event: 16.333 Loading class com/geckolib/loading/definition/animation/ActorBoneAnimationKeyframe
Event: 16.333 Loading class com/geckolib/loading/definition/animation/ActorBoneAnimationKeyframe done
Event: 16.333 Loading class com/geckolib/loading/definition/animation/ActorBoneAnimationKeyframe
Event: 16.333 Loading class com/geckolib/loading/definition/animation/ActorBoneAnimationKeyframe done
Event: 16.333 Loading class it/unimi/dsi/fastutil/doubles/Double2ObjectArrayMap
Event: 16.333 Loading class it/unimi/dsi/fastutil/doubles/Double2ObjectArrayMap done
Event: 16.333 Loading class it/unimi/dsi/fastutil/doubles/Double2ObjectArrayMap
Event: 16.333 Loading class it/unimi/dsi/fastutil/doubles/Double2ObjectArrayMap done

Classes unloaded (0 events):
No events

Classes redefined (1 events):
Event: 0.223 Thread 0x0000023b746041c0 redefined class name=java.lang.Throwable, count=1

Internal exceptions (20 events):
Event: 16.316 Thread 0x0000023b2d863df0 Exception <a 'java/lang/NoSuchMethodError'{0x0000000414391518}: 'java.lang.Object java.lang.invoke.DirectMethodHandle$Holder.invokeStatic(java.lang.Object, java.lang.Object, java.lang.Object, java.lang.Object, int, int, int, java.lang.Object)'> (0x0000000414391518) 
thrown [s\open\src\hotspot\share\interpreter\linkResolver.cpp, line 804]
Event: 16.316 Thread 0x0000023b2d85b150 Exception <a 'java/lang/NoSuchMethodError'{0x0000000414f00a90}: 'java.lang.Object java.lang.invoke.DirectMethodHandle$Holder.invokeStatic(java.lang.Object, java.lang.Object, java.lang.Object, java.lang.Object, int, int, int, java.lang.Object)'> (0x0000000414f00a90) 
thrown [s\open\src\hotspot\share\interpreter\linkResolver.cpp, line 804]
Event: 16.316 Thread 0x0000023b2c878020 Exception <a 'java/lang/NoSuchMethodError'{0x00000004185fe4b8}: 'java.lang.Object java.lang.invoke.DirectMethodHandle$Holder.invokeStatic(java.lang.Object, java.lang.Object, java.lang.Object, java.lang.Object, int, int, int, java.lang.Object)'> (0x00000004185fe4b8) 
thrown [s\open\src\hotspot\share\interpreter\linkResolver.cpp, line 804]
Event: 16.316 Thread 0x0000023b2c87c670 Exception <a 'java/lang/NoSuchMethodError'{0x0000000414b371a8}: 'java.lang.Object java.lang.invoke.DirectMethodHandle$Holder.invokeStatic(java.lang.Object, java.lang.Object, java.lang.Object, java.lang.Object, int, int, int, java.lang.Object)'> (0x0000000414b371a8) 
thrown [s\open\src\hotspot\share\interpreter\linkResolver.cpp, line 804]
Event: 16.316 Thread 0x0000023b26cdd6b0 Exception <a 'java/lang/NoSuchMethodError'{0x0000000417d00798}: 'java.lang.Object java.lang.invoke.DirectMethodHandle$Holder.invokeStatic(java.lang.Object, java.lang.Object, java.lang.Object, java.lang.Object, int, int, int, java.lang.Object)'> (0x0000000417d00798) 
thrown [s\open\src\hotspot\share\interpreter\linkResolver.cpp, line 804]
Event: 16.316 Thread 0x0000023b2d8674a0 Exception <a 'java/lang/NoSuchMethodError'{0x0000000416cdb0e0}: 'java.lang.Object java.lang.invoke.DirectMethodHandle$Holder.invokeStatic(java.lang.Object, java.lang.Object, java.lang.Object, java.lang.Object, int, int, int, java.lang.Object)'> (0x0000000416cdb0e0) 
thrown [s\open\src\hotspot\share\interpreter\linkResolver.cpp, line 804]
Event: 16.317 Thread 0x0000023b2d860f10 Exception <a 'java/lang/NoSuchMethodError'{0x0000000417b49d50}: 'java.lang.Object java.lang.invoke.DirectMethodHandle$Holder.invokeSpecial(java.lang.Object, java.lang.Object, java.lang.Object, java.lang.Object, java.lang.Object, int, int, int)'> (0x0000000417b49d50) 
thrown [s\open\src\hotspot\share\interpreter\linkResolver.cpp, line 804]
Event: 16.317 Thread 0x0000023b2d85b150 Exception <a 'java/lang/NoSuchMethodError'{0x0000000414f11e00}: 'java.lang.Object java.lang.invoke.DirectMethodHandle$Holder.invokeSpecial(java.lang.Object, java.lang.Object, java.lang.Object, java.lang.Object, java.lang.Object, int, int, int)'> (0x0000000414f11e00) 
thrown [s\open\src\hotspot\share\interpreter\linkResolver.cpp, line 804]
Event: 16.317 Thread 0x0000023b2c878020 Exception <a 'java/lang/NoSuchMethodError'{0x0000000413b47700}: 'java.lang.Object java.lang.invoke.DirectMethodHandle$Holder.invokeSpecial(java.lang.Object, java.lang.Object, java.lang.Object, java.lang.Object, java.lang.Object, int, int, int)'> (0x0000000413b47700) 
thrown [s\open\src\hotspot\share\interpreter\linkResolver.cpp, line 804]
Event: 16.317 Thread 0x0000023b2d863df0 Exception <a 'java/lang/NoSuchMethodError'{0x0000000413c3a9b0}: 'java.lang.Object java.lang.invoke.DirectMethodHandle$Holder.invokeSpecial(java.lang.Object, java.lang.Object, java.lang.Object, java.lang.Object, java.lang.Object, int, int, int)'> (0x0000000413c3a9b0) 
thrown [s\open\src\hotspot\share\interpreter\linkResolver.cpp, line 804]
Event: 16.317 Thread 0x0000023b2d85b150 Exception <a 'java/lang/NoSuchMethodError'{0x0000000414f19ff0}: 'java.lang.Object java.lang.invoke.Invokers$Holder.linkToTargetMethod(java.lang.Object, java.lang.Object, java.lang.Object, int, int, int, java.lang.Object)'> (0x0000000414f19ff0) 
thrown [s\open\src\hotspot\share\interpreter\linkResolver.cpp, line 804]
Event: 16.317 Thread 0x0000023b2d860f10 Exception <a 'java/lang/NoSuchMethodError'{0x0000000417b51ef0}: 'java.lang.Object java.lang.invoke.Invokers$Holder.linkToTargetMethod(java.lang.Object, java.lang.Object, java.lang.Object, int, int, int, java.lang.Object)'> (0x0000000417b51ef0) 
thrown [s\open\src\hotspot\share\interpreter\linkResolver.cpp, line 804]
Event: 16.317 Thread 0x0000023b2d8674a0 Exception <a 'java/lang/NoSuchMethodError'{0x0000000413af35f0}: 'java.lang.Object java.lang.invoke.Invokers$Holder.linkToTargetMethod(java.lang.Object, java.lang.Object, java.lang.Object, int, int, int, java.lang.Object)'> (0x0000000413af35f0) 
thrown [s\open\src\hotspot\share\interpreter\linkResolver.cpp, line 804]
Event: 16.317 Thread 0x0000023b2c87c670 Exception <a 'java/lang/NoSuchMethodError'{0x0000000414b47b98}: 'java.lang.Object java.lang.invoke.Invokers$Holder.linkToTargetMethod(java.lang.Object, java.lang.Object, java.lang.Object, int, int, int, java.lang.Object)'> (0x0000000414b47b98) 
thrown [s\open\src\hotspot\share\interpreter\linkResolver.cpp, line 804]
Event: 16.317 Thread 0x0000023b26cdd6b0 Exception <a 'java/lang/NoSuchMethodError'{0x0000000413b74a70}: 'java.lang.Object java.lang.invoke.Invokers$Holder.linkToTargetMethod(java.lang.Object, java.lang.Object, java.lang.Object, int, int, int, java.lang.Object)'> (0x0000000413b74a70) 
thrown [s\open\src\hotspot\share\interpreter\linkResolver.cpp, line 804]
Event: 16.317 Thread 0x0000023b2d863df0 Exception <a 'java/lang/NoSuchMethodError'{0x0000000413c42b50}: 'java.lang.Object java.lang.invoke.Invokers$Holder.linkToTargetMethod(java.lang.Object, java.lang.Object, java.lang.Object, int, int, int, java.lang.Object)'> (0x0000000413c42b50) 
thrown [s\open\src\hotspot\share\interpreter\linkResolver.cpp, line 804]
Event: 16.317 Thread 0x0000023b2c878020 Exception <a 'java/lang/NoSuchMethodError'{0x0000000413b4f8a0}: 'java.lang.Object java.lang.invoke.Invokers$Holder.linkToTargetMethod(java.lang.Object, java.lang.Object, java.lang.Object, int, int, int, java.lang.Object)'> (0x0000000413b4f8a0) 
thrown [s\open\src\hotspot\share\interpreter\linkResolver.cpp, line 804]
Event: 16.318 Thread 0x0000023b2d866500 Exception <a 'java/lang/NoSuchMethodError'{0x00000004130655b0}: 'double java.lang.invoke.DirectMethodHandle$Holder.invokeStaticInit(java.lang.Object, java.lang.Object, double)'> (0x00000004130655b0) 
thrown [s\open\src\hotspot\share\interpreter\linkResolver.cpp, line 804]
Event: 16.321 Thread 0x0000023b2d866500 Exception <a 'java/lang/NoSuchMethodError'{0x0000000412e223d8}: 'double java.lang.invoke.DirectMethodHandle$Holder.invokeStaticInit(java.lang.Object, double, double)'> (0x0000000412e223d8) 
thrown [s\open\src\hotspot\share\interpreter\linkResolver.cpp, line 804]
Event: 16.329 Thread 0x0000023b2d868440 Implicit null exception at 0x0000023b080aef54 to 0x0000023b080af13c

VM Operations (20 events):
Event: 15.744 Executing non-safepoint VM operation: HandshakeAllThreads (Deoptimize)
Event: 15.744 Executing non-safepoint VM operation: HandshakeAllThreads (Deoptimize) done
Event: 15.764 Executing non-safepoint VM operation: HandshakeAllThreads (Deoptimize)
Event: 15.764 Executing non-safepoint VM operation: HandshakeAllThreads (Deoptimize) done
Event: 15.892 Executing non-safepoint VM operation: HandshakeAllThreads (Deoptimize)
Event: 15.892 Executing non-safepoint VM operation: HandshakeAllThreads (Deoptimize) done
Event: 15.906 Executing safepoint VM operation: G1CollectForAllocation (G1 Evacuation Pause)
Event: 15.909 Executing safepoint VM operation: G1CollectForAllocation (G1 Evacuation Pause) done
Event: 15.979 Executing non-safepoint VM operation: HandshakeAllThreads (Deoptimize)
Event: 15.979 Executing non-safepoint VM operation: HandshakeAllThreads (Deoptimize) done
Event: 15.980 Executing non-safepoint VM operation: HandshakeAllThreads (Deoptimize)
Event: 15.980 Executing non-safepoint VM operation: HandshakeAllThreads (Deoptimize) done
Event: 16.049 Executing non-safepoint VM operation: HandshakeAllThreads (Deoptimize)
Event: 16.049 Executing non-safepoint VM operation: HandshakeAllThreads (Deoptimize) done
Event: 16.103 Executing safepoint VM operation: G1CollectForAllocation (G1 Evacuation Pause)
Event: 16.110 Executing safepoint VM operation: G1CollectForAllocation (G1 Evacuation Pause) done
Event: 16.213 Executing safepoint VM operation: G1CollectForAllocation (G1 Evacuation Pause)
Event: 16.278 Executing safepoint VM operation: G1CollectForAllocation (G1 Evacuation Pause) done
Event: 16.323 Executing safepoint VM operation: G1CollectForAllocation (G1 Evacuation Pause)
Event: 16.327 Executing safepoint VM operation: G1CollectForAllocation (G1 Evacuation Pause) done

Memory protections (0 events):
No events

Nmethod flushes (20 events):
Event: 14.110 Thread 0x0000023b746041c0 flushing  nmethod 0x0000023b00cb9308
Event: 14.110 Thread 0x0000023b746041c0 flushing  nmethod 0x0000023b00cb9608
Event: 14.110 Thread 0x0000023b746041c0 flushing  nmethod 0x0000023b00cb9c88
Event: 14.110 Thread 0x0000023b746041c0 flushing  nmethod 0x0000023b00cba408
Event: 14.110 Thread 0x0000023b746041c0 flushing  nmethod 0x0000023b00d62a08
Event: 14.110 Thread 0x0000023b746041c0 flushing  nmethod 0x0000023b00d62d88
Event: 14.110 Thread 0x0000023b746041c0 flushing  nmethod 0x0000023b00d63608
Event: 14.110 Thread 0x0000023b746041c0 flushing  nmethod 0x0000023b00d6a708
Event: 14.110 Thread 0x0000023b746041c0 flushing  nmethod 0x0000023b00e27188
Event: 14.110 Thread 0x0000023b746041c0 flushing  nmethod 0x0000023b00e29f88
Event: 14.110 Thread 0x0000023b746041c0 flushing  nmethod 0x0000023b00e2a288
Event: 14.110 Thread 0x0000023b746041c0 flushing  nmethod 0x0000023b00e2b708
Event: 14.110 Thread 0x0000023b746041c0 flushing  nmethod 0x0000023b00e2c288
Event: 14.110 Thread 0x0000023b746041c0 flushing  nmethod 0x0000023b00e2ca08
Event: 14.110 Thread 0x0000023b746041c0 flushing  nmethod 0x0000023b00e73b88
Event: 14.110 Thread 0x0000023b746041c0 flushing  nmethod 0x0000023b00e74908
Event: 14.110 Thread 0x0000023b746041c0 flushing  nmethod 0x0000023b00e75208
Event: 14.110 Thread 0x0000023b746041c0 flushing  nmethod 0x0000023b00e75508
Event: 14.110 Thread 0x0000023b746041c0 flushing  nmethod 0x0000023b00e77288
Event: 14.110 Thread 0x0000023b746041c0 flushing  nmethod 0x0000023b00e79188

Events (20 events):
Event: 15.911 Thread 0x0000023b2d8599e0 Thread added: 0x0000023b2d857aa0
Event: 15.911 Thread 0x0000023b2d855b60 Thread added: 0x0000023b2d85a980
Event: 15.912 Thread 0x0000023b2d85a980 Thread added: 0x0000023b2d85d090
Event: 15.915 Thread 0x0000023b2d85d090 Thread added: 0x0000023b2d85b150
Event: 15.915 Thread 0x0000023b2d857aa0 Thread added: 0x0000023b2d85b920
Event: 15.917 Thread 0x0000023b7bdfe660 Thread added: 0x0000023b3283c920
Event: 15.917 Thread 0x0000023b2d859210 Thread added: 0x0000023b2d860f10
Event: 15.918 Thread 0x0000023b2d859210 Thread added: 0x0000023b2d861eb0
Event: 15.918 Thread 0x0000023b2c87a730 Thread added: 0x0000023b2d85f7a0
Event: 15.918 Thread 0x0000023b2c87a730 Thread added: 0x0000023b2d863df0
Event: 15.918 Thread 0x0000023b2c87a730 Thread added: 0x0000023b2d864d90
Event: 15.918 Thread 0x0000023b2d855b60 Thread added: 0x0000023b2d8693e0
Event: 15.918 Thread 0x0000023b2d855b60 Thread added: 0x0000023b2d868440
Event: 15.918 Thread 0x0000023b2d85b920 Thread added: 0x0000023b2d866500
Event: 15.918 Thread 0x0000023b2d855b60 Thread added: 0x0000023b2d8674a0
Event: 15.920 Thread 0x0000023b7bdfe660 Thread added: 0x0000023b3028e970
Event: 15.923 Thread 0x0000023b7bdfe660 Thread added: 0x0000023b7be99770
Event: 15.924 Thread 0x0000023b2671fb20 Thread added: 0x0000023b2e62d720
Event: 15.924 Thread 0x0000023b2671fb20 Thread added: 0x0000023b2e62bef0
Event: 16.113 Thread 0x0000023b2c87c670 Thread added: 0x0000023b23480570


Dynamic libraries:
0x00007ff721720000 - 0x00007ff721730000 	C:\Program Files\Java\jdk-25.0.3\bin\java.exe
0x00007ffc838e0000 - 0x00007ffc83b46000 	C:\WINDOWS\SYSTEM32\ntdll.dll
0x00007ffc3f130000 - 0x00007ffc3f151000 	C:\Program Files\Norton\Suite\aswhook.dll
0x00007ffc82050000 - 0x00007ffc82119000 	C:\WINDOWS\System32\KERNEL32.DLL
0x00007ffc80b00000 - 0x00007ffc80efe000 	C:\WINDOWS\System32\KERNELBASE.dll
0x00007ffc80f10000 - 0x00007ffc8105c000 	C:\WINDOWS\System32\ucrtbase.dll
0x00007ffc34ed0000 - 0x00007ffc34ee7000 	C:\Program Files\Java\jdk-25.0.3\bin\jli.dll
0x00007ffc23d90000 - 0x00007ffc23dae000 	C:\Program Files\Java\jdk-25.0.3\bin\VCRUNTIME140.dll
0x00007ffc82580000 - 0x00007ffc82747000 	C:\WINDOWS\System32\USER32.dll
0x00007ffc81070000 - 0x00007ffc81097000 	C:\WINDOWS\System32\win32u.dll
0x00007ffc56070000 - 0x00007ffc56302000 	C:\WINDOWS\WinSxS\amd64_microsoft.windows.common-controls_6595b64144ccf1df_6.0.26100.8875_none_3e0d5d42e32fe9dd\COMCTL32.dll
0x00007ffc827a0000 - 0x00007ffc827cb000 	C:\WINDOWS\System32\GDI32.dll
0x00007ffc81130000 - 0x00007ffc8125a000 	C:\WINDOWS\System32\gdi32full.dll
0x00007ffc81a40000 - 0x00007ffc81ae9000 	C:\WINDOWS\System32\msvcrt.dll
0x00007ffc81560000 - 0x00007ffc81603000 	C:\WINDOWS\System32\msvcp_win.dll
0x00007ffc82540000 - 0x00007ffc82572000 	C:\WINDOWS\System32\IMM32.DLL
0x00007ffc47870000 - 0x00007ffc4787c000 	C:\Program Files\Java\jdk-25.0.3\bin\vcruntime140_1.dll
0x00007ffbe9c40000 - 0x00007ffbe9ccd000 	C:\Program Files\Java\jdk-25.0.3\bin\msvcp140.dll
0x00007ffb93f30000 - 0x00007ffb94d90000 	C:\Program Files\Java\jdk-25.0.3\bin\server\jvm.dll
0x00007ffc81720000 - 0x00007ffc817d7000 	C:\WINDOWS\System32\ADVAPI32.dll
0x00007ffc82120000 - 0x00007ffc821ca000 	C:\WINDOWS\System32\sechost.dll
0x00007ffc821d0000 - 0x00007ffc822e8000 	C:\WINDOWS\System32\RPCRT4.dll
0x00007ffc818e0000 - 0x00007ffc81960000 	C:\WINDOWS\System32\WS2_32.dll
0x00007ffc80710000 - 0x00007ffc8076e000 	C:\WINDOWS\SYSTEM32\POWRPROF.dll
0x00007ffc788a0000 - 0x00007ffc788ab000 	C:\WINDOWS\SYSTEM32\VERSION.dll
0x00007ffc72480000 - 0x00007ffc724b6000 	C:\WINDOWS\SYSTEM32\WINMM.dll
0x00007ffc806b0000 - 0x00007ffc806c4000 	C:\WINDOWS\SYSTEM32\UMPDC.dll
0x00007ffc7f7e0000 - 0x00007ffc7f7fb000 	C:\WINDOWS\SYSTEM32\kernel.appcore.dll
0x00007ffc477a0000 - 0x00007ffc477aa000 	C:\Program Files\Java\jdk-25.0.3\bin\jimage.dll
0x00007ffc71ea0000 - 0x00007ffc720e2000 	C:\WINDOWS\SYSTEM32\DBGHELP.DLL
0x00007ffc81cc0000 - 0x00007ffc82043000 	C:\WINDOWS\System32\combase.dll
0x00007ffc817e0000 - 0x00007ffc818b9000 	C:\WINDOWS\System32\OLEAUT32.dll
0x00007ffc726e0000 - 0x00007ffc7271b000 	C:\WINDOWS\SYSTEM32\dbgcore.DLL
0x00007ffc813e0000 - 0x00007ffc8148c000 	C:\WINDOWS\System32\bcryptPrimitives.dll
0x00007ffbea7f0000 - 0x00007ffbea82d000 	C:\Program Files\Java\jdk-25.0.3\bin\jdwp.dll
0x00007ffc47390000 - 0x00007ffc473a0000 	C:\Program Files\Java\jdk-25.0.3\bin\instrument.dll
0x00007ffc16f10000 - 0x00007ffc16f2f000 	C:\Program Files\Java\jdk-25.0.3\bin\java.dll
0x00007ffc827d0000 - 0x00007ffc82969000 	C:\WINDOWS\System32\ole32.dll
0x00007ffc82b50000 - 0x00007ffc832e2000 	C:\WINDOWS\System32\SHELL32.dll
0x00007ffbfd020000 - 0x00007ffbfd037000 	C:\Program Files\Java\jdk-25.0.3\bin\zip.dll
0x00007ffc7e5e0000 - 0x00007ffc7ee72000 	C:\WINDOWS\SYSTEM32\windows.storage.dll
0x00007ffc832f0000 - 0x00007ffc833e7000 	C:\WINDOWS\System32\SHCORE.dll
0x00007ffc822f0000 - 0x00007ffc82357000 	C:\WINDOWS\System32\shlwapi.dll
0x00007ffc80a20000 - 0x00007ffc80a49000 	C:\WINDOWS\SYSTEM32\profapi.dll
0x00007ffc50d60000 - 0x00007ffc50d6c000 	C:\Program Files\Java\jdk-25.0.3\bin\dt_socket.dll
0x00007ffc7f1b0000 - 0x00007ffc7f1e3000 	C:\WINDOWS\SYSTEM32\IPHLPAPI.DLL
0x00007ffc7fd90000 - 0x00007ffc7fdfc000 	C:\WINDOWS\system32\mswsock.dll
0x00007ffbf93b0000 - 0x00007ffbf93c2000 	C:\Program Files\Java\jdk-25.0.3\bin\net.dll
0x00007ffbeb7f0000 - 0x00007ffbeb806000 	C:\Program Files\Java\jdk-25.0.3\bin\nio.dll
0x00007ffc46b30000 - 0x00007ffc46b40000 	C:\Program Files\Java\jdk-25.0.3\bin\verify.dll
0x00007ffc46ae0000 - 0x00007ffc46aea000 	C:\Program Files\Java\jdk-25.0.3\bin\management.dll
0x00007ffc46140000 - 0x00007ffc4614c000 	C:\Program Files\Java\jdk-25.0.3\bin\management_ext.dll
0x00007ffc81a30000 - 0x00007ffc81a38000 	C:\WINDOWS\System32\PSAPI.DLL
0x00007ffc5b590000 - 0x00007ffc5b5a8000 	C:\WINDOWS\system32\napinsp.dll
0x00007ffc7f240000 - 0x00007ffc7f396000 	C:\WINDOWS\SYSTEM32\DNSAPI.dll
0x00007ffc7fb20000 - 0x00007ffc7fb2d000 	C:\WINDOWS\SYSTEM32\DSPARSE.dll
0x00007ffc81710000 - 0x00007ffc8171a000 	C:\WINDOWS\System32\NSI.dll
0x00007ffc5b7a0000 - 0x00007ffc5b7b3000 	C:\WINDOWS\System32\winrnr.dll
0x00007ffc5b770000 - 0x00007ffc5b792000 	C:\WINDOWS\system32\nlansp_c.dll
0x00007ffc78ed0000 - 0x00007ffc78ee6000 	C:\WINDOWS\system32\wshbth.dll
0x00007ffc78050000 - 0x00007ffc7805b000 	C:\Windows\System32\rasadhlp.dll
0x00007ffc78170000 - 0x00007ffc781f6000 	C:\WINDOWS\System32\fwpuclnt.dll
0x00007ffc80090000 - 0x00007ffc800ab000 	C:\WINDOWS\SYSTEM32\CRYPTSP.dll
0x00007ffc7f740000 - 0x00007ffc7f779000 	C:\WINDOWS\system32\rsaenh.dll
0x00007ffc7fe50000 - 0x00007ffc7fe82000 	C:\WINDOWS\SYSTEM32\USERENV.dll
0x00007ffc809f0000 - 0x00007ffc80a1a000 	C:\WINDOWS\SYSTEM32\bcrypt.dll
0x00007ffc800b0000 - 0x00007ffc800bc000 	C:\WINDOWS\SYSTEM32\CRYPTBASE.dll
0x00007ffbe3270000 - 0x00007ffbe32b9000 	C:\Users\Owner\AppData\Local\Temp\jna--823301853\jna7714379254073829296.dll
0x00007ffc81970000 - 0x00007ffc81a1e000 	C:\WINDOWS\System32\clbcatq.dll
0x00007ffc54d80000 - 0x00007ffc54d9d000 	C:\WINDOWS\SYSTEM32\amsi.dll
0x00007ffc52f20000 - 0x00007ffc53020000 	C:\Program Files\Norton\Suite\aswAMSI.dll
0x00007ffc5f570000 - 0x00007ffc5f5c8000 	C:\WINDOWS\SYSTEM32\Pdh.dll
0x00007ffc5ec50000 - 0x00007ffc5ec61000 	C:\WINDOWS\System32\perfos.dll
0x00007ffc7c7e0000 - 0x00007ffc7c7f2000 	C:\WINDOWS\SYSTEM32\pfclient.dll
0x00007ffc44840000 - 0x00007ffc4484e000 	C:\Program Files\Java\jdk-25.0.3\bin\sunmscapi.dll
0x00007ffc81260000 - 0x00007ffc813d8000 	C:\WINDOWS\System32\CRYPT32.dll
0x00007ffc80340000 - 0x00007ffc80370000 	C:\WINDOWS\SYSTEM32\ncrypt.dll
0x00007ffc802f0000 - 0x00007ffc8032f000 	C:\WINDOWS\SYSTEM32\NTASN1.dll
0x00007ffc45b60000 - 0x00007ffc45b69000 	C:\Program Files\Java\jdk-25.0.3\bin\extnet.dll
0x00007ffc5b200000 - 0x00007ffc5b3dc000 	C:\WINDOWS\system32\urlmon.dll
0x00007ffc5af30000 - 0x00007ffc5b1f5000 	C:\WINDOWS\SYSTEM32\iertutil.dll
0x00007ffc61e40000 - 0x00007ffc61e69000 	C:\WINDOWS\SYSTEM32\srvcli.dll
0x00007ffc7f190000 - 0x00007ffc7f19d000 	C:\WINDOWS\SYSTEM32\netutils.dll
0x00007ffbdb7e0000 - 0x00007ffbdb864000 	C:\Users\Owner\AppData\Local\Temp\lwjgl_LichtMeilleur\3.4.1-snapshot\x64\lwjgl.dll
0x00007ffbd25c0000 - 0x00007ffbd264a000 	C:\Users\Owner\AppData\Local\Temp\lwjgl_LichtMeilleur\3.4.1-snapshot\x64\glfw.dll
0x00007ffbc19c0000 - 0x00007ffbc1c30000 	C:\Users\Owner\AppData\Local\Temp\lwjgl_LichtMeilleur\3.4.1-snapshot\x64\jemalloc.dll
0x00007ffc34420000 - 0x00007ffc3446b000 	C:\WINDOWS\SYSTEM32\dinput8.dll
0x00007ffc16ef0000 - 0x00007ffc16f0b000 	C:\WINDOWS\SYSTEM32\xinput1_4.dll
0x00007ffc80780000 - 0x00007ffc807d1000 	C:\WINDOWS\SYSTEM32\cfgmgr32.dll
0x00007ffc806d0000 - 0x00007ffc806ff000 	C:\WINDOWS\SYSTEM32\DEVOBJ.dll
0x00007ffc590c0000 - 0x00007ffc592a4000 	C:\WINDOWS\SYSTEM32\inputhost.dll
0x00007ffc7d740000 - 0x00007ffc7d865000 	C:\WINDOWS\SYSTEM32\CoreMessaging.dll
0x00007ffc7df10000 - 0x00007ffc7df3f000 	C:\WINDOWS\SYSTEM32\dwmapi.dll
0x00007ffc7dc70000 - 0x00007ffc7dd19000 	C:\WINDOWS\system32\uxtheme.dll
0x00007ffc823d0000 - 0x00007ffc8252d000 	C:\WINDOWS\System32\MSCTF.dll
0x00007ffbb0ce0000 - 0x00007ffbb0dec000 	C:\WINDOWS\SYSTEM32\opengl32.dll
0x00007ffbe22f0000 - 0x00007ffbe231d000 	C:\WINDOWS\SYSTEM32\GLU32.dll
0x00007ffc7dd50000 - 0x00007ffc7dd96000 	C:\WINDOWS\SYSTEM32\dxcore.dll
0x00007ffc5a980000 - 0x00007ffc5a99a000 	C:\WINDOWS\SYSTEM32\windows.staterepositorycore.dll
0x00007ffb9fef0000 - 0x00007ffba2ba2000 	C:\WINDOWS\System32\DriverStore\FileRepository\nv_dispi.inf_amd64_b7cca8360c0d57e9\nvoglv64.dll
0x00007ffc833f0000 - 0x00007ffc83877000 	C:\WINDOWS\System32\SETUPAPI.dll
0x00007ffc7dc10000 - 0x00007ffc7dc39000 	C:\WINDOWS\SYSTEM32\WTSAPI32.dll
0x00007ffc7fa90000 - 0x00007ffc7fad9000 	C:\WINDOWS\SYSTEM32\SspiCli.dll
0x00007ffc801e0000 - 0x00007ffc801f3000 	C:\WINDOWS\SYSTEM32\msasn1.dll
0x00007ffc78380000 - 0x00007ffc783bb000 	C:\WINDOWS\SYSTEM32\cryptnet.dll
0x00007ffc80170000 - 0x00007ffc801da000 	C:\WINDOWS\SYSTEM32\wldp.dll
0x00007ffc78200000 - 0x00007ffc78379000 	C:\WINDOWS\SYSTEM32\drvstore.dll
0x00007ffc810a0000 - 0x00007ffc81123000 	C:\WINDOWS\System32\WINTRUST.dll
0x00007ffc7f910000 - 0x00007ffc7f946000 	C:\WINDOWS\SYSTEM32\ntmarta.dll
0x00007ffc81c90000 - 0x00007ffc81cb0000 	C:\WINDOWS\System32\imagehlp.dll
0x00007ffc72840000 - 0x00007ffc77797000 	C:\WINDOWS\System32\DriverStore\FileRepository\nv_dispi.inf_amd64_b7cca8360c0d57e9\nvgpucomp64.dll
0x00007ffc35770000 - 0x00007ffc358b7000 	C:\WINDOWS\system32\nvspcap64.dll
0x00007ffc80230000 - 0x00007ffc80291000 	C:\WINDOWS\SYSTEM32\WINSTA.dll
0x00007ffc59050000 - 0x00007ffc590ae000 	C:\WINDOWS\system32\ApplicationTargetedFeatureDatabase.dll
0x00007ffc58f00000 - 0x00007ffc59047000 	C:\WINDOWS\SYSTEM32\textinputframework.dll
0x00007ffc79830000 - 0x00007ffc79a7f000 	C:\Windows\System32\twinapi.appcore.dll
0x00007ffc7ac00000 - 0x00007ffc7ad6a000 	C:\Windows\System32\WinTypes.dll
0x00007ffc791a0000 - 0x00007ffc79484000 	C:\WINDOWS\SYSTEM32\CoreUIComponents.dll
0x00007ffc55ff0000 - 0x00007ffc56063000 	C:\WINDOWS\SYSTEM32\OLEACC.dll
0x00007ffc7b9f0000 - 0x00007ffc7baf6000 	C:\WINDOWS\SYSTEM32\PROPSYS.dll
0x00007ffbe88b0000 - 0x00007ffbe8abc000 	C:\Windows\System32\IME\IMEJP\imjpapi.dll
0x00007ffc44640000 - 0x00007ffc4467d000 	C:\Windows\System32\IME\shared\imjkapi.dll
0x00007ffc7bd50000 - 0x00007ffc7be07000 	C:\WINDOWS\SYSTEM32\policymanager.dll
0x00007ffc49010000 - 0x00007ffc49040000 	C:\WINDOWS\SYSTEM32\coreprivacysettingsstore.dll
0x00007ffc400b0000 - 0x00007ffc4018a000 	C:\Windows\System32\IME\IMEJP\imjppred.dll
0x00007ffc70be0000 - 0x00007ffc70c0a000 	C:\WINDOWS\SYSTEM32\Cabinet.dll
0x00007ffbe2380000 - 0x00007ffbe23dc000 	C:\Users\Owner\AppData\Local\Temp\lwjgl_LichtMeilleur\3.4.1-snapshot\x64\lwjgl_opengl.dll
0x00007ffc4dd20000 - 0x00007ffc4dd4e000 	C:\Windows\System32\IME\SHARED\imesearchdll.dll

JVMTI agents:
jdwp path:C:\Program Files\Java\jdk-25.0.3\bin\jdwp.dll, loaded, initialized, options:transport=dt_socket,server=n,suspend=y,address=127.0.0.1:49380
C:\Users\Owner\AppData\Local\JetBrains\IntelliJIdea2026.1\captureAgent\debugger-agent.jar path:C:\Program Files\Java\jdk-25.0.3\bin\instrument.dll, loaded, initialized, instrumentlib options:file:///C:/Users/Owner/AppData/Local/Temp/capture13871080152016204055.props

dbghelp: loaded successfully - version: 4.0.5 - missing functions: none
symbol engine: initialized successfully - sym options: 0x614 - pdb path: .;C:\Program Files\Java\jdk-25.0.3\bin;C:\WINDOWS\SYSTEM32;C:\Program Files\Norton\Suite;C:\WINDOWS\WinSxS\amd64_microsoft.windows.common-controls_6595b64144ccf1df_6.0.26100.8875_none_3e0d5d42e32fe9dd;C:\Program Files\Java\jdk-25.0.3\bin\server;C:\Users\Owner\AppData\Local\Temp\jna--823301853;C:\Users\Owner\AppData\Local\Temp\lwjgl_LichtMeilleur\3.4.1-snapshot\x64;C:\WINDOWS\System32\DriverStore\FileRepository\nv_dispi.inf_amd64_b7cca8360c0d57e9;C:\Windows\System32\IME\IMEJP;C:\Windows\System32\IME\shared;C:\WINDOWS\system32\wbem;C:\WINDOWS\System32\Speech\Common

VM Arguments:
jvm_args: -Ddebugger.agent.enable.coroutines=true -Ddebugger.async.stack.trace.for.all.threads=true -Dfabric.dli.config=J:\minecraft@@0020orgenal@@0020mod@@0020with@@0020GPT\the_end_of_dragon\fabric\.gradle\loom-cache\launch.cfg -Dfabric.dli.env=client -Dfabric.dli.main=net.fabricmc.loader.impl.launch.knot.KnotClient -Dkotlinx.coroutines.debug.enable.creation.stack.trace=false -Dkotlinx.coroutines.debug.enable.flows.stack.trace=true -Dkotlinx.coroutines.debug.enable.mutable.state.flows.stack.trace=true --sun-misc-unsafe-memory-access=allow --enable-native-access=ALL-UNNAMED -agentlib:jdwp=transport=dt_socket,server=n,suspend=y,address=127.0.0.1:49380 -javaagent:C:\Users\Owner\AppData\Local\JetBrains\IntelliJIdea2026.1\captureAgent\debugger-agent.jar=file:///C:/Users/Owner/AppData/Local/Temp/capture13871080152016204055.props -Dfile.encoding=UTF-8 -Duser.country=JP -Duser.language=ja -Duser.variant 
java_command: net.fabricmc.devlaunchinjector.Main
java_class_path (initial): J:\minecraft orgenal mod with GPT\the_end_of_dragon\fabric\build\classes\java\client;J:\minecraft orgenal mod with GPT\the_end_of_dragon\fabric\build\resources\client;C:\Users\Owner\.gradle\caches\modules-2\files-2.1\net.fabricmc\fabric-loader\0.18.6\b823a25197a42c7f32bb904f187cd05730e8873c\fabric-loader-0.18.6.jar;C:\Users\Owner\.gradle\caches\modules-2\files-2.1\net.fabricmc.fabric-api\fabric-api\0.145.4+26.1.2\f6a5958eae1644ce8e8622b513bc6a795594675b\fabric-api-0.145.4+26.1.2.jar;C:\Users\Owner\.gradle\caches\modules-2\files-2.1\curse.maven\geckolib-388172\7806318\b0c7f6888470b521f615842219d082782b5ae816\geckolib-388172-7806318.jar;C:\Users\Owner\.gradle\caches\modules-2\files-2.1\org.ow2.asm\asm\9.9\c29635c8a7afa03d74b33c1884df8abb2b3f3dcc\asm-9.9.jar;C:\Users\Owner\.gradle\caches\modules-2\files-2.1\org.ow2.asm\asm-analysis\9.9\bf4fa6e66638851c1cd22c2caea0c3ee5d5f437\asm-analysis-9.9.jar;C:\Users\Owner\.gradle\caches\modules-2\files-2.1\org.ow2.asm\asm-commons\9.9\db9165a3bf908ded6b08612d583a15d1d0c7bda0\asm-commons-9.9.jar;C:\Users\Owner\.gradle\caches\modules-2\files-2.1\org.ow2.asm\asm-tree\9.9\f8de6eead6d24dd0f45bd065bbe112b2cda6ea21\asm-tree-9.9.jar;C:\Users\Owner\.gradle\caches\modules-2\files-2.1\org.ow2.asm\asm-util\9.9\42fdfc0508b43807c8078d6e82ecff2ce2112ae8\asm-util-9.9.jar;C:\Users\Owner\.gradle\caches\modules-2\files-2.1\net.fabricmc\sponge-mixin\0.17.0+mixin.0.8.7\cf31463202f72d03b0ef1e1e38e8ee71b7faaab6\sponge-mixin-0.17.0+mixin.0.8.7.jar;C:\Users\Owner\.gradle\caches\modules-2\files-2.1\io.github.llamalad7\mixinextras-fabric\0.5.3\8ee5af001acbc9f7970e383bdf0944d063c80f63\mixinextras-fabric-0.5.3.jar;C:\Users\Owner\.gradle\caches\modules-2\files-2.1\net.fabricmc\dev-launch-injector\0.2.1+build.8\da8bef7e6e2f952da707f282bdb46882a0fce5e3\dev-launch-injector-0.2.1+build.8.jar;C:\Users\Owner\.gradle\caches\modules-2\files-2.1\net.fabricmc\fabric-log4j-util\1.0.2\ef0b3fb613356feb75a67d54f2fad6f03a006648\fabric-log4j-util-1.0.2.jar;C:\Users\Owner\.gradle\caches\modules-2\files-2.1\at.yawk.lz4\lz4-java\1.10.1\f541d7f910fe3d76f38f799c507c48cc81b12ecb\lz4-java-1.10.1.jar;C:\Users\Owner\.gradle\caches\modules-2\files-2.1\com.azure\azure-json\1.4.0\fcc1d354dbc3e0300e5276b1bf124d0247799cd8\azure-json-1.4.0.jar;C:\Users\Owner\.gradle\caches\modules-2\files-2.1\com.github.oshi\oshi-core\6.9.0\3224870731860cfcd7744581a05b559e94291e7\oshi-core-6.9.0.jar;C:\Users\Owner\.gradle\caches\modules-2\files-2.1\com.google.code.gson\gson\2.13.2\48b8230771e573b54ce6e867a9001e75977fe78e\gson-2.13.2.jar;C:\Users\Owner\.gradle\caches\modules-2\files-2.1\com.google.guava\failureaccess\1.0.3\aeaffd00d57023a2c947393ed251f0354f0985fc\failureaccess-1.0.3.jar;C:\Users\Owner\.gradle\caches\modules-2\files-2.1\com.google.guava\guava\33.5.0-jre\8699de25f2f979108d6c1b804a7ba38cda1116bc\guava-33.5.0-jre.jar;C:\Users\Owner\.gradle\caches\modules-2\files-2.1\com.ibm.icu\icu4j\77.1\38693cf0b1d7362a8b726af74dc06026a7c23809\icu4j-77.1.jar;C:\Users\Owner\.gradle\caches\modules-2\files-2.1\com.microsoft.azure\msal4j\1.23.1\6c722b514873b24a4e1ce9c22dca36ea3c22bdbe\msal4j-1.23.1.jar;C:\Users\Owner\.gradle\caches\modules-2\files-2.1\com.mojang\authlib\7.0.63\54895b4e25e8b9b4cbbbe25f24eccf2b71b1ac2b\authlib-7.0.63.jar;C:\Users\Owner\.gradle\caches\modules-2\files-2.1\com.mojang\blocklist\1.0.10\5c685c5ffa94c4cd39496c7184c1d122e515ecef\blocklist-1.0.10.jar;C:\Users\Owner\.gradle\caches\modules-2\files-2.1\com.mojang\brigadier\1.3.10\d15b53a14cf20fdcaa98f731af5dda654452c010\brigadier-1.3.10.jar;C:\Users\Owner\.gradle\caches\modules-2\files-2.1\com.mojang\datafixerupper\9.0.19\4e91f9712fa1e83231d1501625381b0210a977da\datafixerupper-9.0.19.jar;C:\Users\Owner\.gradle\caches\modules-2\files-2.1\com.mojang\jtracy\1.0.37\a3fb649b2e2b2288d2978f0b0bc3d83f62809d1e\jtracy-1.0.37.jar;C:\Users\Owner\.gradle\caches\modules-2\files-2.1\com.mojang\jtracy\1.0.37\6ff6d710fd4ffd470f2799653fab57e27fed0c9d\jtracy-1.0.37-natives-windows.jar;C:\Users\Owner\.gradle\caches\modules-2\files-2.1\com.mojang\logging\1.6.11\fd147240733010c158249d986323f9ef98977fe\logging-1.6.11.jar;C:\Users\Owner\.gradle\caches\modules-2\files-2.1\com.mojang\patchy\2.2.10\da05971b07cbb379d002cf7eaec6a2048211fefc\patchy-2.2.10.jar;C:\Users\Owner\.gradle\caches\modules-2\files-2.1\com.mojang\text2speech\1.18.11\e853a12cdd6ba4f4836e8f4bf3b37844a13482b6\text2speech-1.18.11.jar;C:\Users\Owner\.gradle\caches\modules-2\files-2.1\commons-codec\commons-codec\1.19.0\8c0dbe3ae883fceda9b50a6c76e745e548073388\commons-codec-1.19.0.jar;C:\Users\Owner\.gradle\caches\modules-2\files-2.1\commons-io\commons-io\2.20.0\36f3474daec2849c149e877614e7f979b2082cd2\commons-io-2.20.0.jar;C:\Users\Owner\.gradle\caches\modules-2\files-2.1\io.netty\netty-buffer\4.2.7.Final\5555ff561643bf2f8430fb57c24403c0efe15994\netty-buffer-4.2.7.Final.jar;C:\Users\Owner\.gradle\caches\modules-2\files-2.1\io.netty\netty-codec-base\4.2.7.Final\915e381ebabcf115f1c7ff7032d55c48afb50210\netty-codec-base-4.2.7.Final.jar;C:\Users\Owner\.gradle\caches\modules-2\files-2.1\io.netty\netty-codec-compression\4.2.7.Final\572341bc1ca90fd9d6e47f1d2694aab5258566e9\netty-codec-compression-4.2.7.Final.jar;C:\Users\Owner\.gradle\caches\modules-2\files-2.1\io.netty\netty-codec-http\4.2.7.Final\b734c108854099c421fd94d92d9f865e4d4da853\netty-codec-http-4.2.7.Final.jar;C:\Users\Owner\.gradle\caches\modules-2\files-2.1\io.netty\netty-common\4.2.7.Final\11aa30df26af4fca3239ac1917f303a280f301e1\netty-common-4.2.7.Final.jar;C:\Users\Owner\.gradle\caches\modules-2\files-2.1\io.netty\netty-handler\4.2.7.Final\7ad8a1f851e2e6fe93cdd091871fda2b81c03b5b\netty-handler-4.2.7.Final.jar;C:\Users\Owner\.gradle\caches\modules-2\files-2.1\io.netty\netty-resolver\4.2.7.Final\5f3e5ef8de03992cd4fb46960dc0085ec1a12a12\netty-resolver-4.2.7.Final.jar;C:\Users\Owner\.gradle\caches\modules-2\files-2.1\io.netty\netty-transport-classes-epoll\4.2.7.Final\1075c09f48a78eef9d819fbfd9096b903fdd362a\netty-transport-classes-epoll-4.2.7.Final.jar;C:\Users\Owner\.gradle\caches\modules-2\files-2.1\io.netty\netty-transport-classes-kqueue\4.2.7.Final\bdec7c23c75caabd848426d073c09568e8d5f94e\netty-transport-classes-kqueue-4.2.7.Final.jar;C:\Users\Owner\.gradle\caches\modules-2\files-2.1\io.netty\netty-transport-native-unix-common\4.2.7.Final\89953f04259ea7502cffb313630dd51e00e60669\netty-transport-native-unix-common-4.2.7.Final.jar;C:\Users\Owner\.gradle\caches\modules-2\files-2.1\io.netty\netty-transport\4.2.7.Final\83ea548981d0d8c4a98027cc1a6f9624f902e142\netty-transport-4.2.7.Final.jar;C:\Users\Owner\.gradle\caches\modules-2\files-2.1\it.unimi.dsi\fastutil\8.5.18\a6cff377eecc19c2037bf31568a6d7106b50ba1f\fastutil-8.5.18.jar;C:\Users\Owner\.gradle\caches\modules-2\files-2.1\net.java.dev.jna\jna-platform\5.17.0\a4934c44d25a9d8c2ddf4203affd20330cb3426f\jna-platform-5.17.0.jar;C:\Users\Owner\.gradle\caches\modules-2\files-2.1\net.java.dev.jna\jna\5.17.0\33d12735bef894440780fce64f9758d420c7bae2\jna-5.17.0.jar;C:\Users\Owner\.gradle\caches\modules-2\files-2.1\net.sf.jopt-simple\jopt-simple\5.0.4\4fdac2fbe92dfad86aa6e9301736f6b4342a3f5c\jopt-simple-5.0.4.jar;C:\Users\Owner\.gradle\caches\modules-2\files-2.1\org.apache.commons\commons-compress\1.28.0\e482f2c7a88dac3c497e96aa420b6a769f59c8d7\commons-compress-1.28.0.jar;C:\Users\Owner\.gradle\caches\modules-2\files-2.1\org.apache.commons\commons-lang3\3.19.0\d6524b169a6574cd253760c472d419b47bfd37e6\commons-lang3-3.19.0.jar;C:\Users\Owner\.gradle\caches\modules-2\files-2.1\org.apache.logging.log4j\log4j-api\2.25.2\292c1a2b1702f1e1e3adb13e1c57e5bff60335ff\log4j-api-2.25.2.jar;C:\Users\Owner\.gradle\caches\modules-2\files-2.1\org.apache.logging.log4j\log4j-core\2.25.2\d4d0ad2e51e03e531f784891fbfff1bae1e13a12\log4j-core-2.25.2.jar;C:\Users\Owner\.gradle\caches\modules-2\files-2.1\org.apache.logging.log4j\log4j-slf4j2-impl\2.25.2\5eec0c392661dee8a366baec17e8896900dd978f\log4j-slf4j2-impl-2.25.2.jar;C:\Users\Owner\.gradle\caches\modules-2\files-2.1\org.jcraft\jorbis\0.0.17\8872d22b293e8f5d7d56ff92be966e6dc28ebdc6\jorbis-0.0.17.jar;C:\Users\Owner\.gradle\caches\modules-2\files-2.1\org.joml\joml\1.10.8\fc0a71dad90a2cf41d82a76156a0e700af8e4f8d\joml-1.10.8.jar;C:\Users\Owner\.gradle\caches\modules-2\files-2.1\org.jspecify\jspecify\1.0.0\7425a601c1c7ec76645a78d22b8c6a627edee507\jspecify-1.0.0.jar;C:\Users\Owner\.gradle\caches\modules-2\files-2.1\org.lwjgl\lwjgl-freetype\3.4.1\caa75a37e857efc9b0686e434d708d6420c5b6ea\lwjgl-freetype-3.4.1.jar;C:\Users\Owner\.gradle\caches\modules-2\files-2.1\org.lwjgl\lwjgl-freetype\3.4.1\32fc9cfd236aca5433d53af78bfb15f1b4c1103e\lwjgl-freetype-3.4.1-natives-windows.jar;C:\Users\Owner\.gradle\caches\modules-2\files-2.1\org.lwjgl\lwjgl-freetype\3.4.1\a677b4a7bba84f925b4cc4f52a58c5248974bdeb\lwjgl-freetype-3.4.1-natives-windows-arm64.jar;C:\Users\Owner\.gradle\caches\modules-2\files-2.1\org.lwjgl\lwjgl-freetype\3.4.1\81431d868bcf162d4c915b9c39b2c7aae155ad4f\lwjgl-freetype-3.4.1-natives-windows-x86.jar;C:\Users\Owner\.gradle\caches\modules-2\files-2.1\org.lwjgl\lwjgl-glfw\3.4.1\a782b1ddd175c9107bf300fd92920579ea65e2a4\lwjgl-glfw-3.4.1.jar;C:\Users\Owner\.gradle\caches\modules-2\files-2.1\org.lwjgl\lwjgl-glfw\3.4.1\2eb4aa895ea190ba8cf4356f8cea24d3ebb40ea1\lwjgl-glfw-3.4.1-natives-windows.jar;C:\Users\Owner\.gradle\caches\modules-2\files-2.1\org.lwjgl\lwjgl-glfw\3.4.1\196101d96d9b2aa73264a96ae1dc8944a1446cee\lwjgl-glfw-3.4.1-natives-windows-arm64.jar;C:\Users\Owner\.gradle\caches\modules-2\files-2.1\org.lwjgl\lwjgl-glfw\3.4.1\a48bbdd544f00c88f8906e9d09e3f31bc1c17fac\lwjgl-glfw-3.4.1-natives-windows-x86.jar;C:\Users\Owner\.gradle\caches\modules-2\files-2.1\org.lwjgl\lwjgl-jemalloc\3.4.1\16b663092854fc6adfe0a941e61cae2bb2e437b6\lwjgl-jemalloc-3.4.1.jar;C:\Users\Owner\.gradle\caches\modules-2\files-2.1\org.lwjgl\lwjgl-jemalloc\3.4.1\70db8048d1aca8a6365f46f9963b8d6cd77b9e94\lwjgl-jemalloc-3.4.1-natives-windows.jar;C:\Users\Owner\.gradle\caches\modules-2\files-2.1\org.lwjgl\lwjgl-jemalloc\3.4.1\662e0926dd990f679e1cfb31d710d22d175bdabc\lwjgl-jemalloc-3.4.1-natives-windows-arm64.jar;C:\Users\Owner\.gradle\caches\modules-2\files-2.1\org.lwjgl\lwjgl-jemalloc\3.4.1\d8cf69e1155df83260f9bbe01944fe91f8ca3955\lwjgl-jemalloc-3.4.1-natives-windows-x86.jar;C:\Users\Owner\.gradle\caches\modules-2\files-2.1\org.lwjgl\lwjgl-openal\3.4.1\8508bd60589de0539aa465b78fcf838efd07ae9a\lwjgl-openal-3.4.1.jar;C:\Users\Owner\.gradle\caches\modules-2\files-2.1\org.lwjgl\lwjgl-openal\3.4.1\8e83fdfdf65c80c9877c6fb6cb645d239ed7638\lwjgl-openal-3.4.1-natives-windows.jar;C:\Users\Owner\.gradle\caches\modules-2\files-2.1\org.lwjgl\lwjgl-openal\3.4.1\4b996cc3321a807ee34e7ce53aba7fe529dc485a\lwjgl-openal-3.4.1-natives-windows-arm64.jar;C:\Users\Owner\.gradle\caches\modules-2\files-2.1\org.lwjgl\lwjgl-openal\3.4.1\9e4bab87e9b89876fa77ea3c19e1b45334b97c10\lwjgl-openal-3.4.1-natives-windows-x86.jar;C:\Users\Owner\.gradle\caches\modules-2\files-2.1\org.lwjgl\lwjgl-opengl\3.4.1\830412cab823c029cda6b9729f9d2ed36cf79959\lwjgl-opengl-3.4.1.jar;C:\Users\Owner\.gradle\caches\modules-2\files-2.1\org.lwjgl\lwjgl-opengl\3.4.1\617f37ef4e2ffb727bd5e74333e8073ef43ca1ec\lwjgl-opengl-3.4.1-natives-windows.jar;C:\Users\Owner\.gradle\caches\modules-2\files-2.1\org.lwjgl\lwjgl-opengl\3.4.1\4b6a9c5d7d5325312b740d9886087b7292b43bf9\lwjgl-opengl-3.4.1-natives-windows-arm64.jar;C:\Users\Owner\.gradle\caches\modules-2\files-2.1\org.lwjgl\lwjgl-opengl\3.4.1\cfd47352b758a0c9f7046de467b103182ec77eb1\lwjgl-opengl-3.4.1-natives-windows-x86.jar;C:\Users\Owner\.gradle\caches\modules-2\files-2.1\org.lwjgl\lwjgl-stb\3.4.1\f077c3dafc31924fbe8acb0b913f08977ba27f8e\lwjgl-stb-3.4.1.jar;C:\Users\Owner\.gradle\caches\modules-2\files-2.1\org.lwjgl\lwjgl-stb\3.4.1\b4e13ece83c228ecf57354639d8555076a989d74\lwjgl-stb-3.4.1-natives-windows.jar;C:\Users\Owner\.gradle\caches\modules-2\files-2.1\org.lwjgl\lwjgl-stb\3.4.1\7f4c39b3d56c7bae4900ee6e59d8f75432bdb18f\lwjgl-stb-3.4.1-natives-windows-arm64.jar;C:\Users\Owner\.gradle\caches\modules-2\files-2.1\org.lwjgl\lwjgl-stb\3.4.1\e091cd3b25ab7db88f0e34a0d2797dc396a528fa\lwjgl-stb-3.4.1-natives-windows-x86.jar;C:\Users\Owner\.gradle\caches\modules-2\files-2.1\org.lwjgl\lwjgl-tinyfd\3.4.1\562697d40dbd2ed0424bf24dcf65d51170f81adf\lwjgl-tinyfd-3.4.1.jar;C:\Users\Owner\.gradle\caches\modules-2\files-2.1\org.lwjgl\lwjgl-tinyfd\3.4.1\bdd8c03151cc94460247986f843d134ae8f9406a\lwjgl-tinyfd-3.4.1-natives-windows.jar;C:\Users\Owner\.gradle\caches\modules-2\files-2.1\org.lwjgl\lwjgl-tinyfd\3.4.1\9c93b8211856bfe682f3225ccac811e74243f98e\lwjgl-tinyfd-3.4.1-natives-windows-arm64.jar;C:\Users\Owner\.gradle\caches\modules-2\files-2.1\org.lwjgl\lwjgl-tinyfd\3.4.1\f585da74a17695ba38351697712c03784ee1348b\lwjgl-tinyfd-3.4.1-natives-windows-x86.jar;C:\Users\Owner\.gradle\caches\modules-2\files-2.1\org.lwjgl\lwjgl\3.4.1\6105690714874b995aa7812e4f7732a21109276c\lwjgl-3.4.1.jar;C:\Users\Owner\.gradle\caches\modules-2\files-2.1\org.lwjgl\lwjgl\3.4.1\96a217f0428ab73487f114a54179a4f41e851a04\lwjgl-3.4.1-natives-windows.jar;C:\Users\Owner\.gradle\caches\modules-2\files-2.1\org.lwjgl\lwjgl\3.4.1\d1d3a7052da47ccde2a5fdf3a1bd45d801c3157c\lwjgl-3.4.1-natives-windows-arm64.jar;C:\Users\Owner\.gradle\caches\modules-2\files-2.1\org.lwjgl\lwjgl\3.4.1\65de43bd52507e108a58247c0da57a50ce3ee6f6\lwjgl-3.4.1-natives-windows-x86.jar;C:\Users\Owner\.gradle\caches\modules-2\files-2.1\org.slf4j\slf4j-api\2.0.17\d9e58ac9c7779ba3bf8142aff6c830617a7fe60f\slf4j-api-2.0.17.jar;J:\minecraft orgenal mod with GPT\the_end_of_dragon\.gradle\loom-cache\minecraftMaven\net\minecraft\minecraft-clientOnly-39a6175d73\26.1.2\minecraft-clientOnly-39a6175d73-26.1.2.jar;J:\minecraft orgenal mod with GPT\the_end_of_dragon\.gradle\loom-cache\minecraftMaven\net\minecraft\minecraft-common-39a6175d73\26.1.2\minecraft-common-39a6175d73-26.1.2.jar;C:\Users\Owner\.gradle\caches\modules-2\files-2.1\io.netty\netty-transport-native-epoll\4.2.7.Final\e83998bfc10b5289d9bcbe807c4079ef0eed8e6f\netty-transport-native-epoll-4.2.7.Final-linux-x86_64.jar;C:\Users\Owner\.gradle\caches\modules-2\files-2.1\io.netty\netty-transport-native-epoll\4.2.7.Final\98d02251c98c8f07a23ac5ea27657d9e0ef57614\netty-transport-native-epoll-4.2.7.Final-linux-aarch_64.jar;C:\Users\Owner\.gradle\caches\modules-2\files-2.1\io.netty\netty-transport-native-kqueue\4.2.7.Final\40868fd4e43bce2798245f790624b58803dc26b6\netty-transport-native-kqueue-4.2.7.Final-osx-x86_64.jar;C:\Users\Owner\.gradle\caches\modules-2\files-2.1\io.netty\netty-transport-native-kqueue\4.2.7.Final\e5a0feef41410c8a5ae00c6cb4e0c99bd0aded6a\netty-transport-native-kqueue-4.2.7.Final-osx-aarch_64.jar;C:\Users\Owner\.gradle\caches\modules-2\files-2.1\net.fabricmc.fabric-api\fabric-transfer-api-v1\8.0.2+d871b99e39\91b9b1733feeb9234602e11b6144d2bc019bf4b0\fabric-transfer-api-v1-8.0.2+d871b99e39.jar;C:\Users\Owner\.gradle\caches\modules-2\files-2.1\net.fabricmc.fabric-api\fabric-api-lookup-api-v1\2.0.10+d5a053b639\b961c1555ea0947153d6b2d0138f7181b88747d\fabric-api-lookup-api-v1-2.0.10+d5a053b639.jar;C:\Users\Owner\.gradle\caches\modules-2\files-2.1\net.fabricmc.fabric-api\fabric-command-api-v2\3.0.5+e2bdee7839\10548ff2b7c417dfd62d46f7997bcab48f3853cd\fabric-command-api-v2-3.0.5+e2bdee7839.jar;C:\Users\Owner\.gradle\caches\modules-2\files-2.1\net.fabricmc.fabric-api\fabric-content-registries-v0\11.0.12+d871b99e39\d1463c10d511d2542482173d339e9cf5709043bd\fabric-content-registries-v0-11.0.12+d871b99e39.jar;C:\Users\Owner\.gradle\caches\modules-2\files-2.1\net.fabricmc.fabric-api\fabric-data-generation-api-v1\24.0.17+35c80edc39\d9f07782c42dbde190d6c07099d529ede41680a6\fabric-data-generation-api-v1-24.0.17+35c80edc39.jar;C:\Users\Owner\.gradle\caches\modules-2\files-2.1\net.fabricmc.fabric-api\fabric-convention-tags-v2\4.3.2+c37e6e5f39\4f46111a925877d1559c41f03223f06b4da3a715\fabric-convention-tags-v2-4.3.2+c37e6e5f39.jar;C:\Users\Owner\.gradle\caches\modules-2\files-2.1\net.fabricmc.fabric-api\fabric-creative-tab-api-v1\5.0.10+d871b99e39\8632530aae80afe84e60adcea9eed6d6e565df95\fabric-creative-tab-api-v1-5.0.10+d871b99e39.jar;C:\Users\Owner\.gradle\caches\modules-2\files-2.1\net.fabricmc.fabric-api\fabric-data-attachment-api-v1\2.2.3+d602a89639\e84f7afd85bb086cdc440e6e6a683a0cbb8b923d\fabric-data-attachment-api-v1-2.2.3+d602a89639.jar;C:\Users\Owner\.gradle\caches\modules-2\files-2.1\net.fabricmc.fabric-api\fabric-debug-api-v1\1.0.1+c792624d39\b9791fbdbee04e19b22683871085a2afa77ffd59\fabric-debug-api-v1-1.0.1+c792624d39.jar;C:\Users\Owner\.gradle\caches\modules-2\files-2.1\net.fabricmc.fabric-api\fabric-dimensions-v1\5.1.4+9cbf5da539\dbdfd36291b0d22031c64e1e55f8a2cb283e9337\fabric-dimensions-v1-5.1.4+9cbf5da539.jar;C:\Users\Owner\.gradle\caches\modules-2\files-2.1\net.fabricmc.fabric-api\fabric-entity-events-v1\5.0.2+e2bdee7839\4351ed2fcdfa0c8b7a3d2c36a46670ed461af3a0\fabric-entity-events-v1-5.0.2+e2bdee7839.jar;C:\Users\Owner\.gradle\caches\modules-2\files-2.1\net.fabricmc.fabric-api\fabric-events-interaction-v0\5.1.10+c82f046139\9b5b7d40f9bda0a9eb0ed595974c63bd077a2d23\fabric-events-interaction-v0-5.1.10+c82f046139.jar;C:\Users\Owner\.gradle\caches\modules-2\files-2.1\net.fabricmc.fabric-api\fabric-game-rule-api-v1\4.0.5+d871b99e39\a130ffc8d2f8d0966ff05742ee57d3f0b78289fc\fabric-game-rule-api-v1-4.0.5+d871b99e39.jar;C:\Users\Owner\.gradle\caches\modules-2\files-2.1\net.fabricmc.fabric-api\fabric-gametest-api-v1\4.0.13+00a1fba639\864fbcf8c4e74aa776fd06b5c11dc64bc31c860f\fabric-gametest-api-v1-4.0.13+00a1fba639.jar;C:\Users\Owner\.gradle\caches\modules-2\files-2.1\net.fabricmc.fabric-api\fabric-item-api-v1\14.1.0+9833182c39\8d76358ee41a297970aa5efbb3057e2e04d83e5d\fabric-item-api-v1-14.1.0+9833182c39.jar;C:\Users\Owner\.gradle\caches\modules-2\files-2.1\net.fabricmc.fabric-api\fabric-recipe-api-v1\9.0.13+be4b75ae39\8d5c45b18cc18cce01efb54835fa9ac09a4fe208\fabric-recipe-api-v1-9.0.13+be4b75ae39.jar;C:\Users\Owner\.gradle\caches\modules-2\files-2.1\net.fabricmc.fabric-api\fabric-model-loading-api-v1\8.0.3+c80601bb39\19ef8dab4660d06bd26357024e2733924ae4cdb\fabric-model-loading-api-v1-8.0.3+c80601bb39.jar;C:\Users\Owner\.gradle\caches\modules-2\files-2.1\net.fabricmc.fabric-api\fabric-renderer-indigo\8.0.2+a6be36ef39\3abc5ae5f10b05a08db6a9dca31b6bfb59971fb\fabric-renderer-indigo-8.0.2+a6be36ef39.jar;C:\Users\Owner\.gradle\caches\modules-2\files-2.1\net.fabricmc.fabric-api\fabric-renderer-api-v1\13.0.0+c80601bb39\c3e8c145aeee55f2e76c45718af25b0817be4584\fabric-renderer-api-v1-13.0.0+c80601bb39.jar;C:\Users\Owner\.gradle\caches\modules-2\files-2.1\net.fabricmc.fabric-api\fabric-rendering-v1\23.0.4+c7e428fd39\775fd4c6c91d75439ea3fe9fbb80aedb26d43763\fabric-rendering-v1-23.0.4+c7e428fd39.jar;C:\Users\Owner\.gradle\caches\modules-2\files-2.1\net.fabricmc.fabric-api\fabric-lifecycle-events-v1\4.0.6+a9b9c17639\1391e6ce52ad05c3ef51ec461ce31ed05b32e3b8\fabric-lifecycle-events-v1-4.0.6+a9b9c17639.jar;C:\Users\Owner\.gradle\caches\modules-2\files-2.1\net.fabricmc.fabric-api\fabric-loot-api-v3\3.0.11+00a1fba639\bb18f62d32df09d49d392f24fc59735c15782335\fabric-loot-api-v3-3.0.11+00a1fba639.jar;C:\Users\Owner\.gradle\caches\modules-2\files-2.1\net.fabricmc.fabric-api\fabric-menu-api-v1\2.0.12+d871b99e39\8e260bcc1209af6e41c575e7080a435cc280f6cf\fabric-menu-api-v1-2.0.12+d871b99e39.jar;C:\Users\Owner\.gradle\caches\modules-2\files-2.1\net.fabricmc.fabric-api\fabric-message-api-v1\7.0.5+dae8ce3e39\dd4aa0822a0e10f5c94aa2f1120cd90d49b937b3\fabric-message-api-v1-7.0.5+dae8ce3e39.jar;C:\Users\Owner\.gradle\caches\modules-2\files-2.1\net.fabricmc.fabric-api\fabric-particles-v1\5.0.14+b61fef4339\884817fa132fdbe59f7d17d374ca8c3db1731421\fabric-particles-v1-5.0.14+b61fef4339.jar;C:\Users\Owner\.gradle\caches\modules-2\files-2.1\net.fabricmc.fabric-api\fabric-object-builder-api-v1\23.0.13+b61fef4339\975f55b99405c8abb185661b289eb0e0686e9f4d\fabric-object-builder-api-v1-23.0.13+b61fef4339.jar;C:\Users\Owner\.gradle\caches\modules-2\files-2.1\net.fabricmc.fabric-api\fabric-registry-sync-v0\7.0.12+b61fef4339\be9ab6b5c123d594360b98fec40bed07d6dbe35\fabric-registry-sync-v0-7.0.12+b61fef4339.jar;C:\Users\Owner\.gradle\caches\modules-2\files-2.1\net.fabricmc.fabric-api\fabric-networking-api-v1\6.3.0+50a808ce39\98c91c80f1bb156ea293343a581abd747120b8d\fabric-networking-api-v1-6.3.0+50a808ce39.jar;C:\Users\Owner\.gradle\caches\modules-2\files-2.1\net.fabricmc.fabric-api\fabric-rendering-fluids-v1\6.0.1+d871b99e39\b9c07322aad9f74508b9996b01049822a8f2fd61\fabric-rendering-fluids-v1-6.0.1+d871b99e39.jar;C:\Users\Owner\.gradle\caches\modules-2\files-2.1\net.fabricmc.fabric-api\fabric-tag-api-v1\2.0.9+11a26f3139\2db761550726f440cec4e7203e1ba407fe7f1eca\fabric-tag-api-v1-2.0.9+11a26f3139.jar;C:\Users\Owner\.gradle\caches\modules-2\files-2.1\net.fabricmc.fabric-api\fabric-resource-loader-v0\3.3.16+4fc5413f39\a01c1e5b66047a2177866ef6c1968986f1ed528b\fabric-resource-loader-v0-3.3.16+4fc5413f39.jar;C:\Users\Owner\.gradle\caches\modules-2\files-2.1\net.fabricmc.fabric-api\fabric-resource-loader-v1\2.0.9+d871b99e39\65c314cfd24c9f50821686d05e5b18b569ec51ab\fabric-resource-loader-v1-2.0.9+d871b99e39.jar;C:\Users\Owner\.gradle\caches\modules-2\files-2.1\net.fabricmc.fabric-api\fabric-screen-api-v1\5.0.1+d871b99e39\1f5bc27c49357d4e22df816a476ffbbbff3f97b6\fabric-screen-api-v1-5.0.1+d871b99e39.jar;C:\Users\Owner\.gradle\caches\modules-2\files-2.1\net.fabricmc.fabric-api\fabric-api-base\2.0.3+ece0632339\5c9f61de9a3f982deec09f2f345d8aea1d0e1d7d\fabric-api-base-2.0.3+ece0632339.jar;C:\Users\Owner\.gradle\caches\modules-2\files-2.1\net.fabricmc.fabric-api\fabric-biome-api-v1\18.0.4+35c80edc39\cc953874bea507821c78f9e06be59ad2a13c2a9d\fabric-biome-api-v1-18.0.4+35c80edc39.jar;C:\Users\Owner\.gradle\caches\modules-2\files-2.1\net.fabricmc.fabric-api\fabric-block-api-v1\3.0.2+ec56b60139\85d612b2032b95f4709835fc6a7b28bec10ba819\fabric-block-api-v1-3.0.2+ec56b60139.jar;C:\Users\Owner\.gradle\caches\modules-2\files-2.1\net.fabricmc.fabric-api\fabric-block-getter-api-v2\2.0.6+ec56b60139\fb8fc18856e44b16b31e7a394f249b849b4b88ed\fabric-block-getter-api-v2-2.0.6+ec56b60139.jar;C:\Users\Owner\.gradle\caches\modules-2\files-2.1\net.fabricmc.fabric-api\fabric-client-gametest-api-v1\5.0.14+9c21967139\8f823f915f695247b5a9f1a03c2dd3cef027958c\fabric-client-gametest-api-v1-5.0.14+9c21967139.jar;C:\Users\Owner\.gradle\caches\modules-2\files-2.1\net.fabricmc.fabric-api\fabric-crash-report-info-v1\1.0.3+9f78a5a839\aac6fe7e043507af39bbe857b12b469cf91f3848\fabric-crash-report-info-v1-1.0.3+9f78a5a839.jar;C:\Users\Owner\.gradle\caches\modules-2\files-2.1\net.fabricmc.fabric-api\fabric-key-mapping-api-v1\2.0.4+e2bdee7839\1b1e4d6c551f2140827b9ed16478cadb8c81633a\fabric-key-mapping-api-v1-2.0.4+e2bdee7839.jar;C:\Users\Owner\.gradle\caches\modules-2\files-2.1\net.fabricmc.fabric-api\fabric-resource-conditions-api-v1\6.0.5+00a1fba639\838cfa9d7709a518263d7cac4f9eb2d3e5ea7e6d\fabric-resource-conditions-api-v1-6.0.5+00a1fba639.jar;C:\Users\Owner\.gradle\caches\modules-2\files-2.1\net.fabricmc.fabric-api\fabric-serialization-api-v1\2.0.3+11a26f3139\a4dad7cf50e6727879ebab013f947c078d9e6779\fabric-serialization-api-v1-2.0.3+11a26f3139.jar;C:\Users\Owner\.gradle\caches\modules-2\files-2.1\net.fabricmc.fabric-api\fabric-sound-api-v1\2.0.4+11a26f3139\29db65b5994288adbb30e50af802904beb968387\fabric-sound-api-v1-2.0.4+11a26f3139.jar;C:\Users\Owner\.gradle\caches\modules-2\files-2.1\net.fabricmc.fabric-api\fabric-transitive-access-wideners-v1\8.0.11+d871b99e39\f7b531d31939d10a244b3164624a93786df0b784\fabric-transitive-access-wideners-v1-8.0.11+d871b99e39.jar;J:\minecraft orgenal mod with GPT\the_end_of_dragon\fabric\build\classes\java\main;J:\minecraft orgenal mod with GPT\the_end_of_dragon\fabric\build\resources\main
Launcher Type: SUN_STANDARD

[Global flags]
     intx CICompilerCount                          = 12                                        {product} {ergonomic}
     uint ConcGCThreads                            = 5                                         {product} {ergonomic}
     uint G1ConcRefinementThreads                  = 20                                        {product} {ergonomic}
   size_t G1HeapRegionSize                         = 8388608                                   {product} {ergonomic}
   size_t InitialHeapSize                          = 1073741824                                {product} {ergonomic}
   size_t MarkStackSize                            = 4194304                                   {product} {ergonomic}
   size_t MarkStackSizeMax                         = 536870912                                 {product} {ergonomic}
   size_t MaxHeapSize                              = 17129537536                               {product} {ergonomic}
   size_t MaxNewSize                               = 10276044800                               {product} {ergonomic}
   size_t MinHeapDeltaBytes                        = 8388608                                   {product} {ergonomic}
   size_t MinHeapSize                              = 8388608                                   {product} {ergonomic}
    uintx NonNMethodCodeHeapSize                   = 7602176                                {pd product} {ergonomic}
    uintx NonProfiledCodeHeapSize                  = 122093568                              {pd product} {ergonomic}
    uintx ProfiledCodeHeapSize                     = 121962496                              {pd product} {ergonomic}
    uintx ReservedCodeCacheSize                    = 251658240                              {pd product} {ergonomic}
     bool SegmentedCodeCache                       = true                                      {product} {ergonomic}
   size_t SoftMaxHeapSize                          = 17129537536                            {manageable} {ergonomic}
     bool UseCompressedOops                        = true                           {product lp64_product} {ergonomic}
     bool UseG1GC                                  = true                                      {product} {ergonomic}
     bool UseLargePagesIndividualAllocation        = false                                  {pd product} {ergonomic}

Logging:
Log output configuration:
 #0: stdout all=warning uptime,level,tags foldmultilines=false
 #1: stderr all=off uptime,level,tags foldmultilines=false

Release file:
IMPLEMENTOR="Oracle Corporation" 
JAVA_RUNTIME_VERSION="25.0.3+9-LTS-195" 
JAVA_VERSION="25.0.3" 
JAVA_VERSION_DATE="2026-04-21" 
LIBC="default" 
MODULES="java.base java.compiler java.datatransfer java.xml java.prefs java.desktop java.instrument java.logging java.management java.security.sasl java.naming java.rmi java.management.rmi java.net.http java.scripting java.security.jgss java.transaction.xa java.sql java.sql.rowset java.xml.crypto java.se java.smartcardio jdk.accessibility jdk.internal.jvmstat jdk.attach jdk.charsets jdk.internal.opt jdk.zipfs jdk.compiler jdk.crypto.cryptoki jdk.crypto.ec jdk.crypto.mscapi jdk.dynalink jdk.internal.ed jdk.editpad jdk.internal.vm.ci jdk.graal.compiler jdk.graal.compiler.management jdk.hotspot.agent jdk.httpserver jdk.incubator.vector jdk.internal.le jdk.internal.md jdk.jartool jdk.javadoc jdk.jcmd jdk.management jdk.management.agent jdk.jconsole jdk.jdeps jdk.jdwp.agent jdk.jdi jdk.jfr jdk.jlink jdk.jpackage jdk.jshell jdk.jsobject jdk.jstatd jdk.localedata jdk.management.jfr jdk.naming.dns jdk.naming.rmi jdk.net jdk.nio.mapmode jdk.sctp jdk.security.auth jdk.security.jgss jdk.unsupported jdk.unsupported.desktop jdk.xml.dom" 
OS_ARCH="x86_64" 
OS_NAME="Windows" 
SOURCE=".:git:bf167394bb46 open:git:e57ac4c1e765" 

Environment Variables:
PATH=C:\Program Files\Common Files\Oracle\Java\javapath;C:\Windows\system32;C:\Windows;C:\Windows\System32\Wbem;C:\Windows\System32\WindowsPowerShell\v1.0\;C:\Windows\System32\OpenSSH\;C:\Program Files (x86)\NVIDIA Corporation\PhysX\Common;C:\WINDOWS\system32;C:\WINDOWS;C:\WINDOWS\System32\Wbem;C:\WINDOWS\System32\WindowsPowerShell\v1.0\;C:\WINDOWS\System32\OpenSSH\;C:\Program Files\Microsoft SQL Server\150\Tools\Binn\;C:\Program Files\Microsoft SQL Server\Client SDK\ODBC\170\Tools\Binn\;C:\Program Files\dotnet\;C:\Program Files (x86)\Windows Kits\10\Windows Performance Toolkit\;C:\Program Files\Git\cmd;C:\Program Files\NVIDIA Corporation\NVIDIA App\NvDLISR;C:\Users\Owner\AppData\Local\Programs\Eclipse Adoptium\jdk-21.0.6.7-hotspot\bin;C:\Users\Owner\AppData\Local\Microsoft\WindowsApps;C:\Users\Owner\AppData\Local\Programs\Microsoft VS Code\bin;C:\Users\Owner\.dotnet\tools;C:\Program Files\JetBrains\IntelliJ IDEA 2026.1\bin
USERNAME=LichtMeilleur
OS=Windows_NT
PROCESSOR_IDENTIFIER=Intel64 Family 6 Model 183 Stepping 1, GenuineIntel
TMP=C:\Users\Owner\AppData\Local\Temp
TEMP=C:\Users\Owner\AppData\Local\Temp




Compilation memory statistics disabled.

Periodic native trim disabled

---------------  S Y S T E M  ---------------

OS:
 Windows 11 , 64 bit Build 26100 (10.0.26100.8875)
OS uptime: 8 days 23:28 hours

CPU: total 28 (initial active 28) (14 cores per cpu, 2 threads per core) family 6 model 183 stepping 1 microcode 0x120, cx8, cmov, fxsr, ht, mmx, 3dnowpref, sse, sse2, sse3, ssse3, sse4.1, sse4.2, popcnt, lzcnt, tsc, tscinvbit, avx, avx2, aes, erms, clmul, bmi1, bmi2, adx, sha, fma, vzeroupper, clflush, clflushopt, clwb, serialize, rdtscp, rdpid, fsrm, gfni, f16c, pku, cet_ibt, cet_ss
Processor Information for the first 28 processors :
  Max Mhz: 3400, Current Mhz: 3400, Mhz Limit: 3400

Memory: 4k page, system-wide physical 65312M (3589M free)
TotalPageFile size 130848M (AvailPageFile size 40390M)
current process WorkingSet (physical memory assigned to process): 999M, peak: 999M
current process commit charge ("private bytes"): 1380M, peak: 1387M

vm_info: Java HotSpot(TM) 64-Bit Server VM (25.0.3+9-LTS-195) for windows-amd64 JRE (25.0.3+9-LTS-195), built on 2026-03-11T00:20:00Z with MS VC++ 17.13 (VS2022)

END.
