#
# A fatal error has been detected by the Java Runtime Environment:
#
#  EXCEPTION_ACCESS_VIOLATION (0xc0000005) at pc=0x00007ffcdfac10bd, pid=62856, tid=65400
#
# JRE version: Java(TM) SE Runtime Environment (25.0.3+9) (build 25.0.3+9-LTS-195)
# Java VM: Java HotSpot(TM) 64-Bit Server VM (25.0.3+9-LTS-195, mixed mode, sharing, tiered, compressed oops, compressed class ptrs, g1 gc, windows-amd64)
# Problematic frame:
# V  [jvm.dll+0x8010bd]
#
# No core dump will be written. Minidumps are not enabled by default on client versions of Windows
#
# If you would like to submit a bug report, please visit:
#   https://bugreport.java.com/bugreport/crash.jsp
#

---------------  S U M M A R Y ------------

Command Line: -Ddebugger.agent.enable.coroutines=true -Ddebugger.async.stack.trace.for.all.threads=true -Dfabric.dli.config=J:\minecraft@@0020orgenal@@0020mod@@0020with@@0020GPT\the_end_of_dragon\fabric\.gradle\loom-cache\launch.cfg -Dfabric.dli.env=client -Dfabric.dli.main=net.fabricmc.loader.impl.launch.knot.KnotClient -Dkotlinx.coroutines.debug.enable.creation.stack.trace=false -Dkotlinx.coroutines.debug.enable.flows.stack.trace=true -Dkotlinx.coroutines.debug.enable.mutable.state.flows.stack.trace=true --sun-misc-unsafe-memory-access=allow --enable-native-access=ALL-UNNAMED -agentlib:jdwp=transport=dt_socket,server=n,suspend=y,address=127.0.0.1:52813 -javaagent:C:\Users\Owner\AppData\Local\JetBrains\IntelliJIdea2026.1\captureAgent\debugger-agent.jar=file:///C:/Users/Owner/AppData/Local/Temp/capture3558401376672146706.props -Dfile.encoding=UTF-8 -Duser.country=JP -Duser.language=ja -Duser.variant net.fabricmc.devlaunchinjector.Main

Host: Intel(R) Core(TM) i7-14700K, 28 cores, 63G,  Windows 11 , 64 bit Build 26100 (10.0.26100.8521)
Time: Tue Jul  7 23:25:41 2026 elapsed time: 12.757195 seconds (0d 0h 0m 12s)

---------------  T H R E A D  ---------------

Current thread (0x0000022c9fc24670):  JavaThread "C2 CompilerThread7" daemon [_thread_in_native, id=65400, stack(0x000000402f200000,0x000000402f300000) (1024K)]


Current CompileTask:
C2:12757 21618       4       net.minecraft.world.level.levelgen.DensityFunctions$Spline::compute (19 bytes)

Stack: [0x000000402f200000,0x000000402f300000],  sp=0x000000402f2fc760,  free space=1009k
Native frames: (J=compiled Java code, j=interpreted, Vv=VM code, C=native code)
V  [jvm.dll+0x8010bd]  (no source info available)
V  [jvm.dll+0x77ed74]  (no source info available)
V  [jvm.dll+0x42f4d6]  (no source info available)
V  [jvm.dll+0x42d06e]  (no source info available)
V  [jvm.dll+0x23b91b]  (no source info available)
V  [jvm.dll+0x23ba2d]  (no source info available)
V  [jvm.dll+0x380c2e]  (no source info available)
V  [jvm.dll+0x7c1329]  (no source info available)
V  [jvm.dll+0x7b9c89]  (no source info available)
V  [jvm.dll+0x7b92e3]  (no source info available)
V  [jvm.dll+0x7b739f]  (no source info available)
V  [jvm.dll+0x23ae51]  (no source info available)
V  [jvm.dll+0x23ba2d]  (no source info available)
V  [jvm.dll+0x23ba2d]  (no source info available)
V  [jvm.dll+0x380c2e]  (no source info available)
V  [jvm.dll+0x7c1329]  (no source info available)
V  [jvm.dll+0x7b9c89]  (no source info available)
V  [jvm.dll+0x7b92e3]  (no source info available)
V  [jvm.dll+0x7b739f]  (no source info available)
V  [jvm.dll+0x23ae51]  (no source info available)
V  [jvm.dll+0x2bf9bd]  (no source info available)
V  [jvm.dll+0x237b20]  (no source info available)
V  [jvm.dll+0x2cfe26]  (no source info available)
V  [jvm.dll+0x2ce0a5]  (no source info available)
V  [jvm.dll+0x48ee81]  (no source info available)
V  [jvm.dll+0x907c6d]  (no source info available)
V  [jvm.dll+0x7a6345]  (no source info available)
C  [ucrtbase.dll+0x2cd30]  (no source info available)
C  [KERNEL32.DLL+0x2e957]  (no source info available)
C  [ntdll.dll+0x87c1c]  (no source info available)


siginfo: EXCEPTION_ACCESS_VIOLATION (0xc0000005), reading address 0x0000022c9bf65000


Registers:
RAX=0x0000022c9bebf980, RBX=0x0000022c9bebf948, RCX=0x000000009bec93a1, RDX=0x00000000000a5690
RSP=0x000000402f2fc760, RBP=0x0000000000000004, RSI=0x0000022c9bebf980, RDI=0x0000000000000000
R8 =0x0000000000009965, R9 =0x0000022ca4ff9e70, R10=0x00007ffd82700000, R11=0x0000000000000000
R12=0x0000000000000004, R13=0x0000022c9bebf038, R14=0x0000000000000040, R15=0x0000022c9bebefc0
RIP=0x00007ffcdfac10bd, EFLAGS=0x0000000000010206

XMM[0]=0x0000000000000000 0x0000000000000000
XMM[1]=0x0000022c97c30040 0x0000022c97c30040
XMM[2]=0x0000022c9b4d4ab0 0x0000022c9adf48b8
XMM[3]=0x0000000000000000 0x000000003f666666
XMM[4]=0x0000022c9ea1e650 0x0000022c9dbaecd8
XMM[5]=0x0000022c9b4d9588 0x0000022c97c30040
XMM[6]=0x0000000000000000 0x0000000000000000
XMM[7]=0x0000000000000000 0x0000000000000000
XMM[8]=0x0000000000000000 0x0000000000000000
XMM[9]=0x0000000000000000 0x0000000000000000
XMM[10]=0x0000000000000000 0x0000000000000000
XMM[11]=0x0000000000000000 0x0000000000000000
XMM[12]=0x0000000000000000 0x0000000000000000
XMM[13]=0x0000000000000000 0x0000000000000000
XMM[14]=0x0000000000000000 0x0000000000000000
XMM[15]=0x0000000000000000 0x0000000000000000
  MXCSR=0x00001fa0


Register to memory mapping:

RAX=0x0000022c9bebf980 points into unknown readable memory: 0x0000022c9fff3038 | 38 30 ff 9f 2c 02 00 00
RBX=0x0000022c9bebf948 points into unknown readable memory: 0x0000000800000004 | 04 00 00 00 08 00 00 00
RCX=0x000000009bec93a1 is an unknown value
RDX=0x00000000000a5690 is an unknown value
RSP=0x000000402f2fc760 is pointing into the stack for thread: 0x0000022c9fc24670
RBP=0x0000000000000004 is an unknown value
RSI=0x0000022c9bebf980 points into unknown readable memory: 0x0000022c9fff3038 | 38 30 ff 9f 2c 02 00 00
RDI=0x0 is null
R8 =0x0000000000009965 is an unknown value
R9 =0x0000022ca4ff9e70 points into unknown readable memory: 0x0000000000000007 | 07 00 00 00 00 00 00 00
R10=0x00007ffd82700000 VCRUNTIME140.dll
R11=0x0 is null
R12=0x0000000000000004 is an unknown value
R13=0x0000022c9bebf038 points into unknown readable memory: 0x0000022c9fff3038 | 38 30 ff 9f 2c 02 00 00
R14=0x0000000000000040 is an unknown value
R15=0x0000022c9bebefc0 points into unknown readable memory: 0x0000000800000008 | 08 00 00 00 08 00 00 00

Top of Stack: (sp=0x000000402f2fc760)
0x000000402f2fc760:   0000022c9bebf948 0000022c9bebf980   H...,.......,...
0x000000402f2fc770:   0000022c97c30040 00007ffcdfa3db5d   @...,...].......
0x000000402f2fc780:   0000000046196000 0000000000000000   .`.F............
0x000000402f2fc790:   000000402f2fe130 0000022c9226d510   0.//@.....&.,...
0x000000402f2fc7a0:   0000000000000048 0000000000000000   H...............
0x000000402f2fc7b0:   0000022c9b4d98b8 00007ffcdfa3ed74   ..M.,...t.......
0x000000402f2fc7c0:   0000022c9b4d9958 0000022c9b4d9910   X.M.,.....M.,...
0x000000402f2fc7d0:   000000000000073b 000000402f2fc8b0   ;.........//@...
0x000000402f2fc7e0:   0000022c9ddbcda8 000000402f2fd670   ....,...p.//@...
0x000000402f2fc7f0:   0000022c9ddbcda8 0000022c9226d510   ....,.....&.,...
0x000000402f2fc800:   0000000000000000 000000402f2fc8b0   ..........//@...
0x000000402f2fc810:   0000022ca24135d0 00007ffcdf6ef4d6   .5A.,.....n.....
0x000000402f2fc820:   0000022c00000004 000000000000073b   ....,...;.......
0x000000402f2fc830:   0000022c9b4d98b8 0000022c97c30040   ..M.,...@...,...
0x000000402f2fc840:   000000402f2fc918 00007ffcdf6ed06e   ..//@...n.n.....
0x000000402f2fc850:   000000402f2fc8b0 000000402f2fc909   ..//@.....//@...
0x000000402f2fc860:   0000000000000000 000000402f2fd670   ........p.//@...
0x000000402f2fc870:   0000022c97c30040 00007ffcdf4fb91b   @...,.....O.....
0x000000402f2fc880:   0000022c9adf4ae0 0000022c9adf4ae0   .J..,....J..,...
0x000000402f2fc890:   000000402f2fc909 0000022c9ddbcf40   ..//@...@...,...
0x000000402f2fc8a0:   0000000000000000 00007ffcdfbe0200   ................
0x000000402f2fc8b0:   00007ffcdfdb0208 0000000000000001   ................
0x000000402f2fc8c0:   000000402f2fe130 000000402f2fedc0   0.//@.....//@...
0x000000402f2fc8d0:   000000402f2fd670 0000022c9b4d4e90   p.//@....NM.,...
0x000000402f2fc8e0:   0000000000000000 0000022c0000009f   ............,...
0x000000402f2fc8f0:   0000022c998a8a70 0000022cdfc039f0   p...,....9..,...
0x000000402f2fc900:   0000022c00000000 00007ffcdfbdff12   ....,...........
0x000000402f2fc910:   0000022c99532f90 000000402f2fc8b0   ./S.,.....//@...
0x000000402f2fc920:   0000022c9b4d4e90 0000022c00000000   .NM.,.......,...
0x000000402f2fc930:   0000022c9ddbcdf0 000000402f2fd670   ....,...p.//@...
0x000000402f2fc940:   0000000000000000 0000000000000000   ................
0x000000402f2fc950:   00007ffcdfd756f0 0000022c9ddbcf40   .V......@...,...

Instructions: (pc=0x00007ffcdfac10bd)
  0x00007ffcdfac0fbd:   d2 48 89 7c 24 78 b9 18 00 00 00 4c 89 64 24 48
  0x00007ffcdfac0fcd:   4c 89 7c 24 30 e8 a9 32 00 00 48 8b d8 48 85 c0
  0x00007ffcdfac0fdd:   74 33 ba 10 00 00 00 b9 02 00 00 00 e8 22 94 c3
  0x00007ffcdfac0fed:   ff 33 ff c7 43 04 02 00 00 00 89 3b 48 89 43 08
  0x00007ffcdfac0ffd:   48 89 38 48 89 78 08 48 89 78 10 48 89 78 18 48
  0x00007ffcdfac100d:   89 7b 10 eb 04 33 ff 8b df 4c 8b 3e 44 8b e7 41
  0x00007ffcdfac101d:   83 3f 00 0f 8e 52 01 00 00 48 89 6c 24 70 4c 89
  0x00007ffcdfac102d:   6c 24 40 4c 89 74 24 38 4c 8b f7 0f 29 74 24 20
  0x00007ffcdfac103d:   0f 57 f6 48 63 2b 8b c5 4d 8b 6f 08 3b 6b 04 0f
  0x00007ffcdfac104d:   8c bc 00 00 00 8d 45 01 85 c0 7e 04 85 c5 74 0c
  0x00007ffcdfac105d:   0f bd c8 b8 01 00 00 00 ff c1 d3 e0 4c 8b 43 10
  0x00007ffcdfac106d:   ba 10 00 00 00 89 43 04 8b c8 4d 85 c0 75 07 e8
  0x00007ffcdfac107d:   8f 93 c3 ff eb 15 41 f6 c0 01 74 0a 49 d1 e8 e8
  0x00007ffcdfac108d:   4f 93 c3 ff eb 05 e8 08 93 c3 ff 48 8b f0 8b cf
  0x00007ffcdfac109d:   8b 03 4c 8b c7 85 c0 7e 27 48 8b d7 0f 1f 80 00
  0x00007ffcdfac10ad:   00 00 00 48 8b 43 08 48 8d 52 10 ff c1 49 ff c0
=>0x00007ffcdfac10bd:   0f 10 44 02 f0 0f 11 44 32 f0 8b 03 3b c8 7c e3
  0x00007ffcdfac10cd:   3b 4b 04 7d 22 4d 03 c0 4a 8d 04 c6 0f 1f 80 00
  0x00007ffcdfac10dd:   00 00 00 48 89 38 ff c1 48 89 78 08 48 8d 40 10
  0x00007ffcdfac10ed:   3b 4b 04 7c ee 8b 03 48 8b 4b 08 48 85 c9 74 0d
  0x00007ffcdfac10fd:   f6 43 10 01 74 07 e8 28 93 c3 ff 8b 03 48 89 73
  0x00007ffcdfac110d:   08 4c 63 c0 48 8b d5 4c 3b c5 7d 1d 49 8b c8 48
  0x00007ffcdfac111d:   c1 e1 04 49 2b d0 48 8b 43 08 48 8d 49 10 0f 11
  0x00007ffcdfac112d:   74 01 f0 48 83 ea 01 75 ed 8d 45 01 48 8b cd 89
  0x00007ffcdfac113d:   03 48 03 c9 43 0f 10 44 35 00 48 8b 43 08 41 ff
  0x00007ffcdfac114d:   c4 49 83 c6 10 0f 11 04 c8 45 3b 27 0f 8c e1 fe
  0x00007ffcdfac115d:   ff ff 0f 28 74 24 20 4c 8b 74 24 38 4c 8b 6c 24
  0x00007ffcdfac116d:   40 48 8b 6c 24 70 48 8b 74 24 60 4c 8b 7c 24 30
  0x00007ffcdfac117d:   4c 8b 64 24 48 48 8b 7c 24 78 48 89 1e 48 8b 5c
  0x00007ffcdfac118d:   24 68 48 83 c4 50 5e c3 cc cc cc cc cc cc cc cc
  0x00007ffcdfac119d:   cc cc cc 40 53 48 83 ec 20 8d 42 01 48 8b d9 85
  0x00007ffcdfac11ad:   c0 7e 04 85 c2 74 0c 0f bd c8 b8 01 00 00 00 ff


Stack slot to memory mapping:

stack at sp + 0 slots: 0x0000022c9bebf948 points into unknown readable memory: 0x0000000800000004 | 04 00 00 00 08 00 00 00
stack at sp + 1 slots: 0x0000022c9bebf980 points into unknown readable memory: 0x0000022c9fff3038 | 38 30 ff 9f 2c 02 00 00
stack at sp + 2 slots: 0x0000022c97c30040 points into unknown readable memory: 0x00007ffcdfd75b10 | 10 5b d7 df fc 7f 00 00
stack at sp + 3 slots: 0x00007ffcdfa3db5d jvm.dll
stack at sp + 4 slots: 0x0000000046196000 is an unknown value
stack at sp + 5 slots: 0x0 is null
stack at sp + 6 slots: 0x000000402f2fe130 is pointing into the stack for thread: 0x0000022c9fc24670
stack at sp + 7 slots: 0x0000022c9226d510 points into unknown readable memory: 0x00007ffcdfe28fc0 | c0 8f e2 df fc 7f 00 00

Lock stack of current Java thread (top to bottom):


---------------  P R O C E S S  ---------------

Threads class SMR info:
_java_thread_list=0x0000022c9eec0c50, length=70, elements={
0x0000022ce200b160, 0x0000022c92202120, 0x0000022c921fd4b0, 0x0000022c92202cd0,
0x0000022c92204b20, 0x0000022c92206250, 0x0000022c922139f0, 0x0000022c922185d0,
0x0000022c9221d070, 0x0000022c922ce1c0, 0x0000022c922ce9d0, 0x0000022c92502390,
0x0000022c924e6360, 0x0000022c9249ce00, 0x0000022c923aaf20, 0x0000022c925bbcc0,
0x0000022c925ca850, 0x0000022c925ee780, 0x0000022c97c83db0, 0x0000022c9f1987c0,
0x0000022ca1676f90, 0x0000022ca167dcf0, 0x0000022ca167ec90, 0x0000022ca1680bd0,
0x0000022ca81bc560, 0x0000022ca8784d40, 0x0000022ca878baa0, 0x0000022ca878a330,
0x0000022ca8788bc0, 0x0000022ca878e980, 0x0000022ca878f920, 0x0000022ca87908c0,
0x0000022ca8791090, 0x0000022ca8794740, 0x0000022ca8793f70, 0x0000022ca87956e0,
0x0000022ca02713c0, 0x0000022ca026ecb0, 0x0000022c98dfc9d0, 0x0000022ca2edd1a0,
0x0000022ca2edd970, 0x0000022ca2edaa90, 0x0000022ca2edc200, 0x0000022ca2ee1020,
0x0000022ca2ee17f0, 0x0000022ca2ee5670, 0x0000022ca2ee2f60, 0x0000022ca2ee3f00,
0x0000022ca2ee46d0, 0x0000022ca2ee8550, 0x0000022ca2eebc00, 0x0000022ca2eec3d0,
0x0000022ca2ef2960, 0x0000022ca8a30fd0, 0x0000022c9fc1e5b0, 0x0000022c9fc22630,
0x0000022c9fc1f5d0, 0x0000022c9fc20e00, 0x0000022c9fc205f0, 0x0000022c9fc1edc0,
0x0000022c9fc24670, 0x0000022ca2ef5840, 0x0000022ca877c870, 0x0000022ca9c4ee90,
0x0000022ca9c50600, 0x0000022ca9c4d720, 0x0000022ca9c515a0, 0x0000022ca9c55bf0,
0x0000022ca9c52d10, 0x0000022ca9c5a240
}

Java Threads: ( => current thread )
  0x0000022ce200b160 JavaThread "Render thread"                     [_thread_blocked, id=39776, stack(0x0000004028e00000,0x0000004028f00000) (1024K)]
  0x0000022c92202120 JavaThread "Reference Handler"          daemon [_thread_blocked, id=40608, stack(0x0000004029600000,0x0000004029700000) (1024K)]
  0x0000022c921fd4b0 JavaThread "Finalizer"                  daemon [_thread_blocked, id=59648, stack(0x0000004029700000,0x0000004029800000) (1024K)]
  0x0000022c92202cd0 JavaThread "Signal Dispatcher"          daemon [_thread_blocked, id=60772, stack(0x0000004029800000,0x0000004029900000) (1024K)]
  0x0000022c92204b20 JavaThread "Attach Listener"            daemon [_thread_blocked, id=50960, stack(0x0000004029900000,0x0000004029a00000) (1024K)]
  0x0000022c92206250 JavaThread "Service Thread"             daemon [_thread_blocked, id=7108, stack(0x0000004029a00000,0x0000004029b00000) (1024K)]
  0x0000022c922139f0 JavaThread "Monitor Deflation Thread"   daemon [_thread_blocked, id=64736, stack(0x0000004029b00000,0x0000004029c00000) (1024K)]
  0x0000022c922185d0 JavaThread "C2 CompilerThread0"         daemon [_thread_in_native, id=63020, stack(0x0000004029c00000,0x0000004029d00000) (1024K)]
  0x0000022c9221d070 JavaThread "C1 CompilerThread0"         daemon [_thread_in_native, id=52876, stack(0x0000004029d00000,0x0000004029e00000) (1024K)]
  0x0000022c922ce1c0 JavaThread "C1 CompilerThread1"         daemon [_thread_in_vm, id=53860, stack(0x0000004029e00000,0x0000004029f00000) (1024K)]
  0x0000022c922ce9d0 JavaThread "C1 CompilerThread2"         daemon [_thread_in_vm, id=57460, stack(0x0000004029f00000,0x000000402a000000) (1024K)]
  0x0000022c92502390 JavaThread "JDWP Transport Listener: dt_socket" daemon [_thread_blocked, id=55880, stack(0x000000402a100000,0x000000402a200000) (1024K)]
  0x0000022c924e6360 JavaThread "JDWP Event Helper Thread"   daemon [_thread_in_native, id=65992, stack(0x000000402a200000,0x000000402a300000) (1024K)]
  0x0000022c9249ce00 JavaThread "JDWP Command Reader"        daemon [_thread_in_native, id=47268, stack(0x000000402a300000,0x000000402a400000) (1024K)]
  0x0000022c923aaf20 JavaThread "Common-Cleaner"             daemon [_thread_blocked, id=65276, stack(0x000000402a400000,0x000000402a500000) (1024K)]
  0x0000022c925bbcc0 JavaThread "IntelliJ Suspend Helper"    daemon [_thread_blocked, id=3156, stack(0x000000402a500000,0x000000402a600000) (1024K)]
  0x0000022c925ca850 JavaThread "Notification Thread"        daemon [_thread_blocked, id=63776, stack(0x000000402a600000,0x000000402a700000) (1024K)]
  0x0000022c925ee780 JavaThread "CoarseTimer"                daemon [_thread_blocked, id=48984, stack(0x000000402a700000,0x000000402a800000) (1024K)]
  0x0000022c97c83db0 JavaThread "C1 CompilerThread3"         daemon [_thread_in_vm, id=33768, stack(0x000000402bc00000,0x000000402bd00000) (1024K)]
  0x0000022c9f1987c0 JavaThread "JNA Cleaner"                daemon [_thread_blocked, id=64836, stack(0x000000402c600000,0x000000402c700000) (1024K)]
  0x0000022ca1676f90 JavaThread "Timer hack thread"          daemon [_thread_blocked, id=65604, stack(0x000000402c500000,0x000000402c600000) (1024K)]
  0x0000022ca167dcf0 JavaThread "Yggdrasil Key Fetcher"      daemon [_thread_blocked, id=28636, stack(0x000000402ca00000,0x000000402cb00000) (1024K)]
  0x0000022ca167ec90 JavaThread "Download-1"                 daemon [_thread_blocked, id=61548, stack(0x000000402cb00000,0x000000402cc00000) (1024K)]
  0x0000022ca1680bd0 JavaThread "Download-2"                 daemon [_thread_blocked, id=65544, stack(0x000000402cc00000,0x000000402cd00000) (1024K)]
  0x0000022ca81bc560 JavaThread "Keep-Alive-Timer"           daemon [_thread_blocked, id=64280, stack(0x000000402ce00000,0x000000402cf00000) (1024K)]
  0x0000022ca8784d40 JavaThread "Worker-Main-1"              daemon [_thread_in_Java, id=2376, stack(0x000000402d400000,0x000000402d500000) (1024K)]
  0x0000022ca878baa0 JavaThread "Worker-Main-2"              daemon [_thread_in_Java, id=65232, stack(0x000000402d500000,0x000000402d600000) (1024K)]
  0x0000022ca878a330 JavaThread "Worker-Main-3"              daemon [_thread_in_Java, id=44068, stack(0x000000402d600000,0x000000402d700000) (1024K)]
  0x0000022ca8788bc0 JavaThread "Worker-Main-4"              daemon [_thread_in_Java, id=49364, stack(0x000000402d700000,0x000000402d800000) (1024K)]
  0x0000022ca878e980 JavaThread "Worker-Main-5"              daemon [_thread_in_Java, id=62608, stack(0x000000402d800000,0x000000402d900000) (1024K)]
  0x0000022ca878f920 JavaThread "Worker-Main-6"              daemon [_thread_in_Java, id=60160, stack(0x000000402d900000,0x000000402da00000) (1024K)]
  0x0000022ca87908c0 JavaThread "Worker-Main-7"              daemon [_thread_in_Java, id=52804, stack(0x000000402da00000,0x000000402db00000) (1024K)]
  0x0000022ca8791090 JavaThread "Worker-Main-8"              daemon [_thread_blocked, id=61324, stack(0x000000402db00000,0x000000402dc00000) (1024K)]
  0x0000022ca8794740 JavaThread "Worker-Main-9"              daemon [_thread_in_Java, id=61040, stack(0x000000402dc00000,0x000000402dd00000) (1024K)]
  0x0000022ca8793f70 JavaThread "Worker-Main-10"             daemon [_thread_in_Java, id=65756, stack(0x000000402dd00000,0x000000402de00000) (1024K)]
  0x0000022ca87956e0 JavaThread "Worker-Main-11"             daemon [_thread_in_vm, id=64312, stack(0x000000402de00000,0x000000402df00000) (1024K)]
  0x0000022ca02713c0 JavaThread "Worker-Main-12"             daemon [_thread_in_vm, id=65872, stack(0x000000402df00000,0x000000402e000000) (1024K)]
  0x0000022ca026ecb0 JavaThread "Worker-Main-13"             daemon [_thread_in_Java, id=65532, stack(0x000000402e000000,0x000000402e100000) (1024K)]
  0x0000022c98dfc9d0 JavaThread "Worker-Main-14"             daemon [_thread_in_Java, id=49828, stack(0x000000402e100000,0x000000402e200000) (1024K)]
  0x0000022ca2edd1a0 JavaThread "Worker-Main-15"             daemon [_thread_in_Java, id=59308, stack(0x000000402e200000,0x000000402e300000) (1024K)]
  0x0000022ca2edd970 JavaThread "Worker-Main-16"             daemon [_thread_in_Java, id=31512, stack(0x000000402e300000,0x000000402e400000) (1024K)]
  0x0000022ca2edaa90 JavaThread "Worker-Main-17"             daemon [_thread_in_Java, id=63104, stack(0x000000402e400000,0x000000402e500000) (1024K)]
  0x0000022ca2edc200 JavaThread "Worker-Main-18"             daemon [_thread_blocked, id=64604, stack(0x000000402e500000,0x000000402e600000) (1024K)]
  0x0000022ca2ee1020 JavaThread "Worker-Main-19"             daemon [_thread_in_Java, id=53684, stack(0x000000402e600000,0x000000402e700000) (1024K)]
  0x0000022ca2ee17f0 JavaThread "Worker-Main-20"             daemon [_thread_blocked, id=33088, stack(0x000000402e700000,0x000000402e800000) (1024K)]
  0x0000022ca2ee5670 JavaThread "Worker-Main-21"             daemon [_thread_in_Java, id=60736, stack(0x000000402e800000,0x000000402e900000) (1024K)]
  0x0000022ca2ee2f60 JavaThread "Worker-Main-22"             daemon [_thread_in_Java, id=32788, stack(0x000000402e900000,0x000000402ea00000) (1024K)]
  0x0000022ca2ee3f00 JavaThread "Worker-Main-23"             daemon [_thread_blocked, id=14584, stack(0x000000402ea00000,0x000000402eb00000) (1024K)]
  0x0000022ca2ee46d0 JavaThread "Worker-Main-24"             daemon [_thread_in_Java, id=37048, stack(0x000000402eb00000,0x000000402ec00000) (1024K)]
  0x0000022ca2ee8550 JavaThread "Worker-Main-25"             daemon [_thread_in_Java, id=59300, stack(0x000000402ec00000,0x000000402ed00000) (1024K)]
  0x0000022ca2eebc00 JavaThread "Worker-Main-26"             daemon [_thread_in_Java, id=9040, stack(0x000000402ed00000,0x000000402ee00000) (1024K)]
  0x0000022ca2eec3d0 JavaThread "Worker-Main-27"             daemon [_thread_in_Java, id=59548, stack(0x000000402ee00000,0x000000402ef00000) (1024K)]
  0x0000022ca2ef2960 JavaThread "ForkJoinPool.commonPool-worker-1" daemon [_thread_blocked, id=65968, stack(0x000000402c100000,0x000000402c200000) (1024K)]
  0x0000022ca8a30fd0 JavaThread "IO-Worker-1"                       [_thread_blocked, id=61896, stack(0x000000402f500000,0x000000402f600000) (1024K)]
  0x0000022c9fc1e5b0 JavaThread "C2 CompilerThread1"         daemon [_thread_in_native, id=61752, stack(0x000000402a000000,0x000000402a100000) (1024K)]
  0x0000022c9fc22630 JavaThread "C2 CompilerThread2"         daemon [_thread_in_native, id=50340, stack(0x000000402c200000,0x000000402c300000) (1024K)]
  0x0000022c9fc1f5d0 JavaThread "C2 CompilerThread3"         daemon [_thread_in_native, id=64052, stack(0x000000402c300000,0x000000402c400000) (1024K)]
  0x0000022c9fc20e00 JavaThread "C2 CompilerThread4"         daemon [_thread_in_native, id=54368, stack(0x000000402ef00000,0x000000402f000000) (1024K)]
  0x0000022c9fc205f0 JavaThread "C2 CompilerThread5"         daemon [_thread_in_native, id=43064, stack(0x000000402f000000,0x000000402f100000) (1024K)]
  0x0000022c9fc1edc0 JavaThread "C2 CompilerThread6"         daemon [_thread_in_native, id=58664, stack(0x000000402f100000,0x000000402f200000) (1024K)]
=>0x0000022c9fc24670 JavaThread "C2 CompilerThread7"         daemon [_thread_in_native, id=65400, stack(0x000000402f200000,0x000000402f300000) (1024K)]
  0x0000022ca2ef5840 JavaThread "Sound engine"               daemon [_thread_blocked, id=15464, stack(0x000000402c400000,0x000000402c500000) (1024K)]
  0x0000022ca877c870 JavaThread "Server thread"                     [_thread_in_vm, id=42988, stack(0x000000402f600000,0x000000402f700000) (1024K)]
  0x0000022ca9c4ee90 JavaThread "IO-Worker-2"                       [_thread_blocked, id=50724, stack(0x000000402f700000,0x000000402f800000) (1024K)]
  0x0000022ca9c50600 JavaThread "IO-Worker-3"                       [_thread_blocked, id=45704, stack(0x000000402f800000,0x000000402f900000) (1024K)]
  0x0000022ca9c4d720 JavaThread "IO-Worker-4"                       [_thread_in_native, id=65768, stack(0x000000402f900000,0x000000402fa00000) (1024K)]
  0x0000022ca9c515a0 JavaThread "IO-Worker-5"                       [_thread_in_native, id=5488, stack(0x000000402fa00000,0x000000402fb00000) (1024K)]
  0x0000022ca9c55bf0 JavaThread "IO-Worker-6"                       [_thread_blocked, id=65624, stack(0x000000402fb00000,0x000000402fc00000) (1024K)]
  0x0000022ca9c52d10 JavaThread "IO-Worker-7"                       [_thread_blocked, id=66292, stack(0x000000402fc00000,0x000000402fd00000) (1024K)]
  0x0000022ca9c5a240 JavaThread "IO-Worker-8"                       [_thread_blocked, id=63696, stack(0x000000402fd00000,0x000000402fe00000) (1024K)]
Total: 70

Other Threads:
  0x0000022c921e8d70 VMThread "VM Thread"                           [id=63928, stack(0x0000004029500000,0x0000004029600000) (1024K)]
  0x0000022cfaaea600 WatcherThread "VM Periodic Task Thread"        [id=10936, stack(0x0000004029400000,0x0000004029500000) (1024K)]
  0x0000022cfaa105f0 WorkerThread "GC Thread#0"                     [id=60512, stack(0x0000004028f00000,0x0000004029000000) (1024K)]
  0x0000022c97c92700 WorkerThread "GC Thread#1"                     [id=45552, stack(0x000000402a900000,0x000000402aa00000) (1024K)]
  0x0000022c97c00c90 WorkerThread "GC Thread#2"                     [id=6500, stack(0x000000402aa00000,0x000000402ab00000) (1024K)]
  0x0000022c97a80200 WorkerThread "GC Thread#3"                     [id=53688, stack(0x000000402ab00000,0x000000402ac00000) (1024K)]
  0x0000022c97c60300 WorkerThread "GC Thread#4"                     [id=52572, stack(0x000000402ac00000,0x000000402ad00000) (1024K)]
  0x0000022c97bb9610 WorkerThread "GC Thread#5"                     [id=55860, stack(0x000000402ad00000,0x000000402ae00000) (1024K)]
  0x0000022c97bb9eb0 WorkerThread "GC Thread#6"                     [id=45192, stack(0x000000402ae00000,0x000000402af00000) (1024K)]
  0x0000022c97bbb890 WorkerThread "GC Thread#7"                     [id=66276, stack(0x000000402af00000,0x000000402b000000) (1024K)]
  0x0000022c97bba750 WorkerThread "GC Thread#8"                     [id=63592, stack(0x000000402b000000,0x000000402b100000) (1024K)]
  0x0000022c97bba300 WorkerThread "GC Thread#9"                     [id=50152, stack(0x000000402b100000,0x000000402b200000) (1024K)]
  0x0000022c97bbbce0 WorkerThread "GC Thread#10"                    [id=12360, stack(0x000000402b200000,0x000000402b300000) (1024K)]
  0x0000022c97bbc130 WorkerThread "GC Thread#11"                    [id=66256, stack(0x000000402b300000,0x000000402b400000) (1024K)]
  0x0000022c97bbc580 WorkerThread "GC Thread#12"                    [id=64972, stack(0x000000402b400000,0x000000402b500000) (1024K)]
  0x0000022c97bbc9d0 WorkerThread "GC Thread#13"                    [id=11352, stack(0x000000402b500000,0x000000402b600000) (1024K)]
  0x0000022c97bb9a60 WorkerThread "GC Thread#14"                    [id=53872, stack(0x000000402b600000,0x000000402b700000) (1024K)]
  0x0000022c97cddab0 WorkerThread "GC Thread#15"                    [id=42880, stack(0x000000402b700000,0x000000402b800000) (1024K)]
  0x0000022c97cddf00 WorkerThread "GC Thread#16"                    [id=23500, stack(0x000000402b800000,0x000000402b900000) (1024K)]
  0x0000022c97cdaf90 WorkerThread "GC Thread#17"                    [id=65744, stack(0x000000402b900000,0x000000402ba00000) (1024K)]
  0x0000022c97cdd210 WorkerThread "GC Thread#18"                    [id=66016, stack(0x000000402ba00000,0x000000402bb00000) (1024K)]
  0x0000022c97cda2a0 WorkerThread "GC Thread#19"                    [id=43856, stack(0x000000402bb00000,0x000000402bc00000) (1024K)]
  0x0000022cfaa52010 ConcurrentGCThread "G1 Main Marker"            [id=64752, stack(0x0000004029000000,0x0000004029100000) (1024K)]
  0x0000022ce2094080 WorkerThread "G1 Conc#0"                       [id=61288, stack(0x0000004029100000,0x0000004029200000) (1024K)]
  0x0000022c98d650c0 WorkerThread "G1 Conc#1"                       [id=14556, stack(0x000000402bd00000,0x000000402be00000) (1024K)]
  0x0000022c98d63f80 WorkerThread "G1 Conc#2"                       [id=60576, stack(0x000000402be00000,0x000000402bf00000) (1024K)]
  0x0000022c98d643d0 WorkerThread "G1 Conc#3"                       [id=63544, stack(0x000000402bf00000,0x000000402c000000) (1024K)]
  0x0000022c98d63290 WorkerThread "G1 Conc#4"                       [id=65136, stack(0x000000402c000000,0x000000402c100000) (1024K)]
  0x0000022cfaad79a0 ConcurrentGCThread "G1 Refine#0"               [id=54964, stack(0x0000004029200000,0x0000004029300000) (1024K)]
  0x0000022cfaad93c0 ConcurrentGCThread "G1 Service"                [id=62060, stack(0x0000004029300000,0x0000004029400000) (1024K)]
Total: 30

Threads with active compile tasks:
C2 CompilerThread0  13037 22202       4       net.minecraft.nbt.CompoundTag$1::loadCompound (74 bytes)
C1 CompilerThread0  13037 22292       3       net.minecraft.world.level.chunk.PalettedContainer::count (91 bytes)
C2 CompilerThread1  13037 22210       4       java.util.stream.Nodes$LongFixedNodeBuilder::accept (61 bytes)
C2 CompilerThread2  13037 22273       4       sun.nio.ch.IOUtil::read (14 bytes)
C2 CompilerThread3  13037 22192       4       com.mojang.serialization.codecs.KeyDispatchCodec::decode (23 bytes)
C2 CompilerThread4  13037 22204       4       com.mojang.serialization.codecs.KeyDispatchCodec$$Lambda/0x000000009d22a638::apply (17 bytes)
C2 CompilerThread5  13037 22109       4       sun.nio.ch.FileChannelImpl::read (26 bytes)
C2 CompilerThread6  13037 22199   !   4       sun.nio.ch.IOUtil::read (133 bytes)
C2 CompilerThread7  13037 21618       4       net.minecraft.world.level.levelgen.DensityFunctions$Spline::compute (19 bytes)
Total: 9

VM state: not at safepoint (normal execution)

VM Mutex/Monitor currently owned by a thread:  ([mutex/lock_event])
[0x00007ffce0038f88] MethodCompileQueue_lock - owner thread: 0x0000022c9221d070
[0x00007ffce003a408] CodeCache_lock - owner thread: 0x0000022c9221d070

Heap address: 0x0000000403000000, size: 16336 MB, Compressed Oops mode: Zero based, Oop shift amount: 3

CDS archive(s) mapped at: [0x000000009b000000-0x000000009bdd0000-0x000000009bdd0000), size 14483456, SharedBaseAddress: 0x000000009b000000, ArchiveRelocationMode: 1.
Compressed class space mapped at: 0x000000009c000000-0x00000000dc000000, reserved size: 1073741824
UseCompressedClassPointers 1, UseCompactObjectHeaders 0
Narrow klass pointer bits 32, Max shift 3
Narrow klass base: 0x000000009b000000, Narrow klass shift: 0
Encoding Range: [0x000000009b000000 - 0x000000019b000000), (4294967296 bytes)
Klass Range:    [0x000000009b010000 - 0x00000000dc000000), (1090453504 bytes)
Klass ID Range:  [65536 - 1090519033) (1090453497)
Protection zone: [0x000000009b000000 - 0x000000009b010000), (65536 bytes)

GC Precious Log:
 CardTable entry size: 512
 Card Set container configuration: InlinePtr #cards 4 size 8 Array Of Cards #cards 64 size 144 Howl #buckets 8 coarsen threshold 14745 Howl Bitmap #cards 2048 size 272 coarsen threshold 1843 Card regions per heap region 1 cards per card region 16384
 CPUs: 28 total, 28 available
 Memory: 65312M
 Large Page Support: Disabled
 NUMA Support: Disabled
 Compressed Oops: Enabled (Zero based)
 Heap Region Size: 8M
 Heap Min Capacity: 8M
 Heap Initial Capacity: 1G
 Heap Max Capacity: 16336M
 Pre-touch: Disabled
 Parallel Workers: 20
 Concurrent Workers: 5
 Concurrent Refinement Workers: 20
 Periodic GC: Disabled

Heap:
 garbage-first heap   total reserved 16728064K, committed 860160K, used 554636K [0x0000000403000000, 0x0000000800000000)
  region size 8192K, 39 young (319488K), 3 survivors (24576K)

Heap Regions: E=young(eden), S=young(survivor), O=old, HS=humongous(starts), HC=humongous(continues), CS=collection set, F=free, TAMS=top-at-mark-start, PB=parsable bottom
|   0|0x0000000403000000, 0x0000000403800000, 0x0000000403800000|100%| O|  |TAMS 0x0000000403000000| PB 0x0000000403000000| Untracked |  0
|   1|0x0000000403800000, 0x0000000404000000, 0x0000000404000000|100%| O|  |TAMS 0x0000000403800000| PB 0x0000000403800000| Untracked |  0
|   2|0x0000000404000000, 0x0000000404800000, 0x0000000404800000|100%| O|  |TAMS 0x0000000404000000| PB 0x0000000404000000| Untracked |  0
|   3|0x0000000404800000, 0x0000000405000000, 0x0000000405000000|100%| O|  |TAMS 0x0000000404800000| PB 0x0000000404800000| Untracked |  0
|   4|0x0000000405000000, 0x0000000405800000, 0x0000000405800000|100%|HS|  |TAMS 0x0000000405000000| PB 0x0000000405000000| Complete |  0
|   5|0x0000000405800000, 0x0000000406000000, 0x0000000406000000|100%|HC|  |TAMS 0x0000000405800000| PB 0x0000000405800000| Complete |  0
|   6|0x0000000406000000, 0x0000000406800000, 0x0000000406800000|100%| O|  |TAMS 0x0000000406000000| PB 0x0000000406000000| Untracked |  0
|   7|0x0000000406800000, 0x0000000407000000, 0x0000000407000000|100%| O|  |TAMS 0x0000000406800000| PB 0x0000000406800000| Untracked |  0
|   8|0x0000000407000000, 0x0000000407800000, 0x0000000407800000|100%| O|  |TAMS 0x0000000407000000| PB 0x0000000407000000| Untracked |  0
|   9|0x0000000407800000, 0x0000000408000000, 0x0000000408000000|100%| O|  |TAMS 0x0000000407800000| PB 0x0000000407800000| Untracked |  0
|  10|0x0000000408000000, 0x0000000408800000, 0x0000000408800000|100%| O|  |TAMS 0x0000000408000000| PB 0x0000000408000000| Untracked |  0
|  11|0x0000000408800000, 0x0000000409000000, 0x0000000409000000|100%| O|  |TAMS 0x0000000408800000| PB 0x0000000408800000| Untracked |  0
|  12|0x0000000409000000, 0x0000000409800000, 0x0000000409800000|100%| O|  |TAMS 0x0000000409000000| PB 0x0000000409000000| Untracked |  0
|  13|0x0000000409800000, 0x000000040a000000, 0x000000040a000000|100%| O|  |TAMS 0x0000000409800000| PB 0x0000000409800000| Untracked |  0
|  14|0x000000040a000000, 0x000000040a800000, 0x000000040a800000|100%| O|  |TAMS 0x000000040a000000| PB 0x000000040a000000| Untracked |  0
|  15|0x000000040a800000, 0x000000040b000000, 0x000000040b000000|100%| O|  |TAMS 0x000000040a800000| PB 0x000000040a800000| Untracked |  0
|  16|0x000000040b000000, 0x000000040b800000, 0x000000040b800000|100%| O|  |TAMS 0x000000040b000000| PB 0x000000040b000000| Untracked |  0
|  17|0x000000040b800000, 0x000000040c000000, 0x000000040c000000|100%| O|  |TAMS 0x000000040b800000| PB 0x000000040b800000| Untracked |  0
|  18|0x000000040c000000, 0x000000040c800000, 0x000000040c800000|100%| O|  |TAMS 0x000000040c000000| PB 0x000000040c000000| Untracked |  0
|  19|0x000000040c800000, 0x000000040d000000, 0x000000040d000000|100%| O|  |TAMS 0x000000040c800000| PB 0x000000040c800000| Untracked |  0
|  20|0x000000040d000000, 0x000000040d800000, 0x000000040d800000|100%| O|  |TAMS 0x000000040d000000| PB 0x000000040d000000| Untracked |  0
|  21|0x000000040d800000, 0x000000040e000000, 0x000000040e000000|100%| O|Cm|TAMS 0x000000040d800000| PB 0x000000040d800000| Complete |  0
|  22|0x000000040e000000, 0x000000040e800000, 0x000000040e800000|100%| O|  |TAMS 0x000000040e000000| PB 0x000000040e000000| Untracked |  0
|  23|0x000000040e800000, 0x000000040f000000, 0x000000040f000000|100%| O|  |TAMS 0x000000040e800000| PB 0x000000040e800000| Untracked |  0
|  24|0x000000040f000000, 0x000000040f800000, 0x000000040f800000|100%| O|  |TAMS 0x000000040f000000| PB 0x000000040f000000| Untracked |  0
|  25|0x000000040f800000, 0x0000000410000000, 0x0000000410000000|100%| O|  |TAMS 0x000000040f800000| PB 0x000000040f800000| Untracked |  0
|  26|0x0000000410000000, 0x000000041067e478, 0x0000000410800000| 81%| O|  |TAMS 0x0000000410000000| PB 0x0000000410000000| Untracked |  0
|  27|0x0000000410800000, 0x0000000410800000, 0x0000000411000000|  0%| F|  |TAMS 0x0000000410800000| PB 0x0000000410800000| Untracked |  0
|  28|0x0000000411000000, 0x0000000411800000, 0x0000000411800000|100%| O|  |TAMS 0x0000000411000000| PB 0x0000000411000000| Untracked |  0
|  29|0x0000000411800000, 0x0000000411800000, 0x0000000412000000|  0%| F|  |TAMS 0x0000000411800000| PB 0x0000000411800000| Untracked |  0
|  30|0x0000000412000000, 0x0000000412000000, 0x0000000412800000|  0%| F|  |TAMS 0x0000000412000000| PB 0x0000000412000000| Untracked |  0
|  31|0x0000000412800000, 0x0000000412800000, 0x0000000413000000|  0%| F|  |TAMS 0x0000000412800000| PB 0x0000000412800000| Untracked |  0
|  32|0x0000000413000000, 0x0000000413000000, 0x0000000413800000|  0%| F|  |TAMS 0x0000000413000000| PB 0x0000000413000000| Untracked |  0
|  33|0x0000000413800000, 0x0000000413800000, 0x0000000414000000|  0%| F|  |TAMS 0x0000000413800000| PB 0x0000000413800000| Untracked |  0
|  34|0x0000000414000000, 0x0000000414000000, 0x0000000414800000|  0%| F|  |TAMS 0x0000000414000000| PB 0x0000000414000000| Untracked |  0
|  35|0x0000000414800000, 0x0000000414800000, 0x0000000415000000|  0%| F|  |TAMS 0x0000000414800000| PB 0x0000000414800000| Untracked |  0
|  36|0x0000000415000000, 0x0000000415000000, 0x0000000415800000|  0%| F|  |TAMS 0x0000000415000000| PB 0x0000000415000000| Untracked |  0
|  37|0x0000000415800000, 0x0000000415800000, 0x0000000416000000|  0%| F|  |TAMS 0x0000000415800000| PB 0x0000000415800000| Untracked |  0
|  38|0x0000000416000000, 0x0000000416000000, 0x0000000416800000|  0%| F|  |TAMS 0x0000000416000000| PB 0x0000000416000000| Untracked |  0
|  39|0x0000000416800000, 0x0000000416800000, 0x0000000417000000|  0%| F|  |TAMS 0x0000000416800000| PB 0x0000000416800000| Untracked |  0
|  40|0x0000000417000000, 0x0000000417000000, 0x0000000417800000|  0%| F|  |TAMS 0x0000000417000000| PB 0x0000000417000000| Untracked |  0
|  41|0x0000000417800000, 0x0000000417800000, 0x0000000418000000|  0%| F|  |TAMS 0x0000000417800000| PB 0x0000000417800000| Untracked |  0
|  42|0x0000000418000000, 0x0000000418724d40, 0x0000000418800000| 89%| S|CS|TAMS 0x0000000418000000| PB 0x0000000418000000| Complete |  0
|  43|0x0000000418800000, 0x0000000419000000, 0x0000000419000000|100%| S|CS|TAMS 0x0000000418800000| PB 0x0000000418800000| Complete |  0
|  44|0x0000000419000000, 0x0000000419800000, 0x0000000419800000|100%| S|CS|TAMS 0x0000000419000000| PB 0x0000000419000000| Complete |  0
|  45|0x0000000419800000, 0x0000000419800000, 0x000000041a000000|  0%| F|  |TAMS 0x0000000419800000| PB 0x0000000419800000| Untracked |  0
|  46|0x000000041a000000, 0x000000041a000000, 0x000000041a800000|  0%| F|  |TAMS 0x000000041a000000| PB 0x000000041a000000| Untracked |  0
|  47|0x000000041a800000, 0x000000041a800000, 0x000000041b000000|  0%| F|  |TAMS 0x000000041a800000| PB 0x000000041a800000| Untracked |  0
|  48|0x000000041b000000, 0x000000041b000000, 0x000000041b800000|  0%| F|  |TAMS 0x000000041b000000| PB 0x000000041b000000| Untracked |  0
|  49|0x000000041b800000, 0x000000041b800000, 0x000000041c000000|  0%| F|  |TAMS 0x000000041b800000| PB 0x000000041b800000| Untracked |  0
|  50|0x000000041c000000, 0x000000041c000000, 0x000000041c800000|  0%| F|  |TAMS 0x000000041c000000| PB 0x000000041c000000| Untracked |  0
|  51|0x000000041c800000, 0x000000041c800000, 0x000000041d000000|  0%| F|  |TAMS 0x000000041c800000| PB 0x000000041c800000| Untracked |  0
|  52|0x000000041d000000, 0x000000041d000000, 0x000000041d800000|  0%| F|  |TAMS 0x000000041d000000| PB 0x000000041d000000| Untracked |  0
|  53|0x000000041d800000, 0x000000041d800000, 0x000000041e000000|  0%| F|  |TAMS 0x000000041d800000| PB 0x000000041d800000| Untracked |  0
|  54|0x000000041e000000, 0x000000041e000000, 0x000000041e800000|  0%| F|  |TAMS 0x000000041e000000| PB 0x000000041e000000| Untracked |  0
|  55|0x000000041e800000, 0x000000041e800000, 0x000000041f000000|  0%| F|  |TAMS 0x000000041e800000| PB 0x000000041e800000| Untracked |  0
|  56|0x000000041f000000, 0x000000041f000000, 0x000000041f800000|  0%| F|  |TAMS 0x000000041f000000| PB 0x000000041f000000| Untracked |  0
|  57|0x000000041f800000, 0x000000041f800000, 0x0000000420000000|  0%| F|  |TAMS 0x000000041f800000| PB 0x000000041f800000| Untracked |  0
|  58|0x0000000420000000, 0x0000000420000000, 0x0000000420800000|  0%| F|  |TAMS 0x0000000420000000| PB 0x0000000420000000| Untracked |  0
|  59|0x0000000420800000, 0x0000000420800000, 0x0000000421000000|  0%| F|  |TAMS 0x0000000420800000| PB 0x0000000420800000| Untracked |  0
|  60|0x0000000421000000, 0x0000000421000000, 0x0000000421800000|  0%| F|  |TAMS 0x0000000421000000| PB 0x0000000421000000| Untracked |  0
|  61|0x0000000421800000, 0x0000000421800000, 0x0000000422000000|  0%| F|  |TAMS 0x0000000421800000| PB 0x0000000421800000| Untracked |  0
|  62|0x0000000422000000, 0x0000000422000000, 0x0000000422800000|  0%| F|  |TAMS 0x0000000422000000| PB 0x0000000422000000| Untracked |  0
|  63|0x0000000422800000, 0x0000000422800000, 0x0000000423000000|  0%| F|  |TAMS 0x0000000422800000| PB 0x0000000422800000| Untracked |  0
|  64|0x0000000423000000, 0x0000000423000000, 0x0000000423800000|  0%| F|  |TAMS 0x0000000423000000| PB 0x0000000423000000| Untracked |  0
|  65|0x0000000423800000, 0x0000000423800000, 0x0000000424000000|  0%| F|  |TAMS 0x0000000423800000| PB 0x0000000423800000| Untracked |  0
|  66|0x0000000424000000, 0x0000000424000000, 0x0000000424800000|  0%| F|  |TAMS 0x0000000424000000| PB 0x0000000424000000| Untracked |  0
|  67|0x0000000424800000, 0x0000000424db86b0, 0x0000000425000000| 71%| E|  |TAMS 0x0000000424800000| PB 0x0000000424800000| Complete |  0
|  68|0x0000000425000000, 0x0000000425800000, 0x0000000425800000|100%| E|CS|TAMS 0x0000000425000000| PB 0x0000000425000000| Complete |  0
|  69|0x0000000425800000, 0x0000000426000000, 0x0000000426000000|100%| E|CS|TAMS 0x0000000425800000| PB 0x0000000425800000| Complete |  1
|  70|0x0000000426000000, 0x0000000426800000, 0x0000000426800000|100%| E|CS|TAMS 0x0000000426000000| PB 0x0000000426000000| Complete |  0
|  71|0x0000000426800000, 0x0000000427000000, 0x0000000427000000|100%| E|CS|TAMS 0x0000000426800000| PB 0x0000000426800000| Complete |  0
|  72|0x0000000427000000, 0x0000000427800000, 0x0000000427800000|100%| E|CS|TAMS 0x0000000427000000| PB 0x0000000427000000| Complete |  0
|  73|0x0000000427800000, 0x0000000428000000, 0x0000000428000000|100%| E|CS|TAMS 0x0000000427800000| PB 0x0000000427800000| Complete |  0
|  74|0x0000000428000000, 0x0000000428800000, 0x0000000428800000|100%| E|CS|TAMS 0x0000000428000000| PB 0x0000000428000000| Complete |  0
|  75|0x0000000428800000, 0x0000000429000000, 0x0000000429000000|100%| E|CS|TAMS 0x0000000428800000| PB 0x0000000428800000| Complete |  0
|  76|0x0000000429000000, 0x0000000429800000, 0x0000000429800000|100%| E|CS|TAMS 0x0000000429000000| PB 0x0000000429000000| Complete |  0
|  77|0x0000000429800000, 0x000000042a000000, 0x000000042a000000|100%| E|CS|TAMS 0x0000000429800000| PB 0x0000000429800000| Complete |  0
|  78|0x000000042a000000, 0x000000042a800000, 0x000000042a800000|100%| E|CS|TAMS 0x000000042a000000| PB 0x000000042a000000| Complete |  0
|  79|0x000000042a800000, 0x000000042b000000, 0x000000042b000000|100%| E|CS|TAMS 0x000000042a800000| PB 0x000000042a800000| Complete |  0
|  80|0x000000042b000000, 0x000000042b800000, 0x000000042b800000|100%| E|CS|TAMS 0x000000042b000000| PB 0x000000042b000000| Complete |  0
|  81|0x000000042b800000, 0x000000042c000000, 0x000000042c000000|100%| E|CS|TAMS 0x000000042b800000| PB 0x000000042b800000| Complete |  0
|  82|0x000000042c000000, 0x000000042c800000, 0x000000042c800000|100%| E|CS|TAMS 0x000000042c000000| PB 0x000000042c000000| Complete |  0
|  83|0x000000042c800000, 0x000000042d000000, 0x000000042d000000|100%| E|CS|TAMS 0x000000042c800000| PB 0x000000042c800000| Complete |  0
|  84|0x000000042d000000, 0x000000042d800000, 0x000000042d800000|100%| E|CS|TAMS 0x000000042d000000| PB 0x000000042d000000| Complete |  0
|  85|0x000000042d800000, 0x000000042e000000, 0x000000042e000000|100%| E|CS|TAMS 0x000000042d800000| PB 0x000000042d800000| Complete |  0
|  86|0x000000042e000000, 0x000000042e800000, 0x000000042e800000|100%| E|CS|TAMS 0x000000042e000000| PB 0x000000042e000000| Complete |  0
|  87|0x000000042e800000, 0x000000042f000000, 0x000000042f000000|100%| E|CS|TAMS 0x000000042e800000| PB 0x000000042e800000| Complete |  0
|  88|0x000000042f000000, 0x000000042f800000, 0x000000042f800000|100%| E|CS|TAMS 0x000000042f000000| PB 0x000000042f000000| Complete |  0
|  89|0x000000042f800000, 0x0000000430000000, 0x0000000430000000|100%| E|CS|TAMS 0x000000042f800000| PB 0x000000042f800000| Complete |  0
|  90|0x0000000430000000, 0x0000000430800000, 0x0000000430800000|100%| E|CS|TAMS 0x0000000430000000| PB 0x0000000430000000| Complete |  0
|  91|0x0000000430800000, 0x0000000431000000, 0x0000000431000000|100%| E|CS|TAMS 0x0000000430800000| PB 0x0000000430800000| Complete |  0
|  92|0x0000000431000000, 0x0000000431800000, 0x0000000431800000|100%| E|CS|TAMS 0x0000000431000000| PB 0x0000000431000000| Complete |  0
|  93|0x0000000431800000, 0x0000000432000000, 0x0000000432000000|100%| E|CS|TAMS 0x0000000431800000| PB 0x0000000431800000| Complete |  0
|  94|0x0000000432000000, 0x0000000432800000, 0x0000000432800000|100%| E|CS|TAMS 0x0000000432000000| PB 0x0000000432000000| Complete |  0
|  95|0x0000000432800000, 0x0000000433000000, 0x0000000433000000|100%| E|CS|TAMS 0x0000000432800000| PB 0x0000000432800000| Complete |  0
|  96|0x0000000433000000, 0x0000000433800000, 0x0000000433800000|100%| E|CS|TAMS 0x0000000433000000| PB 0x0000000433000000| Complete |  0
|  97|0x0000000433800000, 0x0000000434000000, 0x0000000434000000|100%| E|CS|TAMS 0x0000000433800000| PB 0x0000000433800000| Complete |  0
|  98|0x0000000434000000, 0x0000000434800000, 0x0000000434800000|100%| E|CS|TAMS 0x0000000434000000| PB 0x0000000434000000| Complete |  0
|  99|0x0000000434800000, 0x0000000435000000, 0x0000000435000000|100%| E|CS|TAMS 0x0000000434800000| PB 0x0000000434800000| Complete |  0
| 100|0x0000000435000000, 0x0000000435800000, 0x0000000435800000|100%| E|CS|TAMS 0x0000000435000000| PB 0x0000000435000000| Complete |  0
|2038|0x00000007fe000000, 0x00000007fe800000, 0x00000007fe800000|100%| O|  |TAMS 0x00000007fe000000| PB 0x00000007fe000000| Untracked |  0
|2039|0x00000007fe800000, 0x00000007ff000000, 0x00000007ff000000|100%| O|  |TAMS 0x00000007fe800000| PB 0x00000007fe800000| Untracked |  0
|2040|0x00000007ff000000, 0x00000007ff800000, 0x00000007ff800000|100%| E|CS|TAMS 0x00000007ff000000| PB 0x00000007ff000000| Complete |  0
|2041|0x00000007ff800000, 0x0000000800000000, 0x0000000800000000|100%| E|CS|TAMS 0x00000007ff800000| PB 0x00000007ff800000| Complete |  0

Card table byte_map: [0x0000022cfcb80000,0x0000022cfeb70000] _byte_map_base: 0x0000022cfab68000

Marking Bits: (CMBitMap*) 0x0000022ce207d220
 Bits: [0x0000022c80000000, 0x0000022c8ff40000)

Polling page: 0x0000022cdfb90000

Metaspace:
Metaspace        used 138330K, committed 140032K, reserved 1179648K
 class space     used 22573K, committed 23296K, reserved 1048576K

Usage:
  Non-class:    113.04 MB used.
      Class:     22.04 MB used.
       Both:    135.09 MB used.

Virtual space:
  Non-class space:      128.00 MB reserved,     114.00 MB ( 89%) committed,  2 nodes.
      Class space:        1.00 GB reserved,      22.75 MB (  2%) committed,  1 nodes.
             Both:        1.12 GB reserved,     136.75 MB ( 12%) committed. 

Chunk freelists:
   Non-Class:  13.56 MB
       Class:  9.25 MB
        Both:  22.81 MB

MaxMetaspaceSize: unlimited
CompressedClassSpaceSize: 1.00 GB
Initial GC threshold: 21.00 MB
Current GC threshold: 206.50 MB
CDS: on
 - commit_granule_bytes: 65536.
 - commit_granule_words: 8192.
 - virtual_space_node_default_size: 8388608.
 - enlarge_chunks_in_place: 1.
UseCompressedClassPointers 1, UseCompactObjectHeaders 0
Narrow klass pointer bits 32, Max shift 3
Narrow klass base: 0x000000009b000000, Narrow klass shift: 0
Encoding Range: [0x000000009b000000 - 0x000000019b000000), (4294967296 bytes)
Klass Range:    [0x000000009b010000 - 0x00000000dc000000), (1090453504 bytes)
Klass ID Range:  [65536 - 1090519033) (1090453497)
Protection zone: [0x000000009b000000 - 0x000000009b010000), (65536 bytes)


Internal statistics:

num_allocs_failed_limit: 14.
num_arena_births: 2838.
num_arena_deaths: 54.
num_vsnodes_births: 3.
num_vsnodes_deaths: 0.
num_space_committed: 2183.
num_space_uncommitted: 0.
num_chunks_returned_to_freelist: 92.
num_chunks_taken_from_freelist: 8409.
num_chunk_merges: 38.
num_chunk_splits: 5525.
num_chunks_enlarged: 4075.
num_inconsistent_stats: 0.

CodeHeap 'non-profiled nmethods': size=119232Kb used=12478Kb max_used=12478Kb free=106753Kb
 bounds [0x0000022cf2420000, 0x0000022cf3050000, 0x0000022cf9890000]
CodeHeap 'profiled nmethods': size=119104Kb used=26945Kb max_used=26945Kb free=92158Kb
 bounds [0x0000022cea890000, 0x0000022cec2f0000, 0x0000022cf1ce0000]
CodeHeap 'non-nmethods': size=7424Kb used=5273Kb max_used=5378Kb free=2150Kb
 bounds [0x0000022cf1ce0000, 0x0000022cf2230000, 0x0000022cf2420000]
CodeCache: size=245760Kb, used=44696Kb, max_used=44801Kb, free=201061Kb
 total_blobs=21176, nmethods=18512, adapters=2514, full_count=0
Compilation: enabled, stopped_count=0, restarted_count=0

Compilation events (20 events):
Event: 12.742 Thread 0x0000022c97c83db0 21607       3       net.minecraft.nbt.TagTypes::getType (23 bytes)
Event: 12.742 Thread 0x0000022c922ce9d0 21608       3       net.minecraft.nbt.CompoundTag$1::readString (28 bytes)
Event: 12.742 Thread 0x0000022c97c83db0 nmethod 21607 0x0000022cec1cc788 code [0x0000022cec1cc880, 0x0000022cec1ccaf0]
Event: 12.742 Thread 0x0000022c9221d070 21609   !   3       net.minecraft.nbt.CompoundTag::readNamedTagData (66 bytes)
Event: 12.742 Thread 0x0000022c922ce9d0 nmethod 21608 0x0000022cec1ccb08 code [0x0000022cec1ccc00, 0x0000022cec1cd098]
Event: 12.742 Thread 0x0000022c9221d070 nmethod 21609 0x0000022cec1cd108 code [0x0000022cec1cd200, 0x0000022cec1cd740]
Event: 12.744 Thread 0x0000022c9fc20e00 nmethod 21604 0x0000022cf2fba908 code [0x0000022cf2fbaa00, 0x0000022cf2fbb1e8]
Event: 12.744 Thread 0x0000022c922185d0 nmethod 21562 0x0000022cf2fbb208 code [0x0000022cf2fbb300, 0x0000022cf2fbc780]
Event: 12.745 Thread 0x0000022c922185d0 21610       4       net.minecraft.world.level.levelgen.BitRandomSource::nextInt (64 bytes)
Event: 12.745 Thread 0x0000022c922185d0 nmethod 21610 0x0000022cf2fbc808 code [0x0000022cf2fbc900, 0x0000022cf2fbcaf8]
Event: 12.746 Thread 0x0000022c922185d0 21611       4       net.minecraft.core.Holder$Reference::is (11 bytes)
Event: 12.746 Thread 0x0000022c9fc24670 21612       4       net.minecraft.world.level.biome.Climate::target (34 bytes)
Event: 12.746 Thread 0x0000022c9fc20e00 21613       4       net.minecraft.world.level.biome.MultiNoiseBiomeSource::getNoiseBiome (13 bytes)
Event: 12.747 Thread 0x0000022c9fc24670 nmethod 21612 0x0000022cf2fbcb08 code [0x0000022cf2fbcc20, 0x0000022cf2fbce60]
Event: 12.747 Thread 0x0000022c9fc24670 21614       4       net.minecraft.world.level.levelgen.DensityFunctions$YClampedGradient::compute (29 bytes)
Event: 12.748 Thread 0x0000022c9fc24670 nmethod 21614 0x0000022cf2fbce88 code [0x0000022cf2fbcfa0, 0x0000022cf2fbd170]
Event: 12.748 Thread 0x0000022c9fc24670 21615       4       net.minecraft.world.level.biome.Climate$Sampler::sample (109 bytes)
Event: 12.751 Thread 0x0000022c9fc24670 

Event: 12.751 Thread 0x0000022c9fc24670 

Event: 12.751 Thread 0x0000022c9fc24670 21618       4       net.minecraft.world.level.levelgen.DensityFunctions$Spline::compute (19 bytes)

GC Heap Usage History (20 events):
Event: 6.138 {heap Before GC invocations=22 (full 0):
 garbage-first heap   total reserved 16728064K, committed 327680K, used 290198K [0x0000000403000000, 0x0000000800000000)
  region size 8192K, 21 young (172032K), 3 survivors (24576K)
}
Event: 6.143 {heap After GC invocations=23 (full 0):
 garbage-first heap   total reserved 16728064K, committed 327680K, used 148044K [0x0000000403000000, 0x0000000800000000)
  region size 8192K, 1 young (8192K), 1 survivors (8192K)
}
Event: 6.482 {heap Before GC invocations=23 (full 0):
 garbage-first heap   total reserved 16728064K, committed 327680K, used 295500K [0x0000000403000000, 0x0000000800000000)
  region size 8192K, 19 young (155648K), 1 survivors (8192K)
}
Event: 6.486 {heap After GC invocations=24 (full 0):
 garbage-first heap   total reserved 16728064K, committed 327680K, used 149704K [0x0000000403000000, 0x0000000800000000)
  region size 8192K, 2 young (16384K), 2 survivors (16384K)
}
Event: 6.578 {heap Before GC invocations=24 (full 0):
 garbage-first heap   total reserved 16728064K, committed 327680K, used 280776K [0x0000000403000000, 0x0000000800000000)
  region size 8192K, 19 young (155648K), 2 survivors (16384K)
}
Event: 6.586 {heap After GC invocations=25 (full 0):
 garbage-first heap   total reserved 16728064K, committed 393216K, used 186909K [0x0000000403000000, 0x0000000800000000)
  region size 8192K, 3 young (24576K), 3 survivors (24576K)
}
Event: 6.660 {heap Before GC invocations=26 (full 0):
 garbage-first heap   total reserved 16728064K, committed 393216K, used 350749K [0x0000000403000000, 0x0000000800000000)
  region size 8192K, 23 young (188416K), 3 survivors (24576K)
}
Event: 6.668 {heap After GC invocations=27 (full 0):
 garbage-first heap   total reserved 16728064K, committed 401408K, used 192056K [0x0000000403000000, 0x0000000800000000)
  region size 8192K, 3 young (24576K), 3 survivors (24576K)
}
Event: 6.736 {heap Before GC invocations=27 (full 0):
 garbage-first heap   total reserved 16728064K, committed 401408K, used 339512K [0x0000000403000000, 0x0000000800000000)
  region size 8192K, 22 young (180224K), 3 survivors (24576K)
}
Event: 6.741 {heap After GC invocations=28 (full 0):
 garbage-first heap   total reserved 16728064K, committed 401408K, used 204963K [0x0000000403000000, 0x0000000800000000)
  region size 8192K, 3 young (24576K), 3 survivors (24576K)
}
Event: 6.808 {heap Before GC invocations=29 (full 0):
 garbage-first heap   total reserved 16728064K, committed 401408K, used 336035K [0x0000000403000000, 0x0000000800000000)
  region size 8192K, 20 young (163840K), 3 survivors (24576K)
}
Event: 6.812 {heap After GC invocations=30 (full 0):
 garbage-first heap   total reserved 16728064K, committed 401408K, used 211113K [0x0000000403000000, 0x0000000800000000)
  region size 8192K, 1 young (8192K), 1 survivors (8192K)
}
Event: 6.998 {heap Before GC invocations=30 (full 0):
 garbage-first heap   total reserved 16728064K, committed 401408K, used 350377K [0x0000000403000000, 0x0000000800000000)
  region size 8192K, 19 young (155648K), 1 survivors (8192K)
}
Event: 7.004 {heap After GC invocations=31 (full 0):
 garbage-first heap   total reserved 16728064K, committed 401408K, used 219093K [0x0000000403000000, 0x0000000800000000)
  region size 8192K, 3 young (24576K), 3 survivors (24576K)
}
Event: 7.421 {heap Before GC invocations=31 (full 0):
 garbage-first heap   total reserved 16728064K, committed 401408K, used 341973K [0x0000000403000000, 0x0000000800000000)
  region size 8192K, 19 young (155648K), 3 survivors (24576K)
}
Event: 7.428 {heap After GC invocations=32 (full 0):
 garbage-first heap   total reserved 16728064K, committed 409600K, used 241643K [0x0000000403000000, 0x0000000800000000)
  region size 8192K, 3 young (24576K), 3 survivors (24576K)
}
Event: 11.766 {heap Before GC invocations=32 (full 0):
 garbage-first heap   total reserved 16728064K, committed 409600K, used 356331K [0x0000000403000000, 0x0000000800000000)
  region size 8192K, 17 young (139264K), 3 survivors (24576K)
}
Event: 11.771 {heap After GC invocations=33 (full 0):
 garbage-first heap   total reserved 16728064K, committed 860160K, used 254278K [0x0000000403000000, 0x0000000800000000)
  region size 8192K, 2 young (16384K), 2 survivors (16384K)
}
Event: 12.371 {heap Before GC invocations=34 (full 0):
 garbage-first heap   total reserved 16728064K, committed 860160K, used 721222K [0x0000000403000000, 0x0000000800000000)
  region size 8192K, 60 young (491520K), 2 survivors (16384K)
}
Event: 12.376 {heap After GC invocations=35 (full 0):
 garbage-first heap   total reserved 16728064K, committed 860160K, used 267916K [0x0000000403000000, 0x0000000800000000)
  region size 8192K, 3 young (24576K), 3 survivors (24576K)
}

Metaspace Usage History (20 events):
Event: 6.138 {metaspace Before GC invocations=22 (full 0):
 Metaspace       used 104860K, committed 106176K, reserved 1179648K
  class space    used 16973K, committed 17536K, reserved 1048576K
}
Event: 6.143 {metaspace After GC invocations=23 (full 0):
 Metaspace       used 104860K, committed 106176K, reserved 1179648K
  class space    used 16973K, committed 17536K, reserved 1048576K
}
Event: 6.482 {metaspace Before GC invocations=23 (full 0):
 Metaspace       used 110925K, committed 112448K, reserved 1179648K
  class space    used 17962K, committed 18560K, reserved 1048576K
}
Event: 6.486 {metaspace After GC invocations=24 (full 0):
 Metaspace       used 110925K, committed 112448K, reserved 1179648K
  class space    used 17962K, committed 18560K, reserved 1048576K
}
Event: 6.578 {metaspace Before GC invocations=24 (full 0):
 Metaspace       used 114092K, committed 115648K, reserved 1179648K
  class space    used 18513K, committed 19200K, reserved 1048576K
}
Event: 6.586 {metaspace After GC invocations=25 (full 0):
 Metaspace       used 114092K, committed 115648K, reserved 1179648K
  class space    used 18513K, committed 19200K, reserved 1048576K
}
Event: 6.660 {metaspace Before GC invocations=26 (full 0):
 Metaspace       used 116228K, committed 117760K, reserved 1179648K
  class space    used 18884K, committed 19520K, reserved 1048576K
}
Event: 6.668 {metaspace After GC invocations=27 (full 0):
 Metaspace       used 116228K, committed 117760K, reserved 1179648K
  class space    used 18884K, committed 19520K, reserved 1048576K
}
Event: 6.736 {metaspace Before GC invocations=27 (full 0):
 Metaspace       used 117450K, committed 119040K, reserved 1179648K
  class space    used 19005K, committed 19648K, reserved 1048576K
}
Event: 6.741 {metaspace After GC invocations=28 (full 0):
 Metaspace       used 117450K, committed 119040K, reserved 1179648K
  class space    used 19005K, committed 19648K, reserved 1048576K
}
Event: 6.808 {metaspace Before GC invocations=29 (full 0):
 Metaspace       used 117922K, committed 119488K, reserved 1179648K
  class space    used 19063K, committed 19712K, reserved 1048576K
}
Event: 6.812 {metaspace After GC invocations=30 (full 0):
 Metaspace       used 117922K, committed 119488K, reserved 1179648K
  class space    used 19063K, committed 19712K, reserved 1048576K
}
Event: 6.998 {metaspace Before GC invocations=30 (full 0):
 Metaspace       used 118970K, committed 120512K, reserved 1179648K
  class space    used 19231K, committed 19904K, reserved 1048576K
}
Event: 7.004 {metaspace After GC invocations=31 (full 0):
 Metaspace       used 118970K, committed 120512K, reserved 1179648K
  class space    used 19231K, committed 19904K, reserved 1048576K
}
Event: 7.421 {metaspace Before GC invocations=31 (full 0):
 Metaspace       used 120567K, committed 122240K, reserved 1179648K
  class space    used 19513K, committed 20224K, reserved 1048576K
}
Event: 7.428 {metaspace After GC invocations=32 (full 0):
 Metaspace       used 120567K, committed 122240K, reserved 1179648K
  class space    used 19513K, committed 20224K, reserved 1048576K
}
Event: 11.766 {metaspace Before GC invocations=32 (full 0):
 Metaspace       used 124768K, committed 126464K, reserved 1179648K
  class space    used 20149K, committed 20864K, reserved 1048576K
}
Event: 11.771 {metaspace After GC invocations=33 (full 0):
 Metaspace       used 124768K, committed 126464K, reserved 1179648K
  class space    used 20149K, committed 20864K, reserved 1048576K
}
Event: 12.371 {metaspace Before GC invocations=34 (full 0):
 Metaspace       used 131533K, committed 133312K, reserved 1179648K
  class space    used 21478K, committed 22208K, reserved 1048576K
}
Event: 12.376 {metaspace After GC invocations=35 (full 0):
 Metaspace       used 131533K, committed 133312K, reserved 1179648K
  class space    used 21478K, committed 22208K, reserved 1048576K
}

Dll operation events (16 events):
Event: 0.094 Loaded shared library C:\Program Files\Java\jdk-25.0.3\bin\java.dll
Event: 0.094 Loaded shared library C:\Program Files\Java\jdk-25.0.3\bin\zip.dll
Event: 0.176 Loaded shared library C:\Program Files\Java\jdk-25.0.3\bin\instrument.dll
Event: 0.181 Loaded shared library C:\Program Files\Java\jdk-25.0.3\bin\net.dll
Event: 0.181 Loaded shared library C:\Program Files\Java\jdk-25.0.3\bin\nio.dll
Event: 0.202 Loaded shared library C:\Program Files\Java\jdk-25.0.3\bin\verify.dll
Event: 0.223 Loaded shared library C:\Program Files\Java\jdk-25.0.3\bin\zip.dll
Event: 0.281 Loaded shared library C:\Program Files\Java\jdk-25.0.3\bin\jimage.dll
Event: 0.539 Loaded shared library C:\Program Files\Java\jdk-25.0.3\bin\management.dll
Event: 0.540 Loaded shared library C:\Program Files\Java\jdk-25.0.3\bin\management_ext.dll
Event: 2.006 Loaded shared library C:\Users\Owner\AppData\Local\Temp\jna--823301853\jna1290443529390868575.dll
Event: 5.172 Loaded shared library C:\Program Files\Java\jdk-25.0.3\bin\sunmscapi.dll
Event: 5.239 Loaded shared library C:\Program Files\Java\jdk-25.0.3\bin\extnet.dll
Event: 5.598 Loaded shared library C:\Users\Owner\AppData\Local\Temp\lwjgl_LichtMeilleur\3.4.1-snapshot\x64\lwjgl.dll
Event: 5.962 Loaded shared library C:\Users\Owner\AppData\Local\Temp\lwjgl_LichtMeilleur\3.4.1-snapshot\x64\lwjgl_opengl.dll
Event: 6.069 Loaded shared library C:\Users\Owner\AppData\Local\Temp\lwjgl_LichtMeilleur\3.4.1-snapshot\x64\lwjgl_stb.dll

Deoptimization events (20 events):
Event: 12.709 Thread 0x0000022ca878e980 Uncommon trap: reason=predicate action=maybe_recompile pc=0x0000022cf29f1578 method=net.minecraft.util.Mth.binarySearch(IILjava/util/function/IntPredicate;)I @ 5 c2
Event: 12.709 Thread 0x0000022ca878e980 DEOPT PACKING pc=0x0000022cf29f1578 sp=0x000000402d8febc0
Event: 12.709 Thread 0x0000022ca2eebc00 DEOPT UNPACKING pc=0x0000022cf1e10f02 sp=0x000000402edfe798 mode 2
Event: 12.709 Thread 0x0000022ca878e980 DEOPT UNPACKING pc=0x0000022cf1e10f02 sp=0x000000402d8feb98 mode 2
Event: 12.731 Thread 0x0000022ca877c870 DEOPT PACKING pc=0x0000022ceaa082cc sp=0x000000402f6feb30
Event: 12.731 Thread 0x0000022ca877c870 DEOPT UNPACKING pc=0x0000022cf1d31702 sp=0x000000402f6fdff8 mode 1
Event: 12.731 Thread 0x0000022ca877c870 DEOPT PACKING pc=0x0000022cead357c4 sp=0x000000402f6febc0
Event: 12.731 Thread 0x0000022ca877c870 DEOPT UNPACKING pc=0x0000022cf1d31702 sp=0x000000402f6fe140 mode 1
Event: 12.731 Thread 0x0000022ca877c870 DEOPT PACKING pc=0x0000022ceade1744 sp=0x000000402f6fed30
Event: 12.731 Thread 0x0000022ca877c870 DEOPT UNPACKING pc=0x0000022cf1d31702 sp=0x000000402f6fe250 mode 1
Event: 12.731 Thread 0x0000022ca877c870 DEOPT PACKING pc=0x0000022ceb9cf774 sp=0x000000402f6fee40
Event: 12.731 Thread 0x0000022ca877c870 DEOPT UNPACKING pc=0x0000022cf1d31702 sp=0x000000402f6fe2f8 mode 1
Event: 12.741 Thread 0x0000022ca877c870 Uncommon trap: trap_request=0xffffff45 fr.pc=0x0000022cf26757f0 relative=0x0000000000000d70
Event: 12.741 Thread 0x0000022ca877c870 Uncommon trap: reason=unstable_if action=reinterpret pc=0x0000022cf26757f0 method=java.lang.String.getChars(II[CI)V @ 24 c2
Event: 12.741 Thread 0x0000022ca877c870 DEOPT PACKING pc=0x0000022cf26757f0 sp=0x000000402f6feef0
Event: 12.741 Thread 0x0000022ca877c870 DEOPT UNPACKING pc=0x0000022cf1e10f02 sp=0x000000402f6fee78 mode 2
Event: 12.741 Thread 0x0000022ca877c870 Uncommon trap: trap_request=0xffffff45 fr.pc=0x0000022cf2647298 relative=0x0000000000000298
Event: 12.741 Thread 0x0000022ca877c870 Uncommon trap: reason=unstable_if action=reinterpret pc=0x0000022cf2647298 method=java.lang.String.indexOf(I)I @ 4 c2
Event: 12.741 Thread 0x0000022ca877c870 DEOPT PACKING pc=0x0000022cf2647298 sp=0x000000402f6fef10
Event: 12.741 Thread 0x0000022ca877c870 DEOPT UNPACKING pc=0x0000022cf1e10f02 sp=0x000000402f6fee50 mode 2

Classes loaded (20 events):
Event: 12.739 Loading class net/minecraft/world/Stopwatches
Event: 12.739 Loading class net/minecraft/world/Stopwatches done
Event: 12.739 Loading class net/minecraft/world/Stopwatches
Event: 12.739 Loading class net/minecraft/world/Stopwatches done
Event: 12.740 Loading class net/minecraft/world/Stopwatches
Event: 12.740 Loading class net/minecraft/world/Stopwatches done
Event: 12.740 Loading class net/minecraft/world/Stopwatches
Event: 12.740 Loading class net/minecraft/world/Stopwatches done
Event: 12.740 Loading class net/minecraft/resources/Identifier
Event: 12.740 Loading class net/minecraft/resources/Identifier done
Event: 12.742 Loading class net/minecraft/world/level/storage/PlayerDataStorage
Event: 12.742 Loading class net/minecraft/world/level/storage/PlayerDataStorage done
Event: 12.742 Loading class net/minecraft/server/players/NameAndId
Event: 12.742 Loading class net/minecraft/server/players/NameAndId done
Event: 12.742 Loading class net/minecraft/world/level/storage/PlayerDataStorage
Event: 12.742 Loading class net/minecraft/world/level/storage/PlayerDataStorage done
Event: 12.742 Loading class net/minecraft/nbt/CompoundTag
Event: 12.742 Loading class net/minecraft/nbt/CompoundTag done
Event: 12.742 Loading class net/minecraft/nbt/CompoundTag
Event: 12.742 Loading class net/minecraft/nbt/CompoundTag done

Classes unloaded (20 events):
Event: 11.820 Thread 0x0000022c921e8d70 Unloading class 0x000000009d35c000 'java/lang/invoke/LambdaForm$DMH+0x000000009d35c000'
Event: 11.820 Thread 0x0000022c921e8d70 Unloading class 0x000000009d35bc00 'java/lang/invoke/LambdaForm$DMH+0x000000009d35bc00'
Event: 11.820 Thread 0x0000022c921e8d70 Unloading class 0x000000009d35b800 'java/lang/invoke/LambdaForm$DMH+0x000000009d35b800'
Event: 11.820 Thread 0x0000022c921e8d70 Unloading class 0x000000009d35b400 'java/lang/invoke/LambdaForm$DMH+0x000000009d35b400'
Event: 11.820 Thread 0x0000022c921e8d70 Unloading class 0x000000009d35b000 'java/lang/invoke/LambdaForm$DMH+0x000000009d35b000'
Event: 11.820 Thread 0x0000022c921e8d70 Unloading class 0x000000009d35ac00 'java/lang/invoke/LambdaForm$DMH+0x000000009d35ac00'
Event: 11.820 Thread 0x0000022c921e8d70 Unloading class 0x000000009d35a800 'java/lang/invoke/LambdaForm$DMH+0x000000009d35a800'
Event: 11.820 Thread 0x0000022c921e8d70 Unloading class 0x000000009d35a400 'java/lang/invoke/LambdaForm$DMH+0x000000009d35a400'
Event: 11.820 Thread 0x0000022c921e8d70 Unloading class 0x000000009d35a000 'java/lang/invoke/LambdaForm$DMH+0x000000009d35a000'
Event: 11.820 Thread 0x0000022c921e8d70 Unloading class 0x000000009d359c00 'java/lang/invoke/LambdaForm$DMH+0x000000009d359c00'
Event: 11.820 Thread 0x0000022c921e8d70 Unloading class 0x000000009d359800 'java/lang/invoke/LambdaForm$DMH+0x000000009d359800'
Event: 11.820 Thread 0x0000022c921e8d70 Unloading class 0x000000009d359000 'java/lang/invoke/LambdaForm$DMH+0x000000009d359000'
Event: 11.820 Thread 0x0000022c921e8d70 Unloading class 0x000000009d358400 'java/lang/invoke/LambdaForm$DMH+0x000000009d358400'
Event: 11.820 Thread 0x0000022c921e8d70 Unloading class 0x000000009d358000 'java/lang/invoke/LambdaForm$DMH+0x000000009d358000'
Event: 11.820 Thread 0x0000022c921e8d70 Unloading class 0x000000009d358c00 'java/lang/invoke/LambdaForm$DMH+0x000000009d358c00'
Event: 11.820 Thread 0x0000022c921e8d70 Unloading class 0x000000009d359400 'java/lang/invoke/LambdaForm$DMH+0x000000009d359400'
Event: 11.820 Thread 0x0000022c921e8d70 Unloading class 0x000000009d2f9000 'java/lang/invoke/LambdaForm$MH+0x000000009d2f9000'
Event: 11.820 Thread 0x0000022c921e8d70 Unloading class 0x000000009d2f8800 'java/lang/invoke/LambdaForm$DMH+0x000000009d2f8800'
Event: 11.820 Thread 0x0000022c921e8d70 Unloading class 0x000000009d2f8000 'java/lang/invoke/LambdaForm$DMH+0x000000009d2f8000'
Event: 11.820 Thread 0x0000022c921e8d70 Unloading class 0x000000009d2f4c00 'java/lang/invoke/LambdaForm$DMH+0x000000009d2f4c00'

Classes redefined (1 events):
Event: 0.208 Thread 0x0000022c921e8d70 redefined class name=java.lang.Throwable, count=1

Internal exceptions (20 events):
Event: 12.471 Thread 0x0000022ce200b160 Exception <a 'sun/nio/fs/WindowsException'{0x0000000431783bb0}> (0x0000000431783bb0) 
thrown [s\open\src\hotspot\share\prims\jni.cpp, line 516]
Event: 12.471 Thread 0x0000022ce200b160 Exception <a 'sun/nio/fs/WindowsException'{0x000000043178f470}> (0x000000043178f470) 
thrown [s\open\src\hotspot\share\prims\jni.cpp, line 516]
Event: 12.471 Thread 0x0000022ce200b160 Exception <a 'sun/nio/fs/WindowsException'{0x000000043178f5d8}> (0x000000043178f5d8) 
thrown [s\open\src\hotspot\share\prims\jni.cpp, line 516]
Event: 12.471 Thread 0x0000022ce200b160 Exception <a 'sun/nio/fs/WindowsException'{0x0000000431790070}> (0x0000000431790070) 
thrown [s\open\src\hotspot\share\prims\jni.cpp, line 516]
Event: 12.563 Thread 0x0000022ce200b160 Exception <a 'java/lang/NoSuchMethodError'{0x000000042f5fda00}: 'java.lang.Object java.lang.invoke.DirectMethodHandle$Holder.newInvokeSpecial(java.lang.Object, long, java.lang.Object, java.lang.Object)'> (0x000000042f5fda00) 
thrown [s\open\src\hotspot\share\interpreter\linkResolver.cpp, line 804]
Event: 12.570 Thread 0x0000022ce200b160 Exception <a 'sun/nio/fs/WindowsException'{0x000000042e8f48f8}> (0x000000042e8f48f8) 
thrown [s\open\src\hotspot\share\prims\jni.cpp, line 516]
Event: 12.620 Thread 0x0000022ca877c870 Exception <a 'java/lang/NoSuchMethodError'{0x000000042e79fdb0}: 'int java.lang.invoke.DirectMethodHandle$Holder.invokeVirtual(java.lang.Object, java.lang.Object, long)'> (0x000000042e79fdb0) 
thrown [s\open\src\hotspot\share\interpreter\linkResolver.cpp, line 804]
Event: 12.635 Thread 0x0000022ca877c870 Exception <a 'sun/nio/fs/WindowsException'{0x000000042dbb0480}> (0x000000042dbb0480) 
thrown [s\open\src\hotspot\share\prims\jni.cpp, line 516]
Event: 12.636 Thread 0x0000022ca877c870 Exception <a 'java/lang/NoSuchMethodError'{0x000000042dc15640}: 'java.lang.Object java.lang.invoke.DirectMethodHandle$Holder.newInvokeSpecial(java.lang.Object, java.lang.Object, int, long)'> (0x000000042dc15640) 
thrown [s\open\src\hotspot\share\interpreter\linkResolver.cpp, line 804]
Event: 12.699 Thread 0x0000022ca877c870 Exception <a 'java/lang/NoSuchMethodError'{0x000000042cc90e18}: 'void java.lang.invoke.DirectMethodHandle$Holder.invokeVirtual(java.lang.Object, java.lang.Object, long, int, int)'> (0x000000042cc90e18) 
thrown [s\open\src\hotspot\share\interpreter\linkResolver.cpp, line 804]
Event: 12.708 Thread 0x0000022ca2edaa90 Exception <a 'java/lang/NoSuchMethodError'{0x000000042c34ef38}: 'int java.lang.invoke.DirectMethodHandle$Holder.invokeStatic(java.lang.Object, float, java.lang.Object, int)'> (0x000000042c34ef38) 
thrown [s\open\src\hotspot\share\interpreter\linkResolver.cpp, line 804]
Event: 12.708 Thread 0x0000022ca2edd1a0 Exception <a 'java/lang/NoSuchMethodError'{0x000000042c007be8}: 'int java.lang.invoke.DirectMethodHandle$Holder.invokeStatic(java.lang.Object, float, java.lang.Object, int)'> (0x000000042c007be8) 
thrown [s\open\src\hotspot\share\interpreter\linkResolver.cpp, line 804]
Event: 12.708 Thread 0x0000022ca02713c0 Exception <a 'java/lang/NoSuchMethodError'{0x000000042c1e9e78}: 'int java.lang.invoke.DirectMethodHandle$Holder.invokeStatic(java.lang.Object, float, java.lang.Object, int)'> (0x000000042c1e9e78) 
thrown [s\open\src\hotspot\share\interpreter\linkResolver.cpp, line 804]
Event: 12.709 Thread 0x0000022ca026ecb0 Exception <a 'java/lang/NoSuchMethodError'{0x000000042c5d0bd0}: 'long java.lang.invoke.DirectMethodHandle$Holder.invokeVirtual(java.lang.Object, java.lang.Object, java.lang.Object)'> (0x000000042c5d0bd0) 
thrown [s\open\src\hotspot\share\interpreter\linkResolver.cpp, line 804]
Event: 12.709 Thread 0x0000022ca2edd1a0 Exception <a 'java/lang/NoSuchMethodError'{0x000000042c0171b0}: 'long java.lang.invoke.DirectMethodHandle$Holder.invokeVirtual(java.lang.Object, java.lang.Object, java.lang.Object)'> (0x000000042c0171b0) 
thrown [s\open\src\hotspot\share\interpreter\linkResolver.cpp, line 804]
Event: 12.727 Thread 0x0000022ca877c870 Exception <a 'java/lang/NoSuchMethodError'{0x000000042be0a358}: 'java.lang.Object java.lang.invoke.DirectMethodHandle$Holder.invokeStatic(java.lang.Object, float, java.lang.Object, java.lang.Object)'> (0x000000042be0a358) 
thrown [s\open\src\hotspot\share\interpreter\linkResolver.cpp, line 804]
Event: 12.730 Thread 0x0000022ca877c870 Exception <a 'java/lang/NoSuchMethodError'{0x000000042bedf6a8}: 'java.lang.Object java.lang.invoke.DirectMethodHandle$Holder.invokeStatic(java.lang.Object, java.lang.Object, java.lang.Object, java.lang.Object, java.lang.Object, java.lang.Object, int)'> (0x000000042bedf6a8) 
thrown [s\open\src\hotspot\share\interpreter\linkResolver.cpp, line 804]
Event: 12.731 Thread 0x0000022ca877c870 Exception <a 'sun/nio/fs/WindowsException'{0x000000042bf2dab8}> (0x000000042bf2dab8) 
thrown [s\open\src\hotspot\share\prims\jni.cpp, line 516]
Event: 12.733 Thread 0x0000022ca877c870 Exception <a 'java/lang/NoSuchMethodError'{0x000000042bfc7950}: 'java.lang.Object java.lang.invoke.DirectMethodHandle$Holder.newInvokeSpecial(java.lang.Object, java.lang.Object, java.lang.Object, java.lang.Object, java.lang.Object, int, java.lang.Object)'> (0x000000042bfc7950) 
thrown [s\open\src\hotspot\share\interpreter\linkResolver.cpp, line 804]
Event: 12.740 Thread 0x0000022ca877c870 Exception <a 'java/lang/NoSuchMethodError'{0x000000042b1ebc30}: 'java.lang.Object java.lang.invoke.Invokers$Holder.linkToTargetMethod(java.lang.Object, long, java.lang.Object)'> (0x000000042b1ebc30) 
thrown [s\open\src\hotspot\share\interpreter\linkResolver.cpp, line 804]

VM Operations (20 events):
Event: 11.851 Executing non-safepoint VM operation: HandshakeAllThreads (Deoptimize) done
Event: 12.141 Executing non-safepoint VM operation: HandshakeAllThreads (Deoptimize)
Event: 12.141 Executing non-safepoint VM operation: HandshakeAllThreads (Deoptimize) done
Event: 12.371 Executing safepoint VM operation: G1CollectForAllocation (G1 Evacuation Pause)
Event: 12.376 Executing safepoint VM operation: G1CollectForAllocation (G1 Evacuation Pause) done
Event: 12.431 Executing non-safepoint VM operation: HandshakeAllThreads (Deoptimize)
Event: 12.431 Executing non-safepoint VM operation: HandshakeAllThreads (Deoptimize) done
Event: 12.434 Executing non-safepoint VM operation: HandshakeAllThreads (Deoptimize)
Event: 12.434 Executing non-safepoint VM operation: HandshakeAllThreads (Deoptimize) done
Event: 12.512 Executing non-safepoint VM operation: HandshakeAllThreads (Deoptimize)
Event: 12.512 Executing non-safepoint VM operation: HandshakeAllThreads (Deoptimize) done
Event: 12.516 Executing non-safepoint VM operation: HandshakeAllThreads (Deoptimize)
Event: 12.516 Executing non-safepoint VM operation: HandshakeAllThreads (Deoptimize) done
Event: 12.517 Executing non-safepoint VM operation: HandshakeAllThreads (Deoptimize)
Event: 12.517 Executing non-safepoint VM operation: HandshakeAllThreads (Deoptimize) done
Event: 12.616 Executing non-safepoint VM operation: HandshakeAllThreads (Deoptimize)
Event: 12.617 Executing non-safepoint VM operation: HandshakeAllThreads (Deoptimize) done
Event: 12.685 Executing non-safepoint VM operation: HandshakeAllThreads (Deoptimize)
Event: 12.685 Executing non-safepoint VM operation: HandshakeAllThreads (Deoptimize) done
Event: 12.744 Executing non-safepoint VM operation: HandshakeAllThreads (Deoptimize)

Memory protections (0 events):
No events

Nmethod flushes (20 events):
Event: 11.829 Thread 0x0000022c921e8d70 flushing  nmethod 0x0000022cebb82508
Event: 11.829 Thread 0x0000022c921e8d70 flushing  nmethod 0x0000022cebb83b08
Event: 11.829 Thread 0x0000022c921e8d70 flushing  nmethod 0x0000022cebb84408
Event: 11.829 Thread 0x0000022c921e8d70 flushing  nmethod 0x0000022cebb84788
Event: 11.829 Thread 0x0000022c921e8d70 flushing  nmethod 0x0000022cebb84a88
Event: 11.829 Thread 0x0000022c921e8d70 flushing  nmethod 0x0000022cebb84d88
Event: 11.829 Thread 0x0000022c921e8d70 flushing  nmethod 0x0000022cebb86088
Event: 11.829 Thread 0x0000022c921e8d70 flushing  nmethod 0x0000022cebb9e688
Event: 11.829 Thread 0x0000022c921e8d70 flushing  nmethod 0x0000022cebb9ec88
Event: 11.829 Thread 0x0000022c921e8d70 flushing  nmethod 0x0000022cebb9f908
Event: 11.829 Thread 0x0000022c921e8d70 flushing  nmethod 0x0000022cebbb6208
Event: 11.829 Thread 0x0000022c921e8d70 flushing  nmethod 0x0000022cebbb6b08
Event: 11.829 Thread 0x0000022c921e8d70 flushing  nmethod 0x0000022cebbb7108
Event: 11.829 Thread 0x0000022c921e8d70 flushing  nmethod 0x0000022cebbb7508
Event: 11.829 Thread 0x0000022c921e8d70 flushing  nmethod 0x0000022cebbb7808
Event: 11.829 Thread 0x0000022c921e8d70 flushing  nmethod 0x0000022cebbb7b08
Event: 11.829 Thread 0x0000022c921e8d70 flushing  nmethod 0x0000022cebbb8108
Event: 11.829 Thread 0x0000022c921e8d70 flushing  nmethod 0x0000022cebbbad08
Event: 11.829 Thread 0x0000022c921e8d70 flushing  nmethod 0x0000022cebbbb908
Event: 11.829 Thread 0x0000022c921e8d70 flushing  nmethod 0x0000022cebbbbc08

Events (20 events):
Event: 7.809 Thread 0x0000022c97c845c0 Thread exited: 0x0000022c97c845c0
Event: 7.959 Thread 0x0000022c922cb160 Thread exited: 0x0000022c922cb160
Event: 9.550 Thread 0x0000022c922185d0 Thread added: 0x0000022ca7826a30
Event: 9.671 Thread 0x0000022c922185d0 Thread added: 0x0000022ca782aab0
Event: 9.799 Thread 0x0000022ca782aab0 Thread exited: 0x0000022ca782aab0
Event: 10.268 Thread 0x0000022ca7826a30 Thread exited: 0x0000022ca7826a30
Event: 10.341 Thread 0x0000022c9221d070 Thread added: 0x0000022ca8bd2140
Event: 10.342 Thread 0x0000022c922ce1c0 Thread added: 0x0000022ca8bd79f0
Event: 10.593 Thread 0x0000022ca8bd79f0 Thread exited: 0x0000022ca8bd79f0
Event: 10.896 Thread 0x0000022ca8bd2140 Thread exited: 0x0000022ca8bd2140
Event: 11.721 Thread 0x0000022c922ce1c0 Thread added: 0x0000022c9fc1e5b0
Event: 11.723 Thread 0x0000022c922185d0 Thread added: 0x0000022c9fc22630
Event: 11.730 Thread 0x0000022c922ce9d0 Thread added: 0x0000022c9fc1f5d0
Event: 11.730 Thread 0x0000022c922ce9d0 Thread added: 0x0000022c9fc20e00
Event: 11.736 Thread 0x0000022c9221d070 Thread added: 0x0000022c9fc205f0
Event: 11.736 Thread 0x0000022c9221d070 Thread added: 0x0000022c9fc1edc0
Event: 11.862 Thread 0x0000022c922ce9d0 Thread added: 0x0000022c9fc24670
Event: 12.427 Thread 0x0000022ca877c870 Thread exited: 0x0000022ca877c870
Event: 12.428 Thread 0x0000022ce200b160 Thread added: 0x0000022ca2ef5840
Event: 12.574 Thread 0x0000022ce200b160 Thread added: 0x0000022ca877c870


Dynamic libraries:
0x00007ff613b00000 - 0x00007ff613b10000 	C:\Program Files\Java\jdk-25.0.3\bin\java.exe
0x00007ffda3b00000 - 0x00007ffda3d66000 	C:\WINDOWS\SYSTEM32\ntdll.dll
0x00007ffd62620000 - 0x00007ffd62641000 	C:\Program Files\Norton\Suite\aswhook.dll
0x00007ffda1c10000 - 0x00007ffda1cd9000 	C:\WINDOWS\System32\KERNEL32.DLL
0x00007ffda1190000 - 0x00007ffda158a000 	C:\WINDOWS\System32\KERNELBASE.dll
0x00007ffda0ee0000 - 0x00007ffda102c000 	C:\WINDOWS\System32\ucrtbase.dll
0x00007ffd827a0000 - 0x00007ffd827b7000 	C:\Program Files\Java\jdk-25.0.3\bin\jli.dll
0x00007ffd82700000 - 0x00007ffd8271e000 	C:\Program Files\Java\jdk-25.0.3\bin\VCRUNTIME140.dll
0x00007ffda1870000 - 0x00007ffda1a37000 	C:\WINDOWS\System32\USER32.dll
0x00007ffd78a10000 - 0x00007ffd78ca2000 	C:\WINDOWS\WinSxS\amd64_microsoft.windows.common-controls_6595b64144ccf1df_6.0.26100.8521_none_3e08b75ce33403b3\COMCTL32.dll
0x00007ffda1590000 - 0x00007ffda15b7000 	C:\WINDOWS\System32\win32u.dll
0x00007ffda2c00000 - 0x00007ffda2ca9000 	C:\WINDOWS\System32\msvcrt.dll
0x00007ffda2150000 - 0x00007ffda217b000 	C:\WINDOWS\System32\GDI32.dll
0x00007ffda15c0000 - 0x00007ffda16eb000 	C:\WINDOWS\System32\gdi32full.dll
0x00007ffda1030000 - 0x00007ffda10d3000 	C:\WINDOWS\System32\msvcp_win.dll
0x00007ffda20c0000 - 0x00007ffda20f2000 	C:\WINDOWS\System32\IMM32.DLL
0x00007ffd9de40000 - 0x00007ffd9de4c000 	C:\Program Files\Java\jdk-25.0.3\bin\vcruntime140_1.dll
0x00007ffd7b080000 - 0x00007ffd7b10d000 	C:\Program Files\Java\jdk-25.0.3\bin\msvcp140.dll
0x00007ffcdf2c0000 - 0x00007ffce0120000 	C:\Program Files\Java\jdk-25.0.3\bin\server\jvm.dll
0x00007ffda3a00000 - 0x00007ffda3ab6000 	C:\WINDOWS\System32\ADVAPI32.dll
0x00007ffda1f30000 - 0x00007ffda1fda000 	C:\WINDOWS\System32\sechost.dll
0x00007ffda2ae0000 - 0x00007ffda2bf8000 	C:\WINDOWS\System32\RPCRT4.dll
0x00007ffda1e20000 - 0x00007ffda1ea0000 	C:\WINDOWS\System32\WS2_32.dll
0x00007ffd99530000 - 0x00007ffd9953b000 	C:\WINDOWS\SYSTEM32\VERSION.dll
0x00007ffda0980000 - 0x00007ffda09de000 	C:\WINDOWS\SYSTEM32\POWRPROF.dll
0x00007ffd92140000 - 0x00007ffd92176000 	C:\WINDOWS\SYSTEM32\WINMM.dll
0x00007ffda07a0000 - 0x00007ffda07b4000 	C:\WINDOWS\SYSTEM32\UMPDC.dll
0x00007ffd9fb20000 - 0x00007ffd9fb3b000 	C:\WINDOWS\SYSTEM32\kernel.appcore.dll
0x00007ffd87090000 - 0x00007ffd8709a000 	C:\Program Files\Java\jdk-25.0.3\bin\jimage.dll
0x00007ffd92510000 - 0x00007ffd92752000 	C:\WINDOWS\SYSTEM32\DBGHELP.DLL
0x00007ffda2e90000 - 0x00007ffda3213000 	C:\WINDOWS\System32\combase.dll
0x00007ffda1fe0000 - 0x00007ffda20b9000 	C:\WINDOWS\System32\OLEAUT32.dll
0x00007ffd92480000 - 0x00007ffd924bb000 	C:\WINDOWS\SYSTEM32\dbgcore.DLL
0x00007ffda10e0000 - 0x00007ffda1188000 	C:\WINDOWS\System32\bcryptPrimitives.dll
0x00007ffd7b2b0000 - 0x00007ffd7b2ed000 	C:\Program Files\Java\jdk-25.0.3\bin\jdwp.dll
0x00007ffd87050000 - 0x00007ffd87060000 	C:\Program Files\Java\jdk-25.0.3\bin\instrument.dll
0x00007ffd7c020000 - 0x00007ffd7c03f000 	C:\Program Files\Java\jdk-25.0.3\bin\java.dll
0x00007ffda2cb0000 - 0x00007ffda2e48000 	C:\WINDOWS\System32\ole32.dll
0x00007ffda2290000 - 0x00007ffda2a14000 	C:\WINDOWS\System32\SHELL32.dll
0x00007ffd7b290000 - 0x00007ffd7b2a7000 	C:\Program Files\Java\jdk-25.0.3\bin\zip.dll
0x00007ffd9e990000 - 0x00007ffd9f210000 	C:\WINDOWS\SYSTEM32\windows.storage.dll
0x00007ffda1d00000 - 0x00007ffda1df6000 	C:\WINDOWS\System32\SHCORE.dll
0x00007ffda1ba0000 - 0x00007ffda1c07000 	C:\WINDOWS\System32\shlwapi.dll
0x00007ffda0cb0000 - 0x00007ffda0cd9000 	C:\WINDOWS\SYSTEM32\profapi.dll
0x00007ffd82810000 - 0x00007ffd8281c000 	C:\Program Files\Java\jdk-25.0.3\bin\dt_socket.dll
0x00007ffd9f520000 - 0x00007ffd9f553000 	C:\WINDOWS\SYSTEM32\IPHLPAPI.DLL
0x00007ffda0090000 - 0x00007ffda00fc000 	C:\WINDOWS\system32\mswsock.dll
0x00007ffd7a5b0000 - 0x00007ffd7a5c2000 	C:\Program Files\Java\jdk-25.0.3\bin\net.dll
0x00007ffd7a460000 - 0x00007ffd7a476000 	C:\Program Files\Java\jdk-25.0.3\bin\nio.dll
0x00007ffd82790000 - 0x00007ffd827a0000 	C:\Program Files\Java\jdk-25.0.3\bin\verify.dll
0x00007ffd82730000 - 0x00007ffd8273a000 	C:\Program Files\Java\jdk-25.0.3\bin\management.dll
0x00007ffd826f0000 - 0x00007ffd826fc000 	C:\Program Files\Java\jdk-25.0.3\bin\management_ext.dll
0x00007ffda1ce0000 - 0x00007ffda1ce8000 	C:\WINDOWS\System32\PSAPI.DLL
0x00007ffd64ea0000 - 0x00007ffd64eb8000 	C:\WINDOWS\system32\napinsp.dll
0x00007ffd9f560000 - 0x00007ffd9f6aa000 	C:\WINDOWS\SYSTEM32\DNSAPI.dll
0x00007ffd9fe90000 - 0x00007ffd9fe9d000 	C:\WINDOWS\SYSTEM32\DSPARSE.dll
0x00007ffda1cf0000 - 0x00007ffda1cfa000 	C:\WINDOWS\System32\NSI.dll
0x00007ffd64d50000 - 0x00007ffd64d63000 	C:\WINDOWS\System32\winrnr.dll
0x00007ffd64d20000 - 0x00007ffd64d42000 	C:\WINDOWS\system32\nlansp_c.dll
0x00007ffd989e0000 - 0x00007ffd989f6000 	C:\WINDOWS\system32\wshbth.dll
0x00007ffd92000000 - 0x00007ffd9200b000 	C:\Windows\System32\rasadhlp.dll
0x00007ffd98470000 - 0x00007ffd984f6000 	C:\WINDOWS\System32\fwpuclnt.dll
0x00007ffda0380000 - 0x00007ffda039b000 	C:\WINDOWS\SYSTEM32\CRYPTSP.dll
0x00007ffd9fa80000 - 0x00007ffd9fab9000 	C:\WINDOWS\system32\rsaenh.dll
0x00007ffda0140000 - 0x00007ffda0173000 	C:\WINDOWS\SYSTEM32\USERENV.dll
0x00007ffda0c80000 - 0x00007ffda0caa000 	C:\WINDOWS\SYSTEM32\bcrypt.dll
0x00007ffda0370000 - 0x00007ffda037c000 	C:\WINDOWS\SYSTEM32\CRYPTBASE.dll
0x00007ffd7c440000 - 0x00007ffd7c489000 	C:\Users\Owner\AppData\Local\Temp\jna--823301853\jna1290443529390868575.dll
0x00007ffda2a20000 - 0x00007ffda2ace000 	C:\WINDOWS\System32\clbcatq.dll
0x00007ffd92010000 - 0x00007ffd9202d000 	C:\WINDOWS\SYSTEM32\amsi.dll
0x00007ffd77cc0000 - 0x00007ffd77dc0000 	C:\Program Files\Norton\Suite\aswAMSI.dll
0x00007ffd80570000 - 0x00007ffd805c8000 	C:\WINDOWS\SYSTEM32\Pdh.dll
0x00007ffd6d7c0000 - 0x00007ffd6d7d1000 	C:\WINDOWS\System32\perfos.dll
0x00007ffd9ddf0000 - 0x00007ffd9de02000 	C:\WINDOWS\SYSTEM32\pfclient.dll
0x00007ffd7dff0000 - 0x00007ffd7dffe000 	C:\Program Files\Java\jdk-25.0.3\bin\sunmscapi.dll
0x00007ffda16f0000 - 0x00007ffda1868000 	C:\WINDOWS\System32\CRYPT32.dll
0x00007ffda0600000 - 0x00007ffda0630000 	C:\WINDOWS\SYSTEM32\ncrypt.dll
0x00007ffda05b0000 - 0x00007ffda05ef000 	C:\WINDOWS\SYSTEM32\NTASN1.dll
0x00007ffd82600000 - 0x00007ffd82609000 	C:\Program Files\Java\jdk-25.0.3\bin\extnet.dll
0x00007ffd798d0000 - 0x00007ffd79954000 	C:\Users\Owner\AppData\Local\Temp\lwjgl_LichtMeilleur\3.4.1-snapshot\x64\lwjgl.dll
0x00007ffd79840000 - 0x00007ffd798ca000 	C:\Users\Owner\AppData\Local\Temp\lwjgl_LichtMeilleur\3.4.1-snapshot\x64\glfw.dll
0x00007ffce9a30000 - 0x00007ffce9ca0000 	C:\Users\Owner\AppData\Local\Temp\lwjgl_LichtMeilleur\3.4.1-snapshot\x64\jemalloc.dll
0x00007ffd37960000 - 0x00007ffd379ab000 	C:\WINDOWS\SYSTEM32\dinput8.dll
0x00007ffd58520000 - 0x00007ffd5853c000 	C:\WINDOWS\SYSTEM32\xinput1_4.dll
0x00007ffda0a20000 - 0x00007ffda0a71000 	C:\WINDOWS\SYSTEM32\cfgmgr32.dll
0x00007ffda09f0000 - 0x00007ffda0a1d000 	C:\WINDOWS\SYSTEM32\DEVOBJ.dll
0x00007ffd7c720000 - 0x00007ffd7c905000 	C:\WINDOWS\SYSTEM32\inputhost.dll
0x00007ffd9daa0000 - 0x00007ffd9dbc5000 	C:\WINDOWS\SYSTEM32\CoreMessaging.dll
0x00007ffd9e2e0000 - 0x00007ffd9e30f000 	C:\WINDOWS\SYSTEM32\dwmapi.dll
0x00007ffd9e050000 - 0x00007ffd9e0fa000 	C:\WINDOWS\system32\uxtheme.dll
0x00007ffda1a40000 - 0x00007ffda1b9d000 	C:\WINDOWS\System32\MSCTF.dll
0x00007ffd61290000 - 0x00007ffd6139c000 	C:\WINDOWS\SYSTEM32\opengl32.dll
0x00007ffd7c2d0000 - 0x00007ffd7c2fd000 	C:\WINDOWS\SYSTEM32\GLU32.dll
0x00007ffd9e130000 - 0x00007ffd9e174000 	C:\WINDOWS\SYSTEM32\dxcore.dll
0x00007ffd7d300000 - 0x00007ffd7d31d000 	C:\WINDOWS\SYSTEM32\windows.staterepositorycore.dll
0x00007ffd056f0000 - 0x00007ffd083a2000 	C:\WINDOWS\System32\DriverStore\FileRepository\nv_dispi.inf_amd64_b7cca8360c0d57e9\nvoglv64.dll
0x00007ffda3460000 - 0x00007ffda38e7000 	C:\WINDOWS\System32\SETUPAPI.dll
0x00007ffd9dff0000 - 0x00007ffd9e01a000 	C:\WINDOWS\SYSTEM32\WTSAPI32.dll
0x00007ffd9fdc0000 - 0x00007ffd9fe09000 	C:\WINDOWS\SYSTEM32\SspiCli.dll
0x00007ffda04a0000 - 0x00007ffda04b3000 	C:\WINDOWS\SYSTEM32\msasn1.dll
0x00007ffd98e30000 - 0x00007ffd98e6b000 	C:\WINDOWS\SYSTEM32\cryptnet.dll
0x00007ffda0430000 - 0x00007ffda049a000 	C:\WINDOWS\SYSTEM32\wldp.dll
0x00007ffd98c30000 - 0x00007ffd98da8000 	C:\WINDOWS\SYSTEM32\drvstore.dll
0x00007ffda0d90000 - 0x00007ffda0e13000 	C:\WINDOWS\System32\WINTRUST.dll
0x00007ffd9fc40000 - 0x00007ffd9fc76000 	C:\WINDOWS\SYSTEM32\ntmarta.dll
0x00007ffda2e50000 - 0x00007ffda2e70000 	C:\WINDOWS\System32\imagehlp.dll
0x00007ffd93390000 - 0x00007ffd982e7000 	C:\WINDOWS\System32\DriverStore\FileRepository\nv_dispi.inf_amd64_b7cca8360c0d57e9\nvgpucomp64.dll
0x00007ffd434a0000 - 0x00007ffd435e7000 	C:\WINDOWS\system32\nvspcap64.dll
0x00007ffd7d870000 - 0x00007ffd7da4d000 	C:\WINDOWS\system32\urlmon.dll
0x00007ffd7d5a0000 - 0x00007ffd7d865000 	C:\WINDOWS\SYSTEM32\iertutil.dll
0x00007ffd9f510000 - 0x00007ffd9f51d000 	C:\WINDOWS\SYSTEM32\netutils.dll
0x00007ffd828e0000 - 0x00007ffd82909000 	C:\WINDOWS\SYSTEM32\srvcli.dll
0x00007ffda04f0000 - 0x00007ffda0551000 	C:\WINDOWS\SYSTEM32\WINSTA.dll
0x00007ffd7c5d0000 - 0x00007ffd7c718000 	C:\WINDOWS\SYSTEM32\textinputframework.dll
0x00007ffd79380000 - 0x00007ffd793f6000 	C:\WINDOWS\system32\Oleacc.dll
0x00007ffd79ce0000 - 0x00007ffd79d3c000 	C:\Users\Owner\AppData\Local\Temp\lwjgl_LichtMeilleur\3.4.1-snapshot\x64\lwjgl_opengl.dll
0x00007ffd7d320000 - 0x00007ffd7d332000 	C:\WINDOWS\system32\wbem\wbemprox.dll
0x00007ffd7d130000 - 0x00007ffd7d1aa000 	C:\WINDOWS\SYSTEM32\wbemcomn.dll
0x00007ffd92030000 - 0x00007ffd92045000 	C:\WINDOWS\system32\wbem\wbemsvc.dll
0x00007ffd78e90000 - 0x00007ffd78f83000 	C:\WINDOWS\system32\wbem\fastprox.dll
0x00007ffd12250000 - 0x00007ffd122ea000 	C:\Users\Owner\AppData\Local\Temp\lwjgl_LichtMeilleur\3.4.1-snapshot\x64\lwjgl_stb.dll
0x00007ffd82ca0000 - 0x00007ffd82d5f000 	C:\WINDOWS\SYSTEM32\mscms.dll
0x00007ffd797f0000 - 0x00007ffd79839000 	C:\WINDOWS\SYSTEM32\icm32.dll
0x00007ffce7a90000 - 0x00007ffce7d62000 	C:\Users\Owner\AppData\Local\Temp\lwjgl_LichtMeilleur\3.4.1-snapshot\x64\OpenAL.dll
0x00007ffd9a870000 - 0x00007ffd9a87b000 	C:\WINDOWS\SYSTEM32\AVRT.dll
0x00007ffd99540000 - 0x00007ffd995e3000 	C:\WINDOWS\System32\MMDevApi.dll
0x00007ffcfbb30000 - 0x00007ffcfbca3000 	C:\WINDOWS\System32\Speech\Common\sapi.dll
0x00007ffd7c560000 - 0x00007ffd7c5be000 	C:\WINDOWS\system32\ApplicationTargetedFeatureDatabase.dll

JVMTI agents:
jdwp path:C:\Program Files\Java\jdk-25.0.3\bin\jdwp.dll, loaded, initialized, options:transport=dt_socket,server=n,suspend=y,address=127.0.0.1:52813
C:\Users\Owner\AppData\Local\JetBrains\IntelliJIdea2026.1\captureAgent\debugger-agent.jar path:C:\Program Files\Java\jdk-25.0.3\bin\instrument.dll, loaded, initialized, instrumentlib options:file:///C:/Users/Owner/AppData/Local/Temp/capture3558401376672146706.props

dbghelp: loaded successfully - version: 4.0.5 - missing functions: none
symbol engine: initialized successfully - sym options: 0x614 - pdb path: .;C:\Program Files\Java\jdk-25.0.3\bin;C:\WINDOWS\SYSTEM32;C:\Program Files\Norton\Suite;C:\WINDOWS\WinSxS\amd64_microsoft.windows.common-controls_6595b64144ccf1df_6.0.26100.8521_none_3e08b75ce33403b3;C:\Program Files\Java\jdk-25.0.3\bin\server;C:\Users\Owner\AppData\Local\Temp\jna--823301853;C:\Users\Owner\AppData\Local\Temp\lwjgl_LichtMeilleur\3.4.1-snapshot\x64;C:\WINDOWS\System32\DriverStore\FileRepository\nv_dispi.inf_amd64_b7cca8360c0d57e9;C:\WINDOWS\system32\wbem;C:\WINDOWS\System32\Speech\Common;C:\Windows\System32\IME\IMEJP;C:\Windows\System32\IME\shared

VM Arguments:
jvm_args: -Ddebugger.agent.enable.coroutines=true -Ddebugger.async.stack.trace.for.all.threads=true -Dfabric.dli.config=J:\minecraft@@0020orgenal@@0020mod@@0020with@@0020GPT\the_end_of_dragon\fabric\.gradle\loom-cache\launch.cfg -Dfabric.dli.env=client -Dfabric.dli.main=net.fabricmc.loader.impl.launch.knot.KnotClient -Dkotlinx.coroutines.debug.enable.creation.stack.trace=false -Dkotlinx.coroutines.debug.enable.flows.stack.trace=true -Dkotlinx.coroutines.debug.enable.mutable.state.flows.stack.trace=true --sun-misc-unsafe-memory-access=allow --enable-native-access=ALL-UNNAMED -agentlib:jdwp=transport=dt_socket,server=n,suspend=y,address=127.0.0.1:52813 -javaagent:C:\Users\Owner\AppData\Local\JetBrains\IntelliJIdea2026.1\captureAgent\debugger-agent.jar=file:///C:/Users/Owner/AppData/Local/Temp/capture3558401376672146706.props -Dfile.encoding=UTF-8 -Duser.country=JP -Duser.language=ja -Duser.variant 
java_command: net.fabricmc.devlaunchinjector.Main
java_class_path (initial): J:\minecraft orgenal mod with GPT\the_end_of_dragon\fabric\build\classes\java\client;J:\minecraft orgenal mod with GPT\the_end_of_dragon\fabric\build\resources\client;C:\Users\Owner\.gradle\caches\modules-2\files-2.1\net.fabricmc\fabric-loader\0.18.6\b823a25197a42c7f32bb904f187cd05730e8873c\fabric-loader-0.18.6.jar;C:\Users\Owner\.gradle\caches\modules-2\files-2.1\net.fabricmc.fabric-api\fabric-api\0.145.4+26.1.2\f6a5958eae1644ce8e8622b513bc6a795594675b\fabric-api-0.145.4+26.1.2.jar;C:\Users\Owner\.gradle\caches\modules-2\files-2.1\curse.maven\geckolib-388172\7806318\b0c7f6888470b521f615842219d082782b5ae816\geckolib-388172-7806318.jar;C:\Users\Owner\.gradle\caches\modules-2\files-2.1\org.ow2.asm\asm\9.9\c29635c8a7afa03d74b33c1884df8abb2b3f3dcc\asm-9.9.jar;C:\Users\Owner\.gradle\caches\modules-2\files-2.1\org.ow2.asm\asm-analysis\9.9\bf4fa6e66638851c1cd22c2caea0c3ee5d5f437\asm-analysis-9.9.jar;C:\Users\Owner\.gradle\caches\modules-2\files-2.1\org.ow2.asm\asm-commons\9.9\db9165a3bf908ded6b08612d583a15d1d0c7bda0\asm-commons-9.9.jar;C:\Users\Owner\.gradle\caches\modules-2\files-2.1\org.ow2.asm\asm-tree\9.9\f8de6eead6d24dd0f45bd065bbe112b2cda6ea21\asm-tree-9.9.jar;C:\Users\Owner\.gradle\caches\modules-2\files-2.1\org.ow2.asm\asm-util\9.9\42fdfc0508b43807c8078d6e82ecff2ce2112ae8\asm-util-9.9.jar;C:\Users\Owner\.gradle\caches\modules-2\files-2.1\net.fabricmc\sponge-mixin\0.17.0+mixin.0.8.7\cf31463202f72d03b0ef1e1e38e8ee71b7faaab6\sponge-mixin-0.17.0+mixin.0.8.7.jar;C:\Users\Owner\.gradle\caches\modules-2\files-2.1\io.github.llamalad7\mixinextras-fabric\0.5.3\8ee5af001acbc9f7970e383bdf0944d063c80f63\mixinextras-fabric-0.5.3.jar;C:\Users\Owner\.gradle\caches\modules-2\files-2.1\net.fabricmc\dev-launch-injector\0.2.1+build.8\da8bef7e6e2f952da707f282bdb46882a0fce5e3\dev-launch-injector-0.2.1+build.8.jar;C:\Users\Owner\.gradle\caches\modules-2\files-2.1\net.fabricmc\fabric-log4j-util\1.0.2\ef0b3fb613356feb75a67d54f2fad6f03a006648\fabric-log4j-util-1.0.2.jar;C:\Users\Owner\.gradle\caches\modules-2\files-2.1\at.yawk.lz4\lz4-java\1.10.1\f541d7f910fe3d76f38f799c507c48cc81b12ecb\lz4-java-1.10.1.jar;C:\Users\Owner\.gradle\caches\modules-2\files-2.1\com.azure\azure-json\1.4.0\fcc1d354dbc3e0300e5276b1bf124d0247799cd8\azure-json-1.4.0.jar;C:\Users\Owner\.gradle\caches\modules-2\files-2.1\com.github.oshi\oshi-core\6.9.0\3224870731860cfcd7744581a05b559e94291e7\oshi-core-6.9.0.jar;C:\Users\Owner\.gradle\caches\modules-2\files-2.1\com.google.code.gson\gson\2.13.2\48b8230771e573b54ce6e867a9001e75977fe78e\gson-2.13.2.jar;C:\Users\Owner\.gradle\caches\modules-2\files-2.1\com.google.guava\failureaccess\1.0.3\aeaffd00d57023a2c947393ed251f0354f0985fc\failureaccess-1.0.3.jar;C:\Users\Owner\.gradle\caches\modules-2\files-2.1\com.google.guava\guava\33.5.0-jre\8699de25f2f979108d6c1b804a7ba38cda1116bc\guava-33.5.0-jre.jar;C:\Users\Owner\.gradle\caches\modules-2\files-2.1\com.ibm.icu\icu4j\77.1\38693cf0b1d7362a8b726af74dc06026a7c23809\icu4j-77.1.jar;C:\Users\Owner\.gradle\caches\modules-2\files-2.1\com.microsoft.azure\msal4j\1.23.1\6c722b514873b24a4e1ce9c22dca36ea3c22bdbe\msal4j-1.23.1.jar;C:\Users\Owner\.gradle\caches\modules-2\files-2.1\com.mojang\authlib\7.0.63\54895b4e25e8b9b4cbbbe25f24eccf2b71b1ac2b\authlib-7.0.63.jar;C:\Users\Owner\.gradle\caches\modules-2\files-2.1\com.mojang\blocklist\1.0.10\5c685c5ffa94c4cd39496c7184c1d122e515ecef\blocklist-1.0.10.jar;C:\Users\Owner\.gradle\caches\modules-2\files-2.1\com.mojang\brigadier\1.3.10\d15b53a14cf20fdcaa98f731af5dda654452c010\brigadier-1.3.10.jar;C:\Users\Owner\.gradle\caches\modules-2\files-2.1\com.mojang\datafixerupper\9.0.19\4e91f9712fa1e83231d1501625381b0210a977da\datafixerupper-9.0.19.jar;C:\Users\Owner\.gradle\caches\modules-2\files-2.1\com.mojang\jtracy\1.0.37\a3fb649b2e2b2288d2978f0b0bc3d83f62809d1e\jtracy-1.0.37.jar;C:\Users\Owner\.gradle\caches\modules-2\files-2.1\com.mojang\jtracy\1.0.37\6ff6d710fd4ffd470f2799653fab57e27fed0c9d\jtracy-1.0.37-natives-windows.jar;C:\Users\Owner\.gradle\caches\modules-2\files-2.1\com.mojang\logging\1.6.11\fd147240733010c158249d986323f9ef98977fe\logging-1.6.11.jar;C:\Users\Owner\.gradle\caches\modules-2\files-2.1\com.mojang\patchy\2.2.10\da05971b07cbb379d002cf7eaec6a2048211fefc\patchy-2.2.10.jar;C:\Users\Owner\.gradle\caches\modules-2\files-2.1\com.mojang\text2speech\1.18.11\e853a12cdd6ba4f4836e8f4bf3b37844a13482b6\text2speech-1.18.11.jar;C:\Users\Owner\.gradle\caches\modules-2\files-2.1\commons-codec\commons-codec\1.19.0\8c0dbe3ae883fceda9b50a6c76e745e548073388\commons-codec-1.19.0.jar;C:\Users\Owner\.gradle\caches\modules-2\files-2.1\commons-io\commons-io\2.20.0\36f3474daec2849c149e877614e7f979b2082cd2\commons-io-2.20.0.jar;C:\Users\Owner\.gradle\caches\modules-2\files-2.1\io.netty\netty-buffer\4.2.7.Final\5555ff561643bf2f8430fb57c24403c0efe15994\netty-buffer-4.2.7.Final.jar;C:\Users\Owner\.gradle\caches\modules-2\files-2.1\io.netty\netty-codec-base\4.2.7.Final\915e381ebabcf115f1c7ff7032d55c48afb50210\netty-codec-base-4.2.7.Final.jar;C:\Users\Owner\.gradle\caches\modules-2\files-2.1\io.netty\netty-codec-compression\4.2.7.Final\572341bc1ca90fd9d6e47f1d2694aab5258566e9\netty-codec-compression-4.2.7.Final.jar;C:\Users\Owner\.gradle\caches\modules-2\files-2.1\io.netty\netty-codec-http\4.2.7.Final\b734c108854099c421fd94d92d9f865e4d4da853\netty-codec-http-4.2.7.Final.jar;C:\Users\Owner\.gradle\caches\modules-2\files-2.1\io.netty\netty-common\4.2.7.Final\11aa30df26af4fca3239ac1917f303a280f301e1\netty-common-4.2.7.Final.jar;C:\Users\Owner\.gradle\caches\modules-2\files-2.1\io.netty\netty-handler\4.2.7.Final\7ad8a1f851e2e6fe93cdd091871fda2b81c03b5b\netty-handler-4.2.7.Final.jar;C:\Users\Owner\.gradle\caches\modules-2\files-2.1\io.netty\netty-resolver\4.2.7.Final\5f3e5ef8de03992cd4fb46960dc0085ec1a12a12\netty-resolver-4.2.7.Final.jar;C:\Users\Owner\.gradle\caches\modules-2\files-2.1\io.netty\netty-transport-classes-epoll\4.2.7.Final\1075c09f48a78eef9d819fbfd9096b903fdd362a\netty-transport-classes-epoll-4.2.7.Final.jar;C:\Users\Owner\.gradle\caches\modules-2\files-2.1\io.netty\netty-transport-classes-kqueue\4.2.7.Final\bdec7c23c75caabd848426d073c09568e8d5f94e\netty-transport-classes-kqueue-4.2.7.Final.jar;C:\Users\Owner\.gradle\caches\modules-2\files-2.1\io.netty\netty-transport-native-unix-common\4.2.7.Final\89953f04259ea7502cffb313630dd51e00e60669\netty-transport-native-unix-common-4.2.7.Final.jar;C:\Users\Owner\.gradle\caches\modules-2\files-2.1\io.netty\netty-transport\4.2.7.Final\83ea548981d0d8c4a98027cc1a6f9624f902e142\netty-transport-4.2.7.Final.jar;C:\Users\Owner\.gradle\caches\modules-2\files-2.1\it.unimi.dsi\fastutil\8.5.18\a6cff377eecc19c2037bf31568a6d7106b50ba1f\fastutil-8.5.18.jar;C:\Users\Owner\.gradle\caches\modules-2\files-2.1\net.java.dev.jna\jna-platform\5.17.0\a4934c44d25a9d8c2ddf4203affd20330cb3426f\jna-platform-5.17.0.jar;C:\Users\Owner\.gradle\caches\modules-2\files-2.1\net.java.dev.jna\jna\5.17.0\33d12735bef894440780fce64f9758d420c7bae2\jna-5.17.0.jar;C:\Users\Owner\.gradle\caches\modules-2\files-2.1\net.sf.jopt-simple\jopt-simple\5.0.4\4fdac2fbe92dfad86aa6e9301736f6b4342a3f5c\jopt-simple-5.0.4.jar;C:\Users\Owner\.gradle\caches\modules-2\files-2.1\org.apache.commons\commons-compress\1.28.0\e482f2c7a88dac3c497e96aa420b6a769f59c8d7\commons-compress-1.28.0.jar;C:\Users\Owner\.gradle\caches\modules-2\files-2.1\org.apache.commons\commons-lang3\3.19.0\d6524b169a6574cd253760c472d419b47bfd37e6\commons-lang3-3.19.0.jar;C:\Users\Owner\.gradle\caches\modules-2\files-2.1\org.apache.logging.log4j\log4j-api\2.25.2\292c1a2b1702f1e1e3adb13e1c57e5bff60335ff\log4j-api-2.25.2.jar;C:\Users\Owner\.gradle\caches\modules-2\files-2.1\org.apache.logging.log4j\log4j-core\2.25.2\d4d0ad2e51e03e531f784891fbfff1bae1e13a12\log4j-core-2.25.2.jar;C:\Users\Owner\.gradle\caches\modules-2\files-2.1\org.apache.logging.log4j\log4j-slf4j2-impl\2.25.2\5eec0c392661dee8a366baec17e8896900dd978f\log4j-slf4j2-impl-2.25.2.jar;C:\Users\Owner\.gradle\caches\modules-2\files-2.1\org.jcraft\jorbis\0.0.17\8872d22b293e8f5d7d56ff92be966e6dc28ebdc6\jorbis-0.0.17.jar;C:\Users\Owner\.gradle\caches\modules-2\files-2.1\org.joml\joml\1.10.8\fc0a71dad90a2cf41d82a76156a0e700af8e4f8d\joml-1.10.8.jar;C:\Users\Owner\.gradle\caches\modules-2\files-2.1\org.jspecify\jspecify\1.0.0\7425a601c1c7ec76645a78d22b8c6a627edee507\jspecify-1.0.0.jar;C:\Users\Owner\.gradle\caches\modules-2\files-2.1\org.lwjgl\lwjgl-freetype\3.4.1\caa75a37e857efc9b0686e434d708d6420c5b6ea\lwjgl-freetype-3.4.1.jar;C:\Users\Owner\.gradle\caches\modules-2\files-2.1\org.lwjgl\lwjgl-freetype\3.4.1\32fc9cfd236aca5433d53af78bfb15f1b4c1103e\lwjgl-freetype-3.4.1-natives-windows.jar;C:\Users\Owner\.gradle\caches\modules-2\files-2.1\org.lwjgl\lwjgl-freetype\3.4.1\a677b4a7bba84f925b4cc4f52a58c5248974bdeb\lwjgl-freetype-3.4.1-natives-windows-arm64.jar;C:\Users\Owner\.gradle\caches\modules-2\files-2.1\org.lwjgl\lwjgl-freetype\3.4.1\81431d868bcf162d4c915b9c39b2c7aae155ad4f\lwjgl-freetype-3.4.1-natives-windows-x86.jar;C:\Users\Owner\.gradle\caches\modules-2\files-2.1\org.lwjgl\lwjgl-glfw\3.4.1\a782b1ddd175c9107bf300fd92920579ea65e2a4\lwjgl-glfw-3.4.1.jar;C:\Users\Owner\.gradle\caches\modules-2\files-2.1\org.lwjgl\lwjgl-glfw\3.4.1\2eb4aa895ea190ba8cf4356f8cea24d3ebb40ea1\lwjgl-glfw-3.4.1-natives-windows.jar;C:\Users\Owner\.gradle\caches\modules-2\files-2.1\org.lwjgl\lwjgl-glfw\3.4.1\196101d96d9b2aa73264a96ae1dc8944a1446cee\lwjgl-glfw-3.4.1-natives-windows-arm64.jar;C:\Users\Owner\.gradle\caches\modules-2\files-2.1\org.lwjgl\lwjgl-glfw\3.4.1\a48bbdd544f00c88f8906e9d09e3f31bc1c17fac\lwjgl-glfw-3.4.1-natives-windows-x86.jar;C:\Users\Owner\.gradle\caches\modules-2\files-2.1\org.lwjgl\lwjgl-jemalloc\3.4.1\16b663092854fc6adfe0a941e61cae2bb2e437b6\lwjgl-jemalloc-3.4.1.jar;C:\Users\Owner\.gradle\caches\modules-2\files-2.1\org.lwjgl\lwjgl-jemalloc\3.4.1\70db8048d1aca8a6365f46f9963b8d6cd77b9e94\lwjgl-jemalloc-3.4.1-natives-windows.jar;C:\Users\Owner\.gradle\caches\modules-2\files-2.1\org.lwjgl\lwjgl-jemalloc\3.4.1\662e0926dd990f679e1cfb31d710d22d175bdabc\lwjgl-jemalloc-3.4.1-natives-windows-arm64.jar;C:\Users\Owner\.gradle\caches\modules-2\files-2.1\org.lwjgl\lwjgl-jemalloc\3.4.1\d8cf69e1155df83260f9bbe01944fe91f8ca3955\lwjgl-jemalloc-3.4.1-natives-windows-x86.jar;C:\Users\Owner\.gradle\caches\modules-2\files-2.1\org.lwjgl\lwjgl-openal\3.4.1\8508bd60589de0539aa465b78fcf838efd07ae9a\lwjgl-openal-3.4.1.jar;C:\Users\Owner\.gradle\caches\modules-2\files-2.1\org.lwjgl\lwjgl-openal\3.4.1\8e83fdfdf65c80c9877c6fb6cb645d239ed7638\lwjgl-openal-3.4.1-natives-windows.jar;C:\Users\Owner\.gradle\caches\modules-2\files-2.1\org.lwjgl\lwjgl-openal\3.4.1\4b996cc3321a807ee34e7ce53aba7fe529dc485a\lwjgl-openal-3.4.1-natives-windows-arm64.jar;C:\Users\Owner\.gradle\caches\modules-2\files-2.1\org.lwjgl\lwjgl-openal\3.4.1\9e4bab87e9b89876fa77ea3c19e1b45334b97c10\lwjgl-openal-3.4.1-natives-windows-x86.jar;C:\Users\Owner\.gradle\caches\modules-2\files-2.1\org.lwjgl\lwjgl-opengl\3.4.1\830412cab823c029cda6b9729f9d2ed36cf79959\lwjgl-opengl-3.4.1.jar;C:\Users\Owner\.gradle\caches\modules-2\files-2.1\org.lwjgl\lwjgl-opengl\3.4.1\617f37ef4e2ffb727bd5e74333e8073ef43ca1ec\lwjgl-opengl-3.4.1-natives-windows.jar;C:\Users\Owner\.gradle\caches\modules-2\files-2.1\org.lwjgl\lwjgl-opengl\3.4.1\4b6a9c5d7d5325312b740d9886087b7292b43bf9\lwjgl-opengl-3.4.1-natives-windows-arm64.jar;C:\Users\Owner\.gradle\caches\modules-2\files-2.1\org.lwjgl\lwjgl-opengl\3.4.1\cfd47352b758a0c9f7046de467b103182ec77eb1\lwjgl-opengl-3.4.1-natives-windows-x86.jar;C:\Users\Owner\.gradle\caches\modules-2\files-2.1\org.lwjgl\lwjgl-stb\3.4.1\f077c3dafc31924fbe8acb0b913f08977ba27f8e\lwjgl-stb-3.4.1.jar;C:\Users\Owner\.gradle\caches\modules-2\files-2.1\org.lwjgl\lwjgl-stb\3.4.1\b4e13ece83c228ecf57354639d8555076a989d74\lwjgl-stb-3.4.1-natives-windows.jar;C:\Users\Owner\.gradle\caches\modules-2\files-2.1\org.lwjgl\lwjgl-stb\3.4.1\7f4c39b3d56c7bae4900ee6e59d8f75432bdb18f\lwjgl-stb-3.4.1-natives-windows-arm64.jar;C:\Users\Owner\.gradle\caches\modules-2\files-2.1\org.lwjgl\lwjgl-stb\3.4.1\e091cd3b25ab7db88f0e34a0d2797dc396a528fa\lwjgl-stb-3.4.1-natives-windows-x86.jar;C:\Users\Owner\.gradle\caches\modules-2\files-2.1\org.lwjgl\lwjgl-tinyfd\3.4.1\562697d40dbd2ed0424bf24dcf65d51170f81adf\lwjgl-tinyfd-3.4.1.jar;C:\Users\Owner\.gradle\caches\modules-2\files-2.1\org.lwjgl\lwjgl-tinyfd\3.4.1\bdd8c03151cc94460247986f843d134ae8f9406a\lwjgl-tinyfd-3.4.1-natives-windows.jar;C:\Users\Owner\.gradle\caches\modules-2\files-2.1\org.lwjgl\lwjgl-tinyfd\3.4.1\9c93b8211856bfe682f3225ccac811e74243f98e\lwjgl-tinyfd-3.4.1-natives-windows-arm64.jar;C:\Users\Owner\.gradle\caches\modules-2\files-2.1\org.lwjgl\lwjgl-tinyfd\3.4.1\f585da74a17695ba38351697712c03784ee1348b\lwjgl-tinyfd-3.4.1-natives-windows-x86.jar;C:\Users\Owner\.gradle\caches\modules-2\files-2.1\org.lwjgl\lwjgl\3.4.1\6105690714874b995aa7812e4f7732a21109276c\lwjgl-3.4.1.jar;C:\Users\Owner\.gradle\caches\modules-2\files-2.1\org.lwjgl\lwjgl\3.4.1\96a217f0428ab73487f114a54179a4f41e851a04\lwjgl-3.4.1-natives-windows.jar;C:\Users\Owner\.gradle\caches\modules-2\files-2.1\org.lwjgl\lwjgl\3.4.1\d1d3a7052da47ccde2a5fdf3a1bd45d801c3157c\lwjgl-3.4.1-natives-windows-arm64.jar;C:\Users\Owner\.gradle\caches\modules-2\files-2.1\org.lwjgl\lwjgl\3.4.1\65de43bd52507e108a58247c0da57a50ce3ee6f6\lwjgl-3.4.1-natives-windows-x86.jar;C:\Users\Owner\.gradle\caches\modules-2\files-2.1\org.slf4j\slf4j-api\2.0.17\d9e58ac9c7779ba3bf8142aff6c830617a7fe60f\slf4j-api-2.0.17.jar;J:\minecraft orgenal mod with GPT\the_end_of_dragon\.gradle\loom-cache\minecraftMaven\net\minecraft\minecraft-clientOnly-39a6175d73\26.1.2\minecraft-clientOnly-39a6175d73-26.1.2.jar;J:\minecraft orgenal mod with GPT\the_end_of_dragon\.gradle\loom-cache\minecraftMaven\net\minecraft\minecraft-common-39a6175d73\26.1.2\minecraft-common-39a6175d73-26.1.2.jar;C:\Users\Owner\.gradle\caches\modules-2\files-2.1\io.netty\netty-transport-native-epoll\4.2.7.Final\e83998bfc10b5289d9bcbe807c4079ef0eed8e6f\netty-transport-native-epoll-4.2.7.Final-linux-x86_64.jar;C:\Users\Owner\.gradle\caches\modules-2\files-2.1\io.netty\netty-transport-native-epoll\4.2.7.Final\98d02251c98c8f07a23ac5ea27657d9e0ef57614\netty-transport-native-epoll-4.2.7.Final-linux-aarch_64.jar;C:\Users\Owner\.gradle\caches\modules-2\files-2.1\io.netty\netty-transport-native-kqueue\4.2.7.Final\40868fd4e43bce2798245f790624b58803dc26b6\netty-transport-native-kqueue-4.2.7.Final-osx-x86_64.jar;C:\Users\Owner\.gradle\caches\modules-2\files-2.1\io.netty\netty-transport-native-kqueue\4.2.7.Final\e5a0feef41410c8a5ae00c6cb4e0c99bd0aded6a\netty-transport-native-kqueue-4.2.7.Final-osx-aarch_64.jar;C:\Users\Owner\.gradle\caches\modules-2\files-2.1\net.fabricmc.fabric-api\fabric-transfer-api-v1\8.0.2+d871b99e39\91b9b1733feeb9234602e11b6144d2bc019bf4b0\fabric-transfer-api-v1-8.0.2+d871b99e39.jar;C:\Users\Owner\.gradle\caches\modules-2\files-2.1\net.fabricmc.fabric-api\fabric-api-lookup-api-v1\2.0.10+d5a053b639\b961c1555ea0947153d6b2d0138f7181b88747d\fabric-api-lookup-api-v1-2.0.10+d5a053b639.jar;C:\Users\Owner\.gradle\caches\modules-2\files-2.1\net.fabricmc.fabric-api\fabric-command-api-v2\3.0.5+e2bdee7839\10548ff2b7c417dfd62d46f7997bcab48f3853cd\fabric-command-api-v2-3.0.5+e2bdee7839.jar;C:\Users\Owner\.gradle\caches\modules-2\files-2.1\net.fabricmc.fabric-api\fabric-content-registries-v0\11.0.12+d871b99e39\d1463c10d511d2542482173d339e9cf5709043bd\fabric-content-registries-v0-11.0.12+d871b99e39.jar;C:\Users\Owner\.gradle\caches\modules-2\files-2.1\net.fabricmc.fabric-api\fabric-data-generation-api-v1\24.0.17+35c80edc39\d9f07782c42dbde190d6c07099d529ede41680a6\fabric-data-generation-api-v1-24.0.17+35c80edc39.jar;C:\Users\Owner\.gradle\caches\modules-2\files-2.1\net.fabricmc.fabric-api\fabric-convention-tags-v2\4.3.2+c37e6e5f39\4f46111a925877d1559c41f03223f06b4da3a715\fabric-convention-tags-v2-4.3.2+c37e6e5f39.jar;C:\Users\Owner\.gradle\caches\modules-2\files-2.1\net.fabricmc.fabric-api\fabric-creative-tab-api-v1\5.0.10+d871b99e39\8632530aae80afe84e60adcea9eed6d6e565df95\fabric-creative-tab-api-v1-5.0.10+d871b99e39.jar;C:\Users\Owner\.gradle\caches\modules-2\files-2.1\net.fabricmc.fabric-api\fabric-data-attachment-api-v1\2.2.3+d602a89639\e84f7afd85bb086cdc440e6e6a683a0cbb8b923d\fabric-data-attachment-api-v1-2.2.3+d602a89639.jar;C:\Users\Owner\.gradle\caches\modules-2\files-2.1\net.fabricmc.fabric-api\fabric-debug-api-v1\1.0.1+c792624d39\b9791fbdbee04e19b22683871085a2afa77ffd59\fabric-debug-api-v1-1.0.1+c792624d39.jar;C:\Users\Owner\.gradle\caches\modules-2\files-2.1\net.fabricmc.fabric-api\fabric-dimensions-v1\5.1.4+9cbf5da539\dbdfd36291b0d22031c64e1e55f8a2cb283e9337\fabric-dimensions-v1-5.1.4+9cbf5da539.jar;C:\Users\Owner\.gradle\caches\modules-2\files-2.1\net.fabricmc.fabric-api\fabric-entity-events-v1\5.0.2+e2bdee7839\4351ed2fcdfa0c8b7a3d2c36a46670ed461af3a0\fabric-entity-events-v1-5.0.2+e2bdee7839.jar;C:\Users\Owner\.gradle\caches\modules-2\files-2.1\net.fabricmc.fabric-api\fabric-events-interaction-v0\5.1.10+c82f046139\9b5b7d40f9bda0a9eb0ed595974c63bd077a2d23\fabric-events-interaction-v0-5.1.10+c82f046139.jar;C:\Users\Owner\.gradle\caches\modules-2\files-2.1\net.fabricmc.fabric-api\fabric-game-rule-api-v1\4.0.5+d871b99e39\a130ffc8d2f8d0966ff05742ee57d3f0b78289fc\fabric-game-rule-api-v1-4.0.5+d871b99e39.jar;C:\Users\Owner\.gradle\caches\modules-2\files-2.1\net.fabricmc.fabric-api\fabric-gametest-api-v1\4.0.13+00a1fba639\864fbcf8c4e74aa776fd06b5c11dc64bc31c860f\fabric-gametest-api-v1-4.0.13+00a1fba639.jar;C:\Users\Owner\.gradle\caches\modules-2\files-2.1\net.fabricmc.fabric-api\fabric-item-api-v1\14.1.0+9833182c39\8d76358ee41a297970aa5efbb3057e2e04d83e5d\fabric-item-api-v1-14.1.0+9833182c39.jar;C:\Users\Owner\.gradle\caches\modules-2\files-2.1\net.fabricmc.fabric-api\fabric-recipe-api-v1\9.0.13+be4b75ae39\8d5c45b18cc18cce01efb54835fa9ac09a4fe208\fabric-recipe-api-v1-9.0.13+be4b75ae39.jar;C:\Users\Owner\.gradle\caches\modules-2\files-2.1\net.fabricmc.fabric-api\fabric-model-loading-api-v1\8.0.3+c80601bb39\19ef8dab4660d06bd26357024e2733924ae4cdb\fabric-model-loading-api-v1-8.0.3+c80601bb39.jar;C:\Users\Owner\.gradle\caches\modules-2\files-2.1\net.fabricmc.fabric-api\fabric-renderer-indigo\8.0.2+a6be36ef39\3abc5ae5f10b05a08db6a9dca31b6bfb59971fb\fabric-renderer-indigo-8.0.2+a6be36ef39.jar;C:\Users\Owner\.gradle\caches\modules-2\files-2.1\net.fabricmc.fabric-api\fabric-renderer-api-v1\13.0.0+c80601bb39\c3e8c145aeee55f2e76c45718af25b0817be4584\fabric-renderer-api-v1-13.0.0+c80601bb39.jar;C:\Users\Owner\.gradle\caches\modules-2\files-2.1\net.fabricmc.fabric-api\fabric-rendering-v1\23.0.4+c7e428fd39\775fd4c6c91d75439ea3fe9fbb80aedb26d43763\fabric-rendering-v1-23.0.4+c7e428fd39.jar;C:\Users\Owner\.gradle\caches\modules-2\files-2.1\net.fabricmc.fabric-api\fabric-lifecycle-events-v1\4.0.6+a9b9c17639\1391e6ce52ad05c3ef51ec461ce31ed05b32e3b8\fabric-lifecycle-events-v1-4.0.6+a9b9c17639.jar;C:\Users\Owner\.gradle\caches\modules-2\files-2.1\net.fabricmc.fabric-api\fabric-loot-api-v3\3.0.11+00a1fba639\bb18f62d32df09d49d392f24fc59735c15782335\fabric-loot-api-v3-3.0.11+00a1fba639.jar;C:\Users\Owner\.gradle\caches\modules-2\files-2.1\net.fabricmc.fabric-api\fabric-menu-api-v1\2.0.12+d871b99e39\8e260bcc1209af6e41c575e7080a435cc280f6cf\fabric-menu-api-v1-2.0.12+d871b99e39.jar;C:\Users\Owner\.gradle\caches\modules-2\files-2.1\net.fabricmc.fabric-api\fabric-message-api-v1\7.0.5+dae8ce3e39\dd4aa0822a0e10f5c94aa2f1120cd90d49b937b3\fabric-message-api-v1-7.0.5+dae8ce3e39.jar;C:\Users\Owner\.gradle\caches\modules-2\files-2.1\net.fabricmc.fabric-api\fabric-particles-v1\5.0.14+b61fef4339\884817fa132fdbe59f7d17d374ca8c3db1731421\fabric-particles-v1-5.0.14+b61fef4339.jar;C:\Users\Owner\.gradle\caches\modules-2\files-2.1\net.fabricmc.fabric-api\fabric-object-builder-api-v1\23.0.13+b61fef4339\975f55b99405c8abb185661b289eb0e0686e9f4d\fabric-object-builder-api-v1-23.0.13+b61fef4339.jar;C:\Users\Owner\.gradle\caches\modules-2\files-2.1\net.fabricmc.fabric-api\fabric-registry-sync-v0\7.0.12+b61fef4339\be9ab6b5c123d594360b98fec40bed07d6dbe35\fabric-registry-sync-v0-7.0.12+b61fef4339.jar;C:\Users\Owner\.gradle\caches\modules-2\files-2.1\net.fabricmc.fabric-api\fabric-networking-api-v1\6.3.0+50a808ce39\98c91c80f1bb156ea293343a581abd747120b8d\fabric-networking-api-v1-6.3.0+50a808ce39.jar;C:\Users\Owner\.gradle\caches\modules-2\files-2.1\net.fabricmc.fabric-api\fabric-rendering-fluids-v1\6.0.1+d871b99e39\b9c07322aad9f74508b9996b01049822a8f2fd61\fabric-rendering-fluids-v1-6.0.1+d871b99e39.jar;C:\Users\Owner\.gradle\caches\modules-2\files-2.1\net.fabricmc.fabric-api\fabric-tag-api-v1\2.0.9+11a26f3139\2db761550726f440cec4e7203e1ba407fe7f1eca\fabric-tag-api-v1-2.0.9+11a26f3139.jar;C:\Users\Owner\.gradle\caches\modules-2\files-2.1\net.fabricmc.fabric-api\fabric-resource-loader-v0\3.3.16+4fc5413f39\a01c1e5b66047a2177866ef6c1968986f1ed528b\fabric-resource-loader-v0-3.3.16+4fc5413f39.jar;C:\Users\Owner\.gradle\caches\modules-2\files-2.1\net.fabricmc.fabric-api\fabric-resource-loader-v1\2.0.9+d871b99e39\65c314cfd24c9f50821686d05e5b18b569ec51ab\fabric-resource-loader-v1-2.0.9+d871b99e39.jar;C:\Users\Owner\.gradle\caches\modules-2\files-2.1\net.fabricmc.fabric-api\fabric-screen-api-v1\5.0.1+d871b99e39\1f5bc27c49357d4e22df816a476ffbbbff3f97b6\fabric-screen-api-v1-5.0.1+d871b99e39.jar;C:\Users\Owner\.gradle\caches\modules-2\files-2.1\net.fabricmc.fabric-api\fabric-api-base\2.0.3+ece0632339\5c9f61de9a3f982deec09f2f345d8aea1d0e1d7d\fabric-api-base-2.0.3+ece0632339.jar;C:\Users\Owner\.gradle\caches\modules-2\files-2.1\net.fabricmc.fabric-api\fabric-biome-api-v1\18.0.4+35c80edc39\cc953874bea507821c78f9e06be59ad2a13c2a9d\fabric-biome-api-v1-18.0.4+35c80edc39.jar;C:\Users\Owner\.gradle\caches\modules-2\files-2.1\net.fabricmc.fabric-api\fabric-block-api-v1\3.0.2+ec56b60139\85d612b2032b95f4709835fc6a7b28bec10ba819\fabric-block-api-v1-3.0.2+ec56b60139.jar;C:\Users\Owner\.gradle\caches\modules-2\files-2.1\net.fabricmc.fabric-api\fabric-block-getter-api-v2\2.0.6+ec56b60139\fb8fc18856e44b16b31e7a394f249b849b4b88ed\fabric-block-getter-api-v2-2.0.6+ec56b60139.jar;C:\Users\Owner\.gradle\caches\modules-2\files-2.1\net.fabricmc.fabric-api\fabric-client-gametest-api-v1\5.0.14+9c21967139\8f823f915f695247b5a9f1a03c2dd3cef027958c\fabric-client-gametest-api-v1-5.0.14+9c21967139.jar;C:\Users\Owner\.gradle\caches\modules-2\files-2.1\net.fabricmc.fabric-api\fabric-crash-report-info-v1\1.0.3+9f78a5a839\aac6fe7e043507af39bbe857b12b469cf91f3848\fabric-crash-report-info-v1-1.0.3+9f78a5a839.jar;C:\Users\Owner\.gradle\caches\modules-2\files-2.1\net.fabricmc.fabric-api\fabric-key-mapping-api-v1\2.0.4+e2bdee7839\1b1e4d6c551f2140827b9ed16478cadb8c81633a\fabric-key-mapping-api-v1-2.0.4+e2bdee7839.jar;C:\Users\Owner\.gradle\caches\modules-2\files-2.1\net.fabricmc.fabric-api\fabric-resource-conditions-api-v1\6.0.5+00a1fba639\838cfa9d7709a518263d7cac4f9eb2d3e5ea7e6d\fabric-resource-conditions-api-v1-6.0.5+00a1fba639.jar;C:\Users\Owner\.gradle\caches\modules-2\files-2.1\net.fabricmc.fabric-api\fabric-serialization-api-v1\2.0.3+11a26f3139\a4dad7cf50e6727879ebab013f947c078d9e6779\fabric-serialization-api-v1-2.0.3+11a26f3139.jar;C:\Users\Owner\.gradle\caches\modules-2\files-2.1\net.fabricmc.fabric-api\fabric-sound-api-v1\2.0.4+11a26f3139\29db65b5994288adbb30e50af802904beb968387\fabric-sound-api-v1-2.0.4+11a26f3139.jar;C:\Users\Owner\.gradle\caches\modules-2\files-2.1\net.fabricmc.fabric-api\fabric-transitive-access-wideners-v1\8.0.11+d871b99e39\f7b531d31939d10a244b3164624a93786df0b784\fabric-transitive-access-wideners-v1-8.0.11+d871b99e39.jar;J:\minecraft orgenal mod with GPT\the_end_of_dragon\fabric\build\classes\java\main;J:\minecraft orgenal mod with GPT\the_end_of_dragon\fabric\build\resources\main
Launcher Type: SUN_STANDARD

[Global flags]
     intx CICompilerCount                          = 12                                        {product} {ergonomic}
     uint ConcGCThreads                            = 5                                         {product} {ergonomic}
     uint G1ConcRefinementThreads                  = 20                                        {product} {ergonomic}
   size_t G1HeapRegionSize                         = 8388608                                   {product} {ergonomic}
   size_t InitialHeapSize                          = 1073741824                                {product} {ergonomic}
   size_t MarkStackSize                            = 4194304                                   {product} {ergonomic}
   size_t MarkStackSizeMax                         = 536870912                                 {product} {ergonomic}
   size_t MaxHeapSize                              = 17129537536                               {product} {ergonomic}
   size_t MaxNewSize                               = 10276044800                               {product} {ergonomic}
   size_t MinHeapDeltaBytes                        = 8388608                                   {product} {ergonomic}
   size_t MinHeapSize                              = 8388608                                   {product} {ergonomic}
    uintx NonNMethodCodeHeapSize                   = 7602176                                {pd product} {ergonomic}
    uintx NonProfiledCodeHeapSize                  = 122093568                              {pd product} {ergonomic}
    uintx ProfiledCodeHeapSize                     = 121962496                              {pd product} {ergonomic}
    uintx ReservedCodeCacheSize                    = 251658240                              {pd product} {ergonomic}
     bool SegmentedCodeCache                       = true                                      {product} {ergonomic}
   size_t SoftMaxHeapSize                          = 17129537536                            {manageable} {ergonomic}
     bool UseCompressedOops                        = true                           {product lp64_product} {ergonomic}
     bool UseG1GC                                  = true                                      {product} {ergonomic}
     bool UseLargePagesIndividualAllocation        = false                                  {pd product} {ergonomic}

Logging:
Log output configuration:
 #0: stdout all=warning uptime,level,tags foldmultilines=false
 #1: stderr all=off uptime,level,tags foldmultilines=false

Release file:
IMPLEMENTOR="Oracle Corporation" 
JAVA_RUNTIME_VERSION="25.0.3+9-LTS-195" 
JAVA_VERSION="25.0.3" 
JAVA_VERSION_DATE="2026-04-21" 
LIBC="default" 
MODULES="java.base java.compiler java.datatransfer java.xml java.prefs java.desktop java.instrument java.logging java.management java.security.sasl java.naming java.rmi java.management.rmi java.net.http java.scripting java.security.jgss java.transaction.xa java.sql java.sql.rowset java.xml.crypto java.se java.smartcardio jdk.accessibility jdk.internal.jvmstat jdk.attach jdk.charsets jdk.internal.opt jdk.zipfs jdk.compiler jdk.crypto.cryptoki jdk.crypto.ec jdk.crypto.mscapi jdk.dynalink jdk.internal.ed jdk.editpad jdk.internal.vm.ci jdk.graal.compiler jdk.graal.compiler.management jdk.hotspot.agent jdk.httpserver jdk.incubator.vector jdk.internal.le jdk.internal.md jdk.jartool jdk.javadoc jdk.jcmd jdk.management jdk.management.agent jdk.jconsole jdk.jdeps jdk.jdwp.agent jdk.jdi jdk.jfr jdk.jlink jdk.jpackage jdk.jshell jdk.jsobject jdk.jstatd jdk.localedata jdk.management.jfr jdk.naming.dns jdk.naming.rmi jdk.net jdk.nio.mapmode jdk.sctp jdk.security.auth jdk.security.jgss jdk.unsupported jdk.unsupported.desktop jdk.xml.dom" 
OS_ARCH="x86_64" 
OS_NAME="Windows" 
SOURCE=".:git:bf167394bb46 open:git:e57ac4c1e765" 

Environment Variables:
PATH=C:\Program Files\Common Files\Oracle\Java\javapath;C:\Windows\system32;C:\Windows;C:\Windows\System32\Wbem;C:\Windows\System32\WindowsPowerShell\v1.0\;C:\Windows\System32\OpenSSH\;C:\Program Files (x86)\NVIDIA Corporation\PhysX\Common;C:\WINDOWS\system32;C:\WINDOWS;C:\WINDOWS\System32\Wbem;C:\WINDOWS\System32\WindowsPowerShell\v1.0\;C:\WINDOWS\System32\OpenSSH\;C:\Program Files\Microsoft SQL Server\150\Tools\Binn\;C:\Program Files\Microsoft SQL Server\Client SDK\ODBC\170\Tools\Binn\;C:\Program Files\dotnet\;C:\Program Files (x86)\Windows Kits\10\Windows Performance Toolkit\;C:\Program Files\Git\cmd;C:\Program Files\NVIDIA Corporation\NVIDIA App\NvDLISR;C:\Users\Owner\AppData\Local\Programs\Eclipse Adoptium\jdk-21.0.6.7-hotspot\bin;C:\Users\Owner\AppData\Local\Microsoft\WindowsApps;C:\Users\Owner\AppData\Local\Programs\Microsoft VS Code\bin;C:\Users\Owner\.dotnet\tools;C:\Program Files\JetBrains\IntelliJ IDEA 2026.1\bin
USERNAME=LichtMeilleur
OS=Windows_NT
PROCESSOR_IDENTIFIER=Intel64 Family 6 Model 183 Stepping 1, GenuineIntel
TMP=C:\Users\Owner\AppData\Local\Temp
TEMP=C:\Users\Owner\AppData\Local\Temp




Compilation memory statistics disabled.

Periodic native trim disabled

---------------  S Y S T E M  ---------------

OS:
 Windows 11 , 64 bit Build 26100 (10.0.26100.8521)
OS uptime: 6 days 0:33 hours

CPU: total 28 (initial active 28) (14 cores per cpu, 2 threads per core) family 6 model 183 stepping 1 microcode 0x120, cx8, cmov, fxsr, ht, mmx, 3dnowpref, sse, sse2, sse3, ssse3, sse4.1, sse4.2, popcnt, lzcnt, tsc, tscinvbit, avx, avx2, aes, erms, clmul, bmi1, bmi2, adx, sha, fma, vzeroupper, clflush, clflushopt, clwb, serialize, rdtscp, rdpid, fsrm, gfni, f16c, pku, cet_ibt, cet_ss
Processor Information for the first 28 processors :
  Max Mhz: 3400, Current Mhz: 3400, Mhz Limit: 3400

Memory: 4k page, system-wide physical 65312M (20334M free)
TotalPageFile size 120608M (AvailPageFile size 63652M)
current process WorkingSet (physical memory assigned to process): 1508M, peak: 1513M
current process commit charge ("private bytes"): 1978M, peak: 1987M

vm_info: Java HotSpot(TM) 64-Bit Server VM (25.0.3+9-LTS-195) for windows-amd64 JRE (25.0.3+9-LTS-195), built on 2026-03-11T00:20:00Z with MS VC++ 17.13 (VS2022)

END.
