#
# A fatal error has been detected by the Java Runtime Environment:
#
#  EXCEPTION_ACCESS_VIOLATION (0xc0000005) at pc=0x00007ffbc35aedc5, pid=48224, tid=27444
#
# JRE version: Java(TM) SE Runtime Environment (25.0.3+9) (build 25.0.3+9-LTS-195)
# Java VM: Java HotSpot(TM) 64-Bit Server VM (25.0.3+9-LTS-195, mixed mode, sharing, tiered, compressed oops, compressed class ptrs, g1 gc, windows-amd64)
# Problematic frame:
# V  [jvm.dll+0x29edc5]
#
# No core dump will be written. Minidumps are not enabled by default on client versions of Windows
#
# If you would like to submit a bug report, please visit:
#   https://bugreport.java.com/bugreport/crash.jsp
#

---------------  S U M M A R Y ------------

Command Line: -Ddebugger.agent.enable.coroutines=true -Ddebugger.async.stack.trace.for.all.threads=true -Dfabric.dli.config=J:\minecraft@@0020orgenal@@0020mod@@0020with@@0020GPT\the_end_of_dragon\fabric\.gradle\loom-cache\launch.cfg -Dfabric.dli.env=client -Dfabric.dli.main=net.fabricmc.loader.impl.launch.knot.KnotClient -Dkotlinx.coroutines.debug.enable.creation.stack.trace=false -Dkotlinx.coroutines.debug.enable.flows.stack.trace=true -Dkotlinx.coroutines.debug.enable.mutable.state.flows.stack.trace=true --sun-misc-unsafe-memory-access=allow --enable-native-access=ALL-UNNAMED -agentlib:jdwp=transport=dt_socket,server=n,suspend=y,address=127.0.0.1:56448 -javaagent:C:\Users\Owner\AppData\Local\JetBrains\IntelliJIdea2026.1\captureAgent\debugger-agent.jar=file:///C:/Users/Owner/AppData/Local/Temp/capture17534760281078270838.props -Dfile.encoding=UTF-8 -Duser.country=JP -Duser.language=ja -Duser.variant net.fabricmc.devlaunchinjector.Main

Host: Intel(R) Core(TM) i7-14700K, 28 cores, 63G,  Windows 11 , 64 bit Build 26100 (10.0.26100.8875)
Time: Tue Jul 21 12:28:49 2026 elapsed time: 6.975437 seconds (0d 0h 0m 6s)

---------------  T H R E A D  ---------------

Current thread (0x000001de9f978570):  JavaThread "C2 CompilerThread1" daemon [_thread_in_native, id=27444, stack(0x0000005877000000,0x0000005877100000) (1024K)]


Current CompileTask:
C2:6975 15349       4       com.google.gson.internal.bind.JsonTreeReader::<init> (44 bytes)

Stack: [0x0000005877000000,0x0000005877100000],  sp=0x00000058770fcbc0,  free space=1010k
Native frames: (J=compiled Java code, j=interpreted, Vv=VM code, C=native code)
V  [jvm.dll+0x29edc5]  (no source info available)
V  [jvm.dll+0x2546e7]  (no source info available)
V  [jvm.dll+0x2c0bac]  (no source info available)
V  [jvm.dll+0x2bfcff]  (no source info available)
V  [jvm.dll+0x237b20]  (no source info available)
V  [jvm.dll+0x2cfe26]  (no source info available)
V  [jvm.dll+0x2ce0a5]  (no source info available)
V  [jvm.dll+0x48ee81]  (no source info available)
V  [jvm.dll+0x907c6d]  (no source info available)
V  [jvm.dll+0x7a6345]  (no source info available)
C  [ucrtbase.dll+0x2cd30]  (no source info available)
C  [KERNEL32.DLL+0x2e957]  (no source info available)
C  [ntdll.dll+0xaad6c]  (no source info available)


siginfo: EXCEPTION_ACCESS_VIOLATION (0xc0000005), writing address 0x00000058f399611c


Registers:
RAX=0x000001deb337ca00, RBX=0x00000058770fd0e0, RCX=0x000000000000015f, RDX=0x0000000000000000
RSP=0x00000058770fcbc0, RBP=0x0000000000000065, RSI=0x00000058770fcd70, RDI=0x000001deacf2a900
R8 =0x0000000000000018, R9 =0x0000000000000003, R10=0x0000000000000000, R11=0x0000000000000001
R12=0x00000058770fcd70, R13=0x000001deacf29678, R14=0x000001deabe307d8, R15=0x0000000000000004
RIP=0x00007ffbc35aedc5, EFLAGS=0x0000000000010246

XMM[0]=0x0000000000000000 0x3ff0000000000000
XMM[1]=0x0000000000000000 0x0000080000000000
XMM[2]=0x000001deacf2c370 0x000001dea45aa3e0
XMM[3]=0x000001deb5b9b700 0x000001deb5b9b700
XMM[4]=0x0000000300000002 0x0000000100000000
XMM[5]=0x000001deabe33560 0x000001deabe336d0
XMM[6]=0x0000000000000000 0x3ff8000000000000
XMM[7]=0x0000000000000000 0x0000000000000000
XMM[8]=0x0000000000000000 0x0000000000000000
XMM[9]=0x0000000000000000 0x0000000000000000
XMM[10]=0x0000000000000000 0x0000000000000000
XMM[11]=0x0000000000000000 0x0000000000000000
XMM[12]=0x0000000000000000 0x0000000000000000
XMM[13]=0x0000000000000000 0x0000000000000000
XMM[14]=0x0000000000000000 0x0000000000000000
XMM[15]=0x0000000000000000 0x0000000000000000
  MXCSR=0x00001fa0


Register to memory mapping:

RAX=0x000001deb337ca00 points into unknown readable memory: 0x0000000100000000 | 00 00 00 00 01 00 00 00
RBX=0x00000058770fd0e0 is pointing into the stack for thread: 0x000001de9f978570
RCX=0x000000000000015f is an unknown value
RDX=0x0 is null
RSP=0x00000058770fcbc0 is pointing into the stack for thread: 0x000001de9f978570
RBP=0x0000000000000065 is an unknown value
RSI=0x00000058770fcd70 is pointing into the stack for thread: 0x000001de9f978570
RDI=0x000001deacf2a900 points into unknown readable memory: 0x00007ffbc3d2cd30 | 30 cd d2 c3 fb 7f 00 00
R8 =0x0000000000000018 is an unknown value
R9 =0x0000000000000003 is an unknown value
R10=0x0 is null
R11=0x0000000000000001 is an unknown value
R12=0x00000058770fcd70 is pointing into the stack for thread: 0x000001de9f978570
R13=0x000001deacf29678 points into unknown readable memory: 0x00007ffbc3daf9f8 | f8 f9 da c3 fb 7f 00 00
R14=0x000001deabe307d8 points into unknown readable memory: 0x00007ffbc3db47b8 | b8 47 db c3 fb 7f 00 00
R15=0x0000000000000004 is an unknown value

Top of Stack: (sp=0x00000058770fcbc0)
0x00000058770fcbc0:   000001deabe32998 0000000000000009   .)..............
0x00000058770fcbd0:   000001dea860bf98 000001deabe32d98   ..`......-......
0x00000058770fcbe0:   0000000000000008 00007ffbc35ada7b   ........{.Z.....
0x00000058770fcbf0:   0000000300000065 00000003abe32d78   e.......x-......
0x00000058770fcc00:   0000000000000000 000001deabe307d8   ................
0x00000058770fcc10:   0000000000000018 00000000000003d8   ................
0x00000058770fcc20:   0000000000000000 0000000000000000   ................
0x00000058770fcc30:   000001dea9922ed8 00000000000003d8   ................
0x00000058770fcc40:   000001dea9922ec0 000000000000001a   ................
0x00000058770fcc50:   00000058770fd1c0 00000058770fd148   ...wX...H..wX...
0x00000058770fcc60:   00000058770fcd70 00007ffbc35646e7   p..wX....FV.....
0x00000058770fcc70:   00000058770fcd70 00000058770fd0e0   p..wX......wX...
0x00000058770fcc80:   0000005800000003 000001de00000015   ....X...........
0x00000058770fcc90:   0000005800000000 0000000200000002   ....X...........
0x00000058770fcca0:   000001deb3370507 0000000000018360   ..7.....`.......
0x00000058770fccb0:   000001dea9922ec0 000001deaa57d010   ..........W.....
0x00000058770fccc0:   000001deaa581248 000001deaa585000   H.X......PX.....
0x00000058770fccd0:   000001dea9922ed8 00000058770fce20   ........ ..wX...
0x00000058770fcce0:   00000058770f0000 0000000000000000   ...wX...........
0x00000058770fccf0:   000001deb337ebc0 000001de9fa69000   ..7.............
0x00000058770fcd00:   0000000000000010 00007ffbc3e5a300   ................
0x00000058770fcd10:   0000000000000000 00000058770fe5a0   ...........wX...
0x00000058770fcd20:   0000000000000000 0000000000000000   ................
0x00000058770fcd30:   000000000000000c 00000058770fe5a0   ...........wX...
0x00000058770fcd40:   000001dea748f958 3ff0000000000001   X.H............?
0x00000058770fcd50:   000001deb50c1b78 00000200000000ad   x...............
0x00000058770fcd60:   00000058770fcca0 000001dea9922ed8   ...wX...........
0x00000058770fcd70:   00007ffbc3dc9ba0 000001de0000000d   ................
0x00000058770fcd80:   00000058770fe5a0 00000058770fd0e0   ...wX......wX...
0x00000058770fcd90:   00000000000001f6 000000000000000d   ................
0x00000058770fcda0:   000000000000000a 00000058770fe5a0   ...........wX...
0x00000058770fcdb0:   000001deaa57d028 0000000000000000   (.W.............

Instructions: (pc=0x00007ffbc35aedc5)
  0x00007ffbc35aecc5:   8b f8 48 8b 8b 08 01 00 00 89 04 91 49 8b 5c 24
  0x00007ffbc35aecd5:   18 48 63 4e 28 48 8b 83 08 01 00 00 48 63 14 88
  0x00007ffbc35aece5:   48 8b 83 f0 00 00 00 8b 04 90 3b c2 74 1b 48 8d
  0x00007ffbc35aecf5:   8b e0 00 00 00 e8 a1 7c fb ff 4c 63 46 28 48 8b
  0x00007ffbc35aed05:   8b 08 01 00 00 42 89 04 81 3b f8 0f 85 81 00 00
  0x00007ffbc35aed15:   00 48 8b d6 49 8b cd e8 2f 20 53 00 4d 8b 4d 08
  0x00007ffbc35aed25:   49 8b 0c e9 48 85 c9 74 28 4c 8b 41 10 4d 85 c0
  0x00007ffbc35aed35:   74 1f 8b 41 20 49 8d 14 c0 66 90 4c 39 6a f8 48
  0x00007ffbc35aed45:   8d 52 f8 75 f6 ff c8 89 41 20 49 8b 0c c0 48 89
  0x00007ffbc35aed55:   0a 65 48 8b 04 25 58 00 00 00 45 33 c0 b9 48 00
  0x00007ffbc35aed65:   00 00 4d 89 04 e9 4a 8b 04 f8 44 38 04 01 75 05
  0x00007ffbc35aed75:   e8 7e 99 74 00 8b bc 24 c0 00 00 00 49 8d 4e 10
  0x00007ffbc35aed85:   8b d7 e8 d4 26 4e 00 41 ff 4e 30 ff cf e9 bb 0b
  0x00007ffbc35aed95:   00 00 41 8b 4d 2c 8b c1 83 e0 0f 3c 0c 0f 85 6e
  0x00007ffbc35aeda5:   04 00 00 49 8b 5c 24 18 49 63 4d 28 48 8b 83 08
  0x00007ffbc35aedb5:   01 00 00 48 63 14 88 48 8b 83 f0 00 00 00 8b 3c
=>0x00007ffbc35aedc5:   90 89 7c 24 30 3b fa 74 20 48 8d 8b e0 00 00 00
  0x00007ffbc35aedd5:   e8 c6 7b fb ff 49 63 55 28 8b f8 48 8b 8b 08 01
  0x00007ffbc35aede5:   00 00 89 44 24 30 89 04 91 85 ff 0f 84 55 0b 00
  0x00007ffbc35aedf5:   00 41 b9 01 00 00 00 44 89 4c 24 34 44 39 4c 24
  0x00007ffbc35aee05:   3c 0f 86 3f 0b 00 00 41 b8 08 00 00 00 4c 89 44
  0x00007ffbc35aee15:   24 50 66 0f 1f 84 00 00 00 00 00 49 8b 45 08 49
  0x00007ffbc35aee25:   8b 5c 24 18 4d 8b 34 00 48 8b 83 08 01 00 00 49
  0x00007ffbc35aee35:   63 4e 28 48 63 14 88 48 8b 83 f0 00 00 00 8b 2c
  0x00007ffbc35aee45:   90 3b ea 74 26 48 8d 8b e0 00 00 00 e8 4a 7b fb
  0x00007ffbc35aee55:   ff 49 63 56 28 8b e8 48 8b 8b 08 01 00 00 4c 8b
  0x00007ffbc35aee65:   44 24 50 44 8b 4c 24 34 89 04 91 3b ef 0f 84 78
  0x00007ffbc35aee75:   03 00 00 48 8b 44 24 48 33 db 39 58 18 76 09 48
  0x00007ffbc35aee85:   8b 48 20 48 8b 01 eb 03 48 8b c3 48 8b 40 08 4a
  0x00007ffbc35aee95:   8b 0c 00 49 8b 44 24 18 8b 51 28 48 8b 48 48 48
  0x00007ffbc35aeea5:   8b 81 88 00 00 00 41 8b 4e 2c 4c 8b 3c d0 8b c1
  0x00007ffbc35aeeb5:   24 03 3c 02 0f 85 df 00 00 00 41 8b 46 30 c1 e8


Stack slot to memory mapping:

stack at sp + 0 slots: 0x000001deabe32998 points into unknown readable memory: 0x00007ffbc3db47b8 | b8 47 db c3 fb 7f 00 00
stack at sp + 1 slots: 0x0000000000000009 is an unknown value
stack at sp + 2 slots: 0x000001dea860bf98 points into unknown readable memory: 0x00007ffbc3dc9a00 | 00 9a dc c3 fb 7f 00 00
stack at sp + 3 slots: 0x000001deabe32d98 points into unknown readable memory: 0x000001deabe341d0 | d0 41 e3 ab de 01 00 00
stack at sp + 4 slots: 0x0000000000000008 is an unknown value
stack at sp + 5 slots: 0x00007ffbc35ada7b jvm.dll
stack at sp + 6 slots: 0x0000000300000065 is an unknown value
stack at sp + 7 slots: 0x00000003abe32d78 is an unknown value

Lock stack of current Java thread (top to bottom):


---------------  P R O C E S S  ---------------

Threads class SMR info:
_java_thread_list=0x000001dea6241eb0, length=61, elements={
0x000001deef65a3c0, 0x000001def91d25e0, 0x000001def91ce980, 0x000001def91d2ef0,
0x000001def91d4ac0, 0x000001def91dd690, 0x000001def91de250, 0x000001de9f852040,
0x000001def91e9a40, 0x000001de9f977d60, 0x000001de9f9744f0, 0x000001de9f978570,
0x000001de9fae7d20, 0x000001de9fae84f0, 0x000001de9fae8cc0, 0x000001dea400e4c0,
0x000001dea4036e70, 0x000001de9fb4fc80, 0x000001dea40b8770, 0x000001de9f976530,
0x000001dea5811a70, 0x000001dead96dfd0, 0x000001deb5fd90f0, 0x000001deb1001a10,
0x000001dea82ac2d0, 0x000001dea82aeb20, 0x000001dea5817b30, 0x000001deb5fe3500,
0x000001deb5fe3cd0, 0x000001deb5fe0df0, 0x000001deb3ad3310, 0x000001deb4cb05d0,
0x000001deb4cb9a40, 0x000001deb4cbffd0, 0x000001deb4cbf800, 0x000001deb4cc2eb0,
0x000001deb4cc4620, 0x000001deb5e14c30, 0x000001deb5e12cf0, 0x000001deb5e15400,
0x000001deb5e14460, 0x000001deb5e1a220, 0x000001deb5e1a9f0, 0x000001deb5e1b990,
0x000001deb5e1d100, 0x000001deb5e1c930, 0x000001deb5e1f040, 0x000001deb5e20f80,
0x000001deb5e21750, 0x000001deb5e1f810, 0x000001deb5e26d40, 0x000001deb5e23690,
0x000001deb5e28c80, 0x000001deb5e29450, 0x000001deb5e25da0, 0x000001deb5e29c20,
0x000001deb5e2a3f0, 0x000001deb5e2b390, 0x000001deb5e2e270, 0x000001deb6c4df70,
0x000001deb2907b90
}

Java Threads: ( => current thread )
  0x000001deef65a3c0 JavaThread "Render thread"                     [_thread_blocked, id=5696, stack(0x0000005875e00000,0x0000005875f00000) (1024K)]
  0x000001def91d25e0 JavaThread "Reference Handler"          daemon [_thread_blocked, id=49568, stack(0x0000005876600000,0x0000005876700000) (1024K)]
  0x000001def91ce980 JavaThread "Finalizer"                  daemon [_thread_blocked, id=31412, stack(0x0000005876700000,0x0000005876800000) (1024K)]
  0x000001def91d2ef0 JavaThread "Signal Dispatcher"          daemon [_thread_blocked, id=50804, stack(0x0000005876800000,0x0000005876900000) (1024K)]
  0x000001def91d4ac0 JavaThread "Attach Listener"            daemon [_thread_blocked, id=41692, stack(0x0000005876900000,0x0000005876a00000) (1024K)]
  0x000001def91dd690 JavaThread "Service Thread"             daemon [_thread_blocked, id=50004, stack(0x0000005876a00000,0x0000005876b00000) (1024K)]
  0x000001def91de250 JavaThread "Monitor Deflation Thread"   daemon [_thread_blocked, id=29224, stack(0x0000005876b00000,0x0000005876c00000) (1024K)]
  0x000001de9f852040 JavaThread "C2 CompilerThread0"         daemon [_thread_in_native, id=36504, stack(0x0000005876c00000,0x0000005876d00000) (1024K)]
  0x000001def91e9a40 JavaThread "C1 CompilerThread0"         daemon [_thread_blocked, id=44872, stack(0x0000005876d00000,0x0000005876e00000) (1024K)]
  0x000001de9f977d60 JavaThread "C1 CompilerThread1"         daemon [_thread_in_native, id=42596, stack(0x0000005876e00000,0x0000005876f00000) (1024K)]
  0x000001de9f9744f0 JavaThread "C1 CompilerThread2"         daemon [_thread_blocked, id=48668, stack(0x0000005876f00000,0x0000005877000000) (1024K)]
=>0x000001de9f978570 JavaThread "C2 CompilerThread1"         daemon [_thread_in_native, id=27444, stack(0x0000005877000000,0x0000005877100000) (1024K)]
  0x000001de9fae7d20 JavaThread "JDWP Transport Listener: dt_socket" daemon [_thread_blocked, id=40732, stack(0x0000005877100000,0x0000005877200000) (1024K)]
  0x000001de9fae84f0 JavaThread "JDWP Event Helper Thread"   daemon [_thread_blocked, id=9624, stack(0x0000005877200000,0x0000005877300000) (1024K)]
  0x000001de9fae8cc0 JavaThread "JDWP Command Reader"        daemon [_thread_in_native, id=5720, stack(0x0000005877300000,0x0000005877400000) (1024K)]
  0x000001dea400e4c0 JavaThread "Common-Cleaner"             daemon [_thread_blocked, id=42860, stack(0x0000005877400000,0x0000005877500000) (1024K)]
  0x000001dea4036e70 JavaThread "IntelliJ Suspend Helper"    daemon [_thread_blocked, id=22772, stack(0x0000005877500000,0x0000005877600000) (1024K)]
  0x000001de9fb4fc80 JavaThread "Notification Thread"        daemon [_thread_blocked, id=49952, stack(0x0000005877600000,0x0000005877700000) (1024K)]
  0x000001dea40b8770 JavaThread "CoarseTimer"                daemon [_thread_blocked, id=47144, stack(0x0000005877700000,0x0000005877800000) (1024K)]
  0x000001de9f976530 JavaThread "C2 CompilerThread2"         daemon [_thread_in_native, id=20260, stack(0x0000005877800000,0x0000005877900000) (1024K)]
  0x000001dea5811a70 JavaThread "C1 CompilerThread3"         daemon [_thread_blocked, id=42604, stack(0x0000005878c00000,0x0000005878d00000) (1024K)]
  0x000001dead96dfd0 JavaThread "JNA Cleaner"                daemon [_thread_blocked, id=35604, stack(0x0000005879500000,0x0000005879600000) (1024K)]
  0x000001deb5fd90f0 JavaThread "Timer hack thread"          daemon [_thread_blocked, id=35896, stack(0x0000005879100000,0x0000005879200000) (1024K)]
  0x000001deb1001a10 JavaThread "C2 CompilerThread3"         daemon [_thread_in_native, id=50460, stack(0x0000005879200000,0x0000005879300000) (1024K)]
  0x000001dea82ac2d0 JavaThread "C2 CompilerThread4"         daemon [_thread_in_native, id=48320, stack(0x0000005879300000,0x0000005879400000) (1024K)]
  0x000001dea82aeb20 JavaThread "C2 CompilerThread5"         daemon [_thread_in_native, id=24244, stack(0x0000005879400000,0x0000005879500000) (1024K)]
  0x000001dea5817b30 JavaThread "C2 CompilerThread6"         daemon [_thread_in_native, id=38408, stack(0x0000005879900000,0x0000005879a00000) (1024K)]
  0x000001deb5fe3500 JavaThread "Yggdrasil Key Fetcher"      daemon [_thread_blocked, id=39152, stack(0x0000005879b00000,0x0000005879c00000) (1024K)]
  0x000001deb5fe3cd0 JavaThread "Download-1"                 daemon [_thread_blocked, id=17384, stack(0x0000005879c00000,0x0000005879d00000) (1024K)]
  0x000001deb5fe0df0 JavaThread "Download-2"                 daemon [_thread_blocked, id=46504, stack(0x0000005879d00000,0x0000005879e00000) (1024K)]
  0x000001deb3ad3310 JavaThread "Keep-Alive-Timer"           daemon [_thread_blocked, id=37300, stack(0x0000005879f00000,0x000000587a000000) (1024K)]
  0x000001deb4cb05d0 JavaThread "Sound engine"               daemon [_thread_blocked, id=33096, stack(0x000000587a600000,0x000000587a700000) (1024K)]
  0x000001deb4cb9a40 JavaThread "Worker-Main-1"              daemon [_thread_in_Java, id=24840, stack(0x0000005879a00000,0x0000005879b00000) (1024K)]
  0x000001deb4cbffd0 JavaThread "Worker-Main-2"              daemon [_thread_in_Java, id=40604, stack(0x000000587a800000,0x000000587a900000) (1024K)]
  0x000001deb4cbf800 JavaThread "Worker-Main-3"              daemon [_thread_blocked, id=2748, stack(0x000000587a900000,0x000000587aa00000) (1024K)]
  0x000001deb4cc2eb0 JavaThread "Worker-Main-4"              daemon [_thread_blocked, id=21560, stack(0x000000587aa00000,0x000000587ab00000) (1024K)]
  0x000001deb4cc4620 JavaThread "Worker-Main-5"              daemon [_thread_in_Java, id=49412, stack(0x000000587ab00000,0x000000587ac00000) (1024K)]
  0x000001deb5e14c30 JavaThread "Worker-Main-6"              daemon [_thread_in_Java, id=39104, stack(0x000000587ac00000,0x000000587ad00000) (1024K)]
  0x000001deb5e12cf0 JavaThread "Worker-Main-7"              daemon [_thread_in_Java, id=48928, stack(0x000000587ad00000,0x000000587ae00000) (1024K)]
  0x000001deb5e15400 JavaThread "Worker-Main-8"              daemon [_thread_in_Java, id=50860, stack(0x000000587ae00000,0x000000587af00000) (1024K)]
  0x000001deb5e14460 JavaThread "Worker-Main-9"              daemon [_thread_in_Java, id=48860, stack(0x000000587af00000,0x000000587b000000) (1024K)]
  0x000001deb5e1a220 JavaThread "Worker-Main-10"             daemon [_thread_in_Java, id=38060, stack(0x000000587b000000,0x000000587b100000) (1024K)]
  0x000001deb5e1a9f0 JavaThread "Worker-Main-11"             daemon [_thread_in_Java, id=51112, stack(0x000000587b100000,0x000000587b200000) (1024K)]
  0x000001deb5e1b990 JavaThread "Worker-Main-12"             daemon [_thread_in_Java, id=40104, stack(0x000000587b200000,0x000000587b300000) (1024K)]
  0x000001deb5e1d100 JavaThread "Worker-Main-13"             daemon [_thread_in_Java, id=48480, stack(0x000000587b300000,0x000000587b400000) (1024K)]
  0x000001deb5e1c930 JavaThread "Worker-Main-14"             daemon [_thread_in_Java, id=46036, stack(0x000000587b400000,0x000000587b500000) (1024K)]
  0x000001deb5e1f040 JavaThread "Worker-Main-15"             daemon [_thread_in_Java, id=47924, stack(0x000000587b500000,0x000000587b600000) (1024K)]
  0x000001deb5e20f80 JavaThread "Worker-Main-16"             daemon [_thread_in_Java, id=41616, stack(0x000000587b600000,0x000000587b700000) (1024K)]
  0x000001deb5e21750 JavaThread "Worker-Main-17"             daemon [_thread_in_Java, id=47368, stack(0x000000587b700000,0x000000587b800000) (1024K)]
  0x000001deb5e1f810 JavaThread "Worker-Main-18"             daemon [_thread_in_vm, id=50904, stack(0x000000587b800000,0x000000587b900000) (1024K)]
  0x000001deb5e26d40 JavaThread "Worker-Main-19"             daemon [_thread_in_Java, id=21040, stack(0x000000587b900000,0x000000587ba00000) (1024K)]
  0x000001deb5e23690 JavaThread "Worker-Main-20"             daemon [_thread_in_Java, id=50244, stack(0x000000587ba00000,0x000000587bb00000) (1024K)]
  0x000001deb5e28c80 JavaThread "Worker-Main-21"             daemon [_thread_in_Java, id=23072, stack(0x000000587bb00000,0x000000587bc00000) (1024K)]
  0x000001deb5e29450 JavaThread "Worker-Main-24"             daemon [_thread_in_Java, id=50784, stack(0x000000587bc00000,0x000000587bd00000) (1024K)]
  0x000001deb5e25da0 JavaThread "Worker-Main-23"             daemon [_thread_in_Java, id=46712, stack(0x000000587bd00000,0x000000587be00000) (1024K)]
  0x000001deb5e29c20 JavaThread "Worker-Main-22"             daemon [_thread_in_Java, id=31996, stack(0x000000587be00000,0x000000587bf00000) (1024K)]
  0x000001deb5e2a3f0 JavaThread "Worker-Main-25"             daemon [_thread_in_Java, id=35076, stack(0x000000587bf00000,0x000000587c000000) (1024K)]
  0x000001deb5e2b390 JavaThread "Worker-Main-26"             daemon [_thread_in_Java, id=49372, stack(0x000000587c000000,0x000000587c100000) (1024K)]
  0x000001deb5e2e270 JavaThread "Worker-Main-27"             daemon [_thread_in_Java, id=47196, stack(0x000000587c100000,0x000000587c200000) (1024K)]
  0x000001deb6c4df70 JavaThread "C2 CompilerThread7"         daemon [_thread_in_native, id=47288, stack(0x000000587c200000,0x000000587c300000) (1024K)]
  0x000001deb2907b90 JavaThread "ForkJoinPool.commonPool-worker-1" daemon [_thread_blocked, id=50960, stack(0x000000587a500000,0x000000587a600000) (1024K)]
Total: 61

Other Threads:
  0x000001def91bb1c0 VMThread "VM Thread"                           [id=21208, stack(0x0000005876500000,0x0000005876600000) (1024K)]
  0x000001def910f0b0 WatcherThread "VM Periodic Task Thread"        [id=17148, stack(0x0000005876400000,0x0000005876500000) (1024K)]
  0x000001def9070550 WorkerThread "GC Thread#0"                     [id=12528, stack(0x0000005875f00000,0x0000005876000000) (1024K)]
  0x000001dea55a9a90 WorkerThread "GC Thread#1"                     [id=1948, stack(0x0000005877900000,0x0000005877a00000) (1024K)]
  0x000001dea5538ad0 WorkerThread "GC Thread#2"                     [id=36408, stack(0x0000005877a00000,0x0000005877b00000) (1024K)]
  0x000001dea54dc150 WorkerThread "GC Thread#3"                     [id=43136, stack(0x0000005877b00000,0x0000005877c00000) (1024K)]
  0x000001dea54c3160 WorkerThread "GC Thread#4"                     [id=44916, stack(0x0000005877c00000,0x0000005877d00000) (1024K)]
  0x000001dea553fbf0 WorkerThread "GC Thread#5"                     [id=34576, stack(0x0000005877d00000,0x0000005877e00000) (1024K)]
  0x000001dea4bcd0b0 WorkerThread "GC Thread#6"                     [id=42704, stack(0x0000005877e00000,0x0000005877f00000) (1024K)]
  0x000001dea4bceee0 WorkerThread "GC Thread#7"                     [id=49696, stack(0x0000005877f00000,0x0000005878000000) (1024K)]
  0x000001dea4bcd500 WorkerThread "GC Thread#8"                     [id=14552, stack(0x0000005878000000,0x0000005878100000) (1024K)]
  0x000001dea4bce640 WorkerThread "GC Thread#9"                     [id=10808, stack(0x0000005878100000,0x0000005878200000) (1024K)]
  0x000001dea4bce1f0 WorkerThread "GC Thread#10"                    [id=49512, stack(0x0000005878200000,0x0000005878300000) (1024K)]
  0x000001dea4bcd950 WorkerThread "GC Thread#11"                    [id=40044, stack(0x0000005878300000,0x0000005878400000) (1024K)]
  0x000001dea4bcdda0 WorkerThread "GC Thread#12"                    [id=16984, stack(0x0000005878400000,0x0000005878500000) (1024K)]
  0x000001dea4bcea90 WorkerThread "GC Thread#13"                    [id=21892, stack(0x0000005878500000,0x0000005878600000) (1024K)]
  0x000001dea4bcf330 WorkerThread "GC Thread#14"                    [id=24544, stack(0x0000005878600000,0x0000005878700000) (1024K)]
  0x000001dea4bcf780 WorkerThread "GC Thread#15"                    [id=38540, stack(0x0000005878700000,0x0000005878800000) (1024K)]
  0x000001dea5598090 WorkerThread "GC Thread#16"                    [id=13748, stack(0x0000005878800000,0x0000005878900000) (1024K)]
  0x000001dea5597c40 WorkerThread "GC Thread#17"                    [id=50732, stack(0x0000005878900000,0x0000005878a00000) (1024K)]
  0x000001dea55984e0 WorkerThread "GC Thread#18"                    [id=41168, stack(0x0000005878a00000,0x0000005878b00000) (1024K)]
  0x000001dea5598930 WorkerThread "GC Thread#19"                    [id=50668, stack(0x0000005878b00000,0x0000005878c00000) (1024K)]
  0x000001deef6e6680 ConcurrentGCThread "G1 Main Marker"            [id=47512, stack(0x0000005876000000,0x0000005876100000) (1024K)]
  0x000001deef6e7220 WorkerThread "G1 Conc#0"                       [id=1692, stack(0x0000005876100000,0x0000005876200000) (1024K)]
  0x000001dea6c0f460 WorkerThread "G1 Conc#1"                       [id=50168, stack(0x0000005878d00000,0x0000005878e00000) (1024K)]
  0x000001dea6c0f8b0 WorkerThread "G1 Conc#2"                       [id=47664, stack(0x0000005878e00000,0x0000005878f00000) (1024K)]
  0x000001dea6c0ebc0 WorkerThread "G1 Conc#3"                       [id=47624, stack(0x0000005878f00000,0x0000005879000000) (1024K)]
  0x000001dea6c0ded0 WorkerThread "G1 Conc#4"                       [id=50196, stack(0x0000005879000000,0x0000005879100000) (1024K)]
  0x000001deef6fea20 ConcurrentGCThread "G1 Refine#0"               [id=42244, stack(0x0000005876200000,0x0000005876300000) (1024K)]
  0x000001def9102f40 ConcurrentGCThread "G1 Service"                [id=15076, stack(0x0000005876300000,0x0000005876400000) (1024K)]
Total: 30

Threads with active compile tasks:
C2 CompilerThread0  7225 16582       4       net.minecraft.client.resources.model.cuboid.UnbakedCuboidGeometry::bake (390 bytes)
C2 CompilerThread1  7225 15349       4       com.google.gson.internal.bind.JsonTreeReader::<init> (44 bytes)
C2 CompilerThread2  7225 16720       4       net.minecraft.client.resources.model.cuboid.ItemModelGenerator::checkTransition (52 bytes)
C2 CompilerThread3  7225 16615   !   4       net.minecraft.client.resources.model.ModelBakery::lambda$bakeModels$0 (40 bytes)
C2 CompilerThread4  7225 16642       4       org.objectweb.asm.ClassReader::accept (1419 bytes)
C2 CompilerThread5  7225 16535       4       net.minecraft.client.resources.model.cuboid.FaceBakery::bakeQuad (83 bytes)
C2 CompilerThread6  7225 16573       4       com.google.common.collect.AbstractListMultimap::get (6 bytes)
C2 CompilerThread7  7225 16584       4       net.minecraft.client.resources.model.SimpleModelWrapper::bake (218 bytes)
Total: 8

VM state: not at safepoint (normal execution)

VM Mutex/Monitor currently owned by a thread: None

Heap address: 0x0000000403000000, size: 16336 MB, Compressed Oops mode: Zero based, Oop shift amount: 3

CDS archive(s) mapped at: [0x000000000b000000-0x000000000bdd0000-0x000000000bdd0000), size 14483456, SharedBaseAddress: 0x000000000b000000, ArchiveRelocationMode: 1.
Compressed class space mapped at: 0x000000000c000000-0x000000004c000000, reserved size: 1073741824
UseCompressedClassPointers 1, UseCompactObjectHeaders 0
Narrow klass pointer bits 32, Max shift 3
Narrow klass base: 0x000000000b000000, Narrow klass shift: 0
Encoding Range: [0x000000000b000000 - 0x000000010b000000), (4294967296 bytes)
Klass Range:    [0x000000000b010000 - 0x000000004c000000), (1090453504 bytes)
Klass ID Range:  [65536 - 1090519033) (1090453497)
Protection zone: [0x000000000b000000 - 0x000000000b010000), (65536 bytes)

GC Precious Log:
 CardTable entry size: 512
 Card Set container configuration: InlinePtr #cards 4 size 8 Array Of Cards #cards 64 size 144 Howl #buckets 8 coarsen threshold 14745 Howl Bitmap #cards 2048 size 272 coarsen threshold 1843 Card regions per heap region 1 cards per card region 16384
 CPUs: 28 total, 28 available
 Memory: 65312M
 Large Page Support: Disabled
 NUMA Support: Disabled
 Compressed Oops: Enabled (Zero based)
 Heap Region Size: 8M
 Heap Min Capacity: 8M
 Heap Initial Capacity: 1G
 Heap Max Capacity: 16336M
 Pre-touch: Disabled
 Parallel Workers: 20
 Concurrent Workers: 5
 Concurrent Refinement Workers: 20
 Periodic GC: Disabled

Heap:
 garbage-first heap   total reserved 16728064K, committed 573440K, used 227683K [0x0000000403000000, 0x0000000800000000)
  region size 8192K, 7 young (57344K), 4 survivors (32768K)

Heap Regions: E=young(eden), S=young(survivor), O=old, HS=humongous(starts), HC=humongous(continues), CS=collection set, F=free, TAMS=top-at-mark-start, PB=parsable bottom
|   0|0x0000000403000000, 0x0000000403800000, 0x0000000403800000|100%| O|  |TAMS 0x0000000403000000| PB 0x0000000403000000| Untracked |  0
|   1|0x0000000403800000, 0x0000000404000000, 0x0000000404000000|100%| O|  |TAMS 0x0000000403800000| PB 0x0000000403800000| Untracked |  0
|   2|0x0000000404000000, 0x0000000404800000, 0x0000000404800000|100%| O|  |TAMS 0x0000000404000000| PB 0x0000000404000000| Untracked |  0
|   3|0x0000000404800000, 0x0000000405000000, 0x0000000405000000|100%| O|  |TAMS 0x0000000404800000| PB 0x0000000404800000| Untracked |  0
|   4|0x0000000405000000, 0x0000000405800000, 0x0000000405800000|100%|HS|  |TAMS 0x0000000405000000| PB 0x0000000405000000| Complete |  0
|   5|0x0000000405800000, 0x0000000406000000, 0x0000000406000000|100%|HC|  |TAMS 0x0000000405800000| PB 0x0000000405800000| Complete |  0
|   6|0x0000000406000000, 0x0000000406800000, 0x0000000406800000|100%| O|  |TAMS 0x0000000406000000| PB 0x0000000406000000| Untracked |  0
|   7|0x0000000406800000, 0x0000000407000000, 0x0000000407000000|100%| O|  |TAMS 0x0000000406800000| PB 0x0000000406800000| Untracked |  0
|   8|0x0000000407000000, 0x0000000407800000, 0x0000000407800000|100%| O|  |TAMS 0x0000000407000000| PB 0x0000000407000000| Untracked |  0
|   9|0x0000000407800000, 0x0000000408000000, 0x0000000408000000|100%| O|  |TAMS 0x0000000407800000| PB 0x0000000407800000| Untracked |  0
|  10|0x0000000408000000, 0x0000000408800000, 0x0000000408800000|100%| O|  |TAMS 0x0000000408000000| PB 0x0000000408000000| Untracked |  0
|  11|0x0000000408800000, 0x0000000409000000, 0x0000000409000000|100%| O|  |TAMS 0x0000000408800000| PB 0x0000000408800000| Untracked |  0
|  12|0x0000000409000000, 0x0000000409800000, 0x0000000409800000|100%| O|  |TAMS 0x0000000409000000| PB 0x0000000409000000| Untracked |  0
|  13|0x0000000409800000, 0x000000040a000000, 0x000000040a000000|100%| O|Cm|TAMS 0x0000000409800000| PB 0x0000000409800000| Complete |  0
|  14|0x000000040a000000, 0x000000040a800000, 0x000000040a800000|100%| O|  |TAMS 0x000000040a000000| PB 0x000000040a000000| Untracked |  0
|  15|0x000000040a800000, 0x000000040b000000, 0x000000040b000000|100%| O|  |TAMS 0x000000040a800000| PB 0x000000040a800000| Untracked |  0
|  16|0x000000040b000000, 0x000000040b800000, 0x000000040b800000|100%| O|  |TAMS 0x000000040b000000| PB 0x000000040b000000| Untracked |  0
|  17|0x000000040b800000, 0x000000040c000000, 0x000000040c000000|100%| O|  |TAMS 0x000000040b800000| PB 0x000000040b800000| Untracked |  0
|  18|0x000000040c000000, 0x000000040c000000, 0x000000040c800000|  0%| F|  |TAMS 0x000000040c000000| PB 0x000000040c000000| Untracked |  0
|  19|0x000000040c800000, 0x000000040c800000, 0x000000040d000000|  0%| F|  |TAMS 0x000000040c800000| PB 0x000000040c800000| Untracked |  0
|  20|0x000000040d000000, 0x000000040d800000, 0x000000040d800000|100%| O|  |TAMS 0x000000040d000000| PB 0x000000040d000000| Untracked |  0
|  21|0x000000040d800000, 0x000000040dfa2970, 0x000000040e000000| 95%| O|  |TAMS 0x000000040d800000| PB 0x000000040d800000| Untracked |  0
|  22|0x000000040e000000, 0x000000040e000000, 0x000000040e800000|  0%| F|  |TAMS 0x000000040e000000| PB 0x000000040e000000| Untracked |  0
|  23|0x000000040e800000, 0x000000040e800000, 0x000000040f000000|  0%| F|  |TAMS 0x000000040e800000| PB 0x000000040e800000| Untracked |  0
|  24|0x000000040f000000, 0x000000040f000000, 0x000000040f800000|  0%| F|  |TAMS 0x000000040f000000| PB 0x000000040f000000| Untracked |  0
|  25|0x000000040f800000, 0x000000040f800000, 0x0000000410000000|  0%| F|  |TAMS 0x000000040f800000| PB 0x000000040f800000| Untracked |  0
|  26|0x0000000410000000, 0x00000004106b65d0, 0x0000000410800000| 83%| S|CS|TAMS 0x0000000410000000| PB 0x0000000410000000| Complete |  0
|  27|0x0000000410800000, 0x0000000411000000, 0x0000000411000000|100%| S|CS|TAMS 0x0000000410800000| PB 0x0000000410800000| Complete |  0
|  28|0x0000000411000000, 0x0000000411800000, 0x0000000411800000|100%| S|CS|TAMS 0x0000000411000000| PB 0x0000000411000000| Complete |  0
|  29|0x0000000411800000, 0x0000000412000000, 0x0000000412000000|100%| S|CS|TAMS 0x0000000411800000| PB 0x0000000411800000| Complete |  0
|  30|0x0000000412000000, 0x0000000412000000, 0x0000000412800000|  0%| F|  |TAMS 0x0000000412000000| PB 0x0000000412000000| Untracked |  0
|  31|0x0000000412800000, 0x0000000412800000, 0x0000000413000000|  0%| F|  |TAMS 0x0000000412800000| PB 0x0000000412800000| Untracked |  0
|  32|0x0000000413000000, 0x0000000413000000, 0x0000000413800000|  0%| F|  |TAMS 0x0000000413000000| PB 0x0000000413000000| Untracked |  0
|  33|0x0000000413800000, 0x0000000413800000, 0x0000000414000000|  0%| F|  |TAMS 0x0000000413800000| PB 0x0000000413800000| Untracked |  0
|  34|0x0000000414000000, 0x0000000414000000, 0x0000000414800000|  0%| F|  |TAMS 0x0000000414000000| PB 0x0000000414000000| Untracked |  0
|  35|0x0000000414800000, 0x0000000414800000, 0x0000000415000000|  0%| F|  |TAMS 0x0000000414800000| PB 0x0000000414800000| Untracked |  0
|  36|0x0000000415000000, 0x0000000415000000, 0x0000000415800000|  0%| F|  |TAMS 0x0000000415000000| PB 0x0000000415000000| Untracked |  0
|  37|0x0000000415800000, 0x0000000415800000, 0x0000000416000000|  0%| F|  |TAMS 0x0000000415800000| PB 0x0000000415800000| Untracked |  0
|  38|0x0000000416000000, 0x0000000416000000, 0x0000000416800000|  0%| F|  |TAMS 0x0000000416000000| PB 0x0000000416000000| Untracked |  0
|  39|0x0000000416800000, 0x0000000416800000, 0x0000000417000000|  0%| F|  |TAMS 0x0000000416800000| PB 0x0000000416800000| Untracked |  0
|  40|0x0000000417000000, 0x0000000417000000, 0x0000000417800000|  0%| F|  |TAMS 0x0000000417000000| PB 0x0000000417000000| Untracked |  0
|  41|0x0000000417800000, 0x0000000417800000, 0x0000000418000000|  0%| F|  |TAMS 0x0000000417800000| PB 0x0000000417800000| Untracked |  0
|  42|0x0000000418000000, 0x0000000418000000, 0x0000000418800000|  0%| F|  |TAMS 0x0000000418000000| PB 0x0000000418000000| Untracked |  0
|  43|0x0000000418800000, 0x0000000418800000, 0x0000000419000000|  0%| F|  |TAMS 0x0000000418800000| PB 0x0000000418800000| Untracked |  0
|  44|0x0000000419000000, 0x0000000419000000, 0x0000000419800000|  0%| F|  |TAMS 0x0000000419000000| PB 0x0000000419000000| Untracked |  0
|  45|0x0000000419800000, 0x0000000419800000, 0x000000041a000000|  0%| F|  |TAMS 0x0000000419800000| PB 0x0000000419800000| Untracked |  0
|  46|0x000000041a000000, 0x000000041a000000, 0x000000041a800000|  0%| F|  |TAMS 0x000000041a000000| PB 0x000000041a000000| Untracked |  0
|  47|0x000000041a800000, 0x000000041a800000, 0x000000041b000000|  0%| F|  |TAMS 0x000000041a800000| PB 0x000000041a800000| Untracked |  0
|  48|0x000000041b000000, 0x000000041b000000, 0x000000041b800000|  0%| F|  |TAMS 0x000000041b000000| PB 0x000000041b000000| Untracked |  0
|  49|0x000000041b800000, 0x000000041b800000, 0x000000041c000000|  0%| F|  |TAMS 0x000000041b800000| PB 0x000000041b800000| Untracked |  0
|  50|0x000000041c000000, 0x000000041c000000, 0x000000041c800000|  0%| F|  |TAMS 0x000000041c000000| PB 0x000000041c000000| Untracked |  0
|  51|0x000000041c800000, 0x000000041c800000, 0x000000041d000000|  0%| F|  |TAMS 0x000000041c800000| PB 0x000000041c800000| Untracked |  0
|  52|0x000000041d000000, 0x000000041d000000, 0x000000041d800000|  0%| F|  |TAMS 0x000000041d000000| PB 0x000000041d000000| Untracked |  0
|  53|0x000000041d800000, 0x000000041d800000, 0x000000041e000000|  0%| F|  |TAMS 0x000000041d800000| PB 0x000000041d800000| Untracked |  0
|  54|0x000000041e000000, 0x000000041e000000, 0x000000041e800000|  0%| F|  |TAMS 0x000000041e000000| PB 0x000000041e000000| Untracked |  0
|  55|0x000000041e800000, 0x000000041e800000, 0x000000041f000000|  0%| F|  |TAMS 0x000000041e800000| PB 0x000000041e800000| Untracked |  0
|  56|0x000000041f000000, 0x000000041f000000, 0x000000041f800000|  0%| F|  |TAMS 0x000000041f000000| PB 0x000000041f000000| Untracked |  0
|  57|0x000000041f800000, 0x000000041f800000, 0x0000000420000000|  0%| F|  |TAMS 0x000000041f800000| PB 0x000000041f800000| Untracked |  0
|  58|0x0000000420000000, 0x0000000420000000, 0x0000000420800000|  0%| F|  |TAMS 0x0000000420000000| PB 0x0000000420000000| Untracked |  0
|  59|0x0000000420800000, 0x0000000420800000, 0x0000000421000000|  0%| F|  |TAMS 0x0000000420800000| PB 0x0000000420800000| Untracked |  0
|  60|0x0000000421000000, 0x0000000421000000, 0x0000000421800000|  0%| F|  |TAMS 0x0000000421000000| PB 0x0000000421000000| Untracked |  0
|  61|0x0000000421800000, 0x0000000421800000, 0x0000000422000000|  0%| F|  |TAMS 0x0000000421800000| PB 0x0000000421800000| Untracked |  0
|  62|0x0000000422000000, 0x0000000422000000, 0x0000000422800000|  0%| F|  |TAMS 0x0000000422000000| PB 0x0000000422000000| Untracked |  0
|  63|0x0000000422800000, 0x0000000422800000, 0x0000000423000000|  0%| F|  |TAMS 0x0000000422800000| PB 0x0000000422800000| Untracked |  0
|  64|0x0000000423000000, 0x0000000423000000, 0x0000000423800000|  0%| F|  |TAMS 0x0000000423000000| PB 0x0000000423000000| Untracked |  0
|  65|0x0000000423800000, 0x0000000423a7a610, 0x0000000424000000| 30%| E|  |TAMS 0x0000000423800000| PB 0x0000000423800000| Complete |  0
|  66|0x0000000424000000, 0x0000000424800000, 0x0000000424800000|100%| E|CS|TAMS 0x0000000424000000| PB 0x0000000424000000| Complete |  0
|2039|0x00000007fe800000, 0x00000007ff000000, 0x00000007ff000000|100%| O|  |TAMS 0x00000007fe800000| PB 0x00000007fe800000| Untracked |  0
|2040|0x00000007ff000000, 0x00000007ff800000, 0x00000007ff800000|100%| O|  |TAMS 0x00000007ff000000| PB 0x00000007ff000000| Untracked |  0
|2041|0x00000007ff800000, 0x0000000800000000, 0x0000000800000000|100%| E|CS|TAMS 0x00000007ff800000| PB 0x00000007ff800000| Complete |  0

Card table byte_map: [0x000001defb1e0000,0x000001defd1d0000] _byte_map_base: 0x000001def91c8000

Marking Bits: (CMBitMap*) 0x000001deef6ce0a0
 Bits: [0x000001de8f000000, 0x000001de9ef40000)

Polling page: 0x000001deed500000

Metaspace:
Metaspace        used 119245K, committed 120896K, reserved 1179648K
 class space     used 19257K, committed 19968K, reserved 1048576K

Usage:
  Non-class:     97.64 MB used.
      Class:     18.81 MB used.
       Both:    116.45 MB used.

Virtual space:
  Non-class space:      128.00 MB reserved,      98.56 MB ( 77%) committed,  2 nodes.
      Class space:        1.00 GB reserved,      19.50 MB (  2%) committed,  1 nodes.
             Both:        1.12 GB reserved,     118.06 MB ( 10%) committed. 

Chunk freelists:
   Non-Class:  12.97 MB
       Class:  12.36 MB
        Both:  25.33 MB

MaxMetaspaceSize: unlimited
CompressedClassSpaceSize: 1.00 GB
Initial GC threshold: 21.00 MB
Current GC threshold: 194.31 MB
CDS: on
 - commit_granule_bytes: 65536.
 - commit_granule_words: 8192.
 - virtual_space_node_default_size: 8388608.
 - enlarge_chunks_in_place: 1.
UseCompressedClassPointers 1, UseCompactObjectHeaders 0
Narrow klass pointer bits 32, Max shift 3
Narrow klass base: 0x000000000b000000, Narrow klass shift: 0
Encoding Range: [0x000000000b000000 - 0x000000010b000000), (4294967296 bytes)
Klass Range:    [0x000000000b010000 - 0x000000004c000000), (1090453504 bytes)
Klass ID Range:  [65536 - 1090519033) (1090453497)
Protection zone: [0x000000000b000000 - 0x000000000b010000), (65536 bytes)


Internal statistics:

num_allocs_failed_limit: 15.
num_arena_births: 2490.
num_arena_deaths: 0.
num_vsnodes_births: 3.
num_vsnodes_deaths: 0.
num_space_committed: 1883.
num_space_uncommitted: 0.
num_chunks_returned_to_freelist: 15.
num_chunks_taken_from_freelist: 7198.
num_chunk_merges: 9.
num_chunk_splits: 4736.
num_chunks_enlarged: 3430.
num_inconsistent_stats: 0.

CodeHeap 'non-profiled nmethods': size=119232Kb used=8910Kb max_used=9161Kb free=110321Kb
 bounds [0x000001de87b90000, 0x000001de88490000, 0x000001de8f000000]
CodeHeap 'profiled nmethods': size=119104Kb used=20308Kb max_used=20570Kb free=98795Kb
 bounds [0x000001de80000000, 0x000001de81420000, 0x000001de87450000]
CodeHeap 'non-nmethods': size=7424Kb used=5105Kb max_used=5218Kb free=2318Kb
 bounds [0x000001de87450000, 0x000001de87990000, 0x000001de87b90000]
CodeCache: size=245760Kb, used=34323Kb, max_used=34949Kb, free=211434Kb
 total_blobs=16288, nmethods=13786, adapters=2359, full_count=0
Compilation: enabled, stopped_count=0, restarted_count=0

Compilation events (20 events):
Event: 6.968 Thread 0x000001de9f977d60 nmethod 15468 0x000001de813bf988 code [0x000001de813bfa80, 0x000001de813bfe28]
Event: 6.968 Thread 0x000001de9f9744f0 nmethod 15469 0x000001de813bfe88 code [0x000001de813bff80, 0x000001de813c00b8]
Event: 6.968 Thread 0x000001de9f9744f0 15474       3       it.unimi.dsi.fastutil.objects.ObjectArrayList::initArrayFromCapacity (59 bytes)
Event: 6.968 Thread 0x000001def91e9a40 15476       3       it.unimi.dsi.fastutil.objects.ObjectArrayList::toArray (74 bytes)
Event: 6.968 Thread 0x000001de9f9744f0 nmethod 15474 0x000001de813c0188 code [0x000001de813c0280, 0x000001de813c0dc0]
Event: 6.968 Thread 0x000001def91e9a40 nmethod 15476 0x000001de813c0e08 code [0x000001de813c0f00, 0x000001de813c17f0]
Event: 6.968 Thread 0x000001deb1001a10 nmethod 15232 0x000001de88459708 code [0x000001de88459820, 0x000001de88459968]
Event: 6.968 Thread 0x000001deb1001a10 15061       4       com.mojang.serialization.MapCodec$2::decode (12 bytes)
Event: 6.968 Thread 0x000001dea5817b30 nmethod 15444% 0x000001de88459a08 code [0x000001de88459b00, 0x000001de8845a070]
Event: 6.968 Thread 0x000001dea5817b30 15477       4       java.lang.StrictMath::ceil (10 bytes)
Event: 6.969 Thread 0x000001def91e9a40 15479       3       com.geckolib.loading.definition.animation.ActorBoneAnimationEntry::extractAxisKeyframes (41 bytes)
Event: 6.969 Thread 0x000001dea82ac2d0 nmethod 15343 0x000001de8845a088 code [0x000001de8845a180, 0x000001de8845a588]
Event: 6.969 Thread 0x000001dea82ac2d0 15478 %     4       it.unimi.dsi.fastutil.ints.IntOpenHashSet::rehash @ 36 (129 bytes)
Event: 6.969 Thread 0x000001dea5811a70 15480       3       com.geckolib.loading.definition.animation.ActorBoneAnimationEntry::addEasingArgs (29 bytes)
Event: 6.969 Thread 0x000001de9f9744f0 15481       2       com.mojang.datafixers.util.Either$Left::right (4 bytes)
Event: 6.969 Thread 0x000001de9f9744f0 nmethod 15481 0x000001de813c1808 code [0x000001de813c1900, 0x000001de813c1a10]
Event: 6.969 Thread 0x000001def91e9a40 nmethod 15479 0x000001de813c1b08 code [0x000001de813c1c00, 0x000001de813c2190]
Event: 6.969 Thread 0x000001de9f977d60 15482       2       com.geckolib.loading.definition.animation.ActorBoneAnimationEntry$$Lambda/0x000000000d336598::apply (16 bytes)
Event: 6.969 Thread 0x000001dea5811a70 nmethod 15480 0x000001de813c2208 code [0x000001de813c2300, 0x000001de813c2648]
Event: 6.969 Thread 0x000001def91e9a40 15483       2       com.geckolib.loading.definition.animation.ActorBoneAnimationEntry::lambda$bakeKeyframes$0 (10 bytes)

GC Heap Usage History (20 events):
Event: 3.265 {heap Before GC invocations=13 (full 0):
 garbage-first heap   total reserved 16728064K, committed 253952K, used 216102K [0x0000000403000000, 0x0000000800000000)
  region size 8192K, 16 young (131072K), 1 survivors (8192K)
}
Event: 3.271 {heap After GC invocations=14 (full 0):
 garbage-first heap   total reserved 16728064K, committed 253952K, used 99863K [0x0000000403000000, 0x0000000800000000)
  region size 8192K, 2 young (16384K), 2 survivors (16384K)
}
Event: 3.412 {heap Before GC invocations=14 (full 0):
 garbage-first heap   total reserved 16728064K, committed 253952K, used 214551K [0x0000000403000000, 0x0000000800000000)
  region size 8192K, 16 young (131072K), 2 survivors (16384K)
}
Event: 3.418 {heap After GC invocations=15 (full 0):
 garbage-first heap   total reserved 16728064K, committed 655360K, used 105501K [0x0000000403000000, 0x0000000800000000)
  region size 8192K, 2 young (16384K), 2 survivors (16384K)
}
Event: 3.843 {heap Before GC invocations=15 (full 0):
 garbage-first heap   total reserved 16728064K, committed 655360K, used 252957K [0x0000000403000000, 0x0000000800000000)
  region size 8192K, 21 young (172032K), 2 survivors (16384K)
}
Event: 3.846 {heap After GC invocations=16 (full 0):
 garbage-first heap   total reserved 16728064K, committed 655360K, used 110261K [0x0000000403000000, 0x0000000800000000)
  region size 8192K, 3 young (24576K), 3 survivors (24576K)
}
Event: 4.475 {heap Before GC invocations=17 (full 0):
 garbage-first heap   total reserved 16728064K, committed 409600K, used 396981K [0x0000000403000000, 0x0000000800000000)
  region size 8192K, 38 young (311296K), 3 survivors (24576K)
}
Event: 4.479 {heap After GC invocations=18 (full 0):
 garbage-first heap   total reserved 16728064K, committed 442368K, used 119058K [0x0000000403000000, 0x0000000800000000)
  region size 8192K, 4 young (32768K), 4 survivors (32768K)
}
Event: 5.063 {heap Before GC invocations=18 (full 0):
 garbage-first heap   total reserved 16728064K, committed 442368K, used 348434K [0x0000000403000000, 0x0000000800000000)
  region size 8192K, 32 young (262144K), 4 survivors (32768K)
}
Event: 5.071 {heap After GC invocations=19 (full 0):
 garbage-first heap   total reserved 16728064K, committed 442368K, used 125481K [0x0000000403000000, 0x0000000800000000)
  region size 8192K, 3 young (24576K), 3 survivors (24576K)
}
Event: 5.811 {heap Before GC invocations=19 (full 0):
 garbage-first heap   total reserved 16728064K, committed 442368K, used 363049K [0x0000000403000000, 0x0000000800000000)
  region size 8192K, 32 young (262144K), 3 survivors (24576K)
}
Event: 5.819 {heap After GC invocations=20 (full 0):
 garbage-first heap   total reserved 16728064K, committed 442368K, used 143646K [0x0000000403000000, 0x0000000800000000)
  region size 8192K, 4 young (32768K), 4 survivors (32768K)
}
Event: 5.850 {heap Before GC invocations=20 (full 0):
 garbage-first heap   total reserved 16728064K, committed 442368K, used 143646K [0x0000000403000000, 0x0000000800000000)
  region size 8192K, 5 young (40960K), 4 survivors (32768K)
}
Event: 5.854 {heap After GC invocations=21 (full 0):
 garbage-first heap   total reserved 16728064K, committed 442368K, used 146704K [0x0000000403000000, 0x0000000800000000)
  region size 8192K, 1 young (8192K), 1 survivors (8192K)
}
Event: 6.716 {heap Before GC invocations=22 (full 0):
 garbage-first heap   total reserved 16728064K, committed 442368K, used 392464K [0x0000000403000000, 0x0000000800000000)
  region size 8192K, 31 young (253952K), 1 survivors (8192K)
}
Event: 6.719 {heap After GC invocations=23 (full 0):
 garbage-first heap   total reserved 16728064K, committed 442368K, used 152860K [0x0000000403000000, 0x0000000800000000)
  region size 8192K, 2 young (16384K), 2 survivors (16384K)
}
Event: 6.898 {heap Before GC invocations=23 (full 0):
 garbage-first heap   total reserved 16728064K, committed 442368K, used 398620K [0x0000000403000000, 0x0000000800000000)
  region size 8192K, 32 young (262144K), 2 survivors (16384K)
}
Event: 6.907 {heap After GC invocations=24 (full 0):
 garbage-first heap   total reserved 16728064K, committed 458752K, used 191766K [0x0000000403000000, 0x0000000800000000)
  region size 8192K, 4 young (32768K), 4 survivors (32768K)
}
Event: 6.954 {heap Before GC invocations=24 (full 0):
 garbage-first heap   total reserved 16728064K, committed 458752K, used 404758K [0x0000000403000000, 0x0000000800000000)
  region size 8192K, 30 young (245760K), 4 survivors (32768K)
}
Event: 6.960 {heap After GC invocations=25 (full 0):
 garbage-first heap   total reserved 16728064K, committed 573440K, used 194705K [0x0000000403000000, 0x0000000800000000)
  region size 8192K, 2 young (16384K), 2 survivors (16384K)
}

Metaspace Usage History (20 events):
Event: 3.265 {metaspace Before GC invocations=13 (full 0):
 Metaspace       used 53927K, committed 54464K, reserved 1114112K
  class space    used 7273K, committed 7552K, reserved 1048576K
}
Event: 3.271 {metaspace After GC invocations=14 (full 0):
 Metaspace       used 53927K, committed 54464K, reserved 1114112K
  class space    used 7273K, committed 7552K, reserved 1048576K
}
Event: 3.412 {metaspace Before GC invocations=14 (full 0):
 Metaspace       used 55567K, committed 56128K, reserved 1114112K
  class space    used 7654K, committed 7936K, reserved 1048576K
}
Event: 3.418 {metaspace After GC invocations=15 (full 0):
 Metaspace       used 55567K, committed 56128K, reserved 1114112K
  class space    used 7654K, committed 7936K, reserved 1048576K
}
Event: 3.843 {metaspace Before GC invocations=15 (full 0):
 Metaspace       used 59531K, committed 60096K, reserved 1114112K
  class space    used 8354K, committed 8640K, reserved 1048576K
}
Event: 3.846 {metaspace After GC invocations=16 (full 0):
 Metaspace       used 59531K, committed 60096K, reserved 1114112K
  class space    used 8354K, committed 8640K, reserved 1048576K
}
Event: 4.475 {metaspace Before GC invocations=17 (full 0):
 Metaspace       used 68779K, committed 69376K, reserved 1114112K
  class space    used 10985K, committed 11264K, reserved 1048576K
}
Event: 4.479 {metaspace After GC invocations=18 (full 0):
 Metaspace       used 68779K, committed 69376K, reserved 1114112K
  class space    used 10985K, committed 11264K, reserved 1048576K
}
Event: 5.063 {metaspace Before GC invocations=18 (full 0):
 Metaspace       used 82067K, committed 82816K, reserved 1179648K
  class space    used 13934K, committed 14272K, reserved 1048576K
}
Event: 5.071 {metaspace After GC invocations=19 (full 0):
 Metaspace       used 82067K, committed 82816K, reserved 1179648K
  class space    used 13934K, committed 14272K, reserved 1048576K
}
Event: 5.811 {metaspace Before GC invocations=19 (full 0):
 Metaspace       used 98748K, committed 99584K, reserved 1179648K
  class space    used 16363K, committed 16704K, reserved 1048576K
}
Event: 5.819 {metaspace After GC invocations=20 (full 0):
 Metaspace       used 98748K, committed 99584K, reserved 1179648K
  class space    used 16363K, committed 16704K, reserved 1048576K
}
Event: 5.850 {metaspace Before GC invocations=20 (full 0):
 Metaspace       used 99850K, committed 100736K, reserved 1179648K
  class space    used 16407K, committed 16832K, reserved 1048576K
}
Event: 5.854 {metaspace After GC invocations=21 (full 0):
 Metaspace       used 99850K, committed 100736K, reserved 1179648K
  class space    used 16407K, committed 16832K, reserved 1048576K
}
Event: 6.716 {metaspace Before GC invocations=22 (full 0):
 Metaspace       used 111593K, committed 113152K, reserved 1179648K
  class space    used 18084K, committed 18752K, reserved 1048576K
}
Event: 6.719 {metaspace After GC invocations=23 (full 0):
 Metaspace       used 111593K, committed 113152K, reserved 1179648K
  class space    used 18084K, committed 18752K, reserved 1048576K
}
Event: 6.898 {metaspace Before GC invocations=23 (full 0):
 Metaspace       used 116015K, committed 117568K, reserved 1179648K
  class space    used 18807K, committed 19456K, reserved 1048576K
}
Event: 6.907 {metaspace After GC invocations=24 (full 0):
 Metaspace       used 116015K, committed 117568K, reserved 1179648K
  class space    used 18807K, committed 19456K, reserved 1048576K
}
Event: 6.954 {metaspace Before GC invocations=24 (full 0):
 Metaspace       used 117187K, committed 118784K, reserved 1179648K
  class space    used 18981K, committed 19648K, reserved 1048576K
}
Event: 6.960 {metaspace After GC invocations=25 (full 0):
 Metaspace       used 117187K, committed 118784K, reserved 1179648K
  class space    used 18981K, committed 19648K, reserved 1048576K
}

Dll operation events (16 events):
Event: 0.093 Loaded shared library C:\Program Files\Java\jdk-25.0.3\bin\java.dll
Event: 0.094 Loaded shared library C:\Program Files\Java\jdk-25.0.3\bin\zip.dll
Event: 0.181 Loaded shared library C:\Program Files\Java\jdk-25.0.3\bin\instrument.dll
Event: 0.188 Loaded shared library C:\Program Files\Java\jdk-25.0.3\bin\net.dll
Event: 0.189 Loaded shared library C:\Program Files\Java\jdk-25.0.3\bin\nio.dll
Event: 0.207 Loaded shared library C:\Program Files\Java\jdk-25.0.3\bin\verify.dll
Event: 0.229 Loaded shared library C:\Program Files\Java\jdk-25.0.3\bin\zip.dll
Event: 0.292 Loaded shared library C:\Program Files\Java\jdk-25.0.3\bin\jimage.dll
Event: 0.553 Loaded shared library C:\Program Files\Java\jdk-25.0.3\bin\management.dll
Event: 0.554 Loaded shared library C:\Program Files\Java\jdk-25.0.3\bin\management_ext.dll
Event: 2.046 Loaded shared library C:\Users\Owner\AppData\Local\Temp\jna--823301853\jna9417097683707906721.dll
Event: 5.371 Loaded shared library C:\Program Files\Java\jdk-25.0.3\bin\sunmscapi.dll
Event: 5.410 Loaded shared library C:\Program Files\Java\jdk-25.0.3\bin\extnet.dll
Event: 5.795 Loaded shared library C:\Users\Owner\AppData\Local\Temp\lwjgl_LichtMeilleur\3.4.1-snapshot\x64\lwjgl.dll
Event: 6.162 Loaded shared library C:\Users\Owner\AppData\Local\Temp\lwjgl_LichtMeilleur\3.4.1-snapshot\x64\lwjgl_opengl.dll
Event: 6.280 Loaded shared library C:\Users\Owner\AppData\Local\Temp\lwjgl_LichtMeilleur\3.4.1-snapshot\x64\lwjgl_stb.dll

Deoptimization events (20 events):
Event: 6.966 Thread 0x000001deb5e25da0 DEOPT PACKING pc=0x000001de812fd21f sp=0x000000587bdfeeb0
Event: 6.966 Thread 0x000001deb5e25da0 DEOPT UNPACKING pc=0x000001de874a1702 sp=0x000000587bdfe350 mode 0
Event: 6.967 Thread 0x000001deb5e14460 DEOPT PACKING pc=0x000001de813b850d sp=0x000000587affdeb0
Event: 6.967 Thread 0x000001deb5e14460 DEOPT UNPACKING pc=0x000001de874a1702 sp=0x000000587affd3e0 mode 0
Event: 6.967 Thread 0x000001deb5e25da0 DEOPT PACKING pc=0x000001de812fd21f sp=0x000000587bdfed90
Event: 6.967 Thread 0x000001deb5e25da0 DEOPT UNPACKING pc=0x000001de874a1702 sp=0x000000587bdfe230 mode 0
Event: 6.968 Thread 0x000001deb5e25da0 DEOPT PACKING pc=0x000001de812fd21f sp=0x000000587bdfed90
Event: 6.968 Thread 0x000001deb5e25da0 DEOPT UNPACKING pc=0x000001de874a1702 sp=0x000000587bdfe230 mode 0
Event: 6.968 Thread 0x000001deb5e28c80 Uncommon trap: trap_request=0xffffffde fr.pc=0x000001de87d9807c relative=0x000000000000007c
Event: 6.968 Thread 0x000001deb5e28c80 Uncommon trap: reason=class_check action=maybe_recompile pc=0x000001de87d9807c method=java.nio.ByteBuffer.position(I)Ljava/nio/Buffer; @ 2 c2
Event: 6.968 Thread 0x000001deb5e28c80 DEOPT PACKING pc=0x000001de87d9807c sp=0x000000587bbfc730
Event: 6.968 Thread 0x000001deb5e28c80 DEOPT UNPACKING pc=0x000001de87580f02 sp=0x000000587bbfc6d8 mode 2
Event: 6.968 Thread 0x000001deb5e25da0 DEOPT PACKING pc=0x000001de812fd21f sp=0x000000587bdfed90
Event: 6.968 Thread 0x000001deb5e25da0 DEOPT UNPACKING pc=0x000001de874a1702 sp=0x000000587bdfe230 mode 0
Event: 6.968 Thread 0x000001deb5e25da0 DEOPT PACKING pc=0x000001de812fd21f sp=0x000000587bdfed90
Event: 6.968 Thread 0x000001deb5e25da0 DEOPT UNPACKING pc=0x000001de874a1702 sp=0x000000587bdfe230 mode 0
Event: 6.968 Thread 0x000001deb5e25da0 DEOPT PACKING pc=0x000001de812fd21f sp=0x000000587bdfed90
Event: 6.968 Thread 0x000001deb5e25da0 DEOPT UNPACKING pc=0x000001de874a1702 sp=0x000000587bdfe230 mode 0
Event: 6.969 Thread 0x000001deb5e2e270 DEOPT PACKING pc=0x000001de813a7f22 sp=0x000000587c1ff040
Event: 6.969 Thread 0x000001deb5e2e270 DEOPT UNPACKING pc=0x000001de874a1702 sp=0x000000587c1fe528 mode 0

Classes loaded (20 events):
Event: 6.944 Loading class net/minecraft/client/gui/font/FontManager$BuilderResult
Event: 6.944 Loading class net/minecraft/client/gui/font/FontManager$BuilderResult done
Event: 6.944 Loading class com/mojang/blaze3d/font/GlyphProvider$Conditional
Event: 6.944 Loading class com/mojang/blaze3d/font/GlyphProvider$Conditional done
Event: 6.944 Loading class com/mojang/blaze3d/font/GlyphProvider$Conditional
Event: 6.944 Loading class com/mojang/blaze3d/font/GlyphProvider$Conditional done
Event: 6.944 Loading class net/minecraft/client/gui/font/FontManager
Event: 6.944 Loading class net/minecraft/client/gui/font/FontManager done
Event: 6.944 Loading class com/mojang/blaze3d/font/GlyphProvider$Conditional
Event: 6.944 Loading class com/mojang/blaze3d/font/GlyphProvider$Conditional done
Event: 6.944 Loading class net/minecraft/client/gui/font/FontManager
Event: 6.944 Loading class net/minecraft/client/gui/font/FontManager done
Event: 6.945 Loading class net/minecraft/client/gui/font/FontManager$Preparation
Event: 6.945 Loading class net/minecraft/client/gui/font/FontManager$Preparation done
Event: 6.945 Loading class it/unimi/dsi/fastutil/ints/IntOpenHashSet
Event: 6.945 Loading class it/unimi/dsi/fastutil/ints/IntOpenHashSet done
Event: 6.945 Loading class it/unimi/dsi/fastutil/ints/IntOpenHashSet
Event: 6.945 Loading class it/unimi/dsi/fastutil/ints/IntOpenHashSet done
Event: 6.964 Loading class java/nio/HeapByteBufferR
Event: 6.964 Loading class java/nio/HeapByteBufferR done

Classes unloaded (0 events):
No events

Classes redefined (1 events):
Event: 0.214 Thread 0x000001def91bb1c0 redefined class name=java.lang.Throwable, count=1

Internal exceptions (20 events):
Event: 6.798 Thread 0x000001deef65a3c0 Exception <a 'java/lang/NoSuchMethodError'{0x000000041ae71810}: 'void java.lang.invoke.DirectMethodHandle$Holder.invokeSpecial(java.lang.Object, java.lang.Object, int, java.lang.Object)'> (0x000000041ae71810) 
thrown [s\open\src\hotspot\share\interpreter\linkResolver.cpp, line 804]
Event: 6.852 Thread 0x000001deb5e14c30 Exception <a 'java/lang/IncompatibleClassChangeError'{0x0000000413369100}: Found class java.lang.Object, but interface was expected> (0x0000000413369100) 
thrown [s\open\src\hotspot\share\interpreter\linkResolver.cpp, line 871]
Event: 6.873 Thread 0x000001deb5e14460 Exception <a 'java/lang/NoSuchMethodError'{0x000000041153baa8}: 'void java.lang.invoke.DirectMethodHandle$Holder.invokeStatic(java.lang.Object, java.lang.Object, java.lang.Object, java.lang.Object, java.lang.Object, java.lang.Object, java.lang.Object, java.lang.Object)'> (0x000000041153baa8) 
thrown [s\open\src\hotspot\share\interpreter\linkResolver.cpp, line 804]
Event: 6.883 Thread 0x000001deb5e14460 Implicit null exception at 0x000001de87f50321 to 0x000001de87f50480
Event: 6.883 Thread 0x000001deb5e1f810 Implicit null exception at 0x000001de87f50321 to 0x000001de87f50480
Event: 6.892 Thread 0x000001deb5e14460 Exception <a 'java/lang/NoSuchMethodError'{0x000000040f5490c0}: 'java.lang.Object java.lang.invoke.DirectMethodHandle$Holder.invokeStatic(java.lang.Object, java.lang.Object, java.lang.Object, java.lang.Object, int, int, int, java.lang.Object)'> (0x000000040f5490c0) 
thrown [s\open\src\hotspot\share\interpreter\linkResolver.cpp, line 804]
Event: 6.892 Thread 0x000001deb5e1f810 Exception <a 'java/lang/NoSuchMethodError'{0x000000040f46cf80}: 'java.lang.Object java.lang.invoke.DirectMethodHandle$Holder.invokeStatic(java.lang.Object, java.lang.Object, java.lang.Object, java.lang.Object, int, int, int, java.lang.Object)'> (0x000000040f46cf80) 
thrown [s\open\src\hotspot\share\interpreter\linkResolver.cpp, line 804]
Event: 6.892 Thread 0x000001deb4cbf800 Exception <a 'java/lang/NoSuchMethodError'{0x000000040f4d1600}: 'java.lang.Object java.lang.invoke.DirectMethodHandle$Holder.invokeStatic(java.lang.Object, java.lang.Object, java.lang.Object, java.lang.Object, int, int, int, java.lang.Object)'> (0x000000040f4d1600) 
thrown [s\open\src\hotspot\share\interpreter\linkResolver.cpp, line 804]
Event: 6.892 Thread 0x000001deb4cbf800 Exception <a 'java/lang/NoSuchMethodError'{0x000000040f4e27e8}: 'java.lang.Object java.lang.invoke.DirectMethodHandle$Holder.invokeSpecial(java.lang.Object, java.lang.Object, java.lang.Object, java.lang.Object, java.lang.Object, int, int, int)'> (0x000000040f4e27e8) 
thrown [s\open\src\hotspot\share\interpreter\linkResolver.cpp, line 804]
Event: 6.892 Thread 0x000001deb5e14460 Exception <a 'java/lang/NoSuchMethodError'{0x000000040f55a038}: 'java.lang.Object java.lang.invoke.DirectMethodHandle$Holder.invokeSpecial(java.lang.Object, java.lang.Object, java.lang.Object, java.lang.Object, java.lang.Object, int, int, int)'> (0x000000040f55a038) 
thrown [s\open\src\hotspot\share\interpreter\linkResolver.cpp, line 804]
Event: 6.893 Thread 0x000001deb5e1f810 Exception <a 'java/lang/NoSuchMethodError'{0x000000040f47ddf0}: 'java.lang.Object java.lang.invoke.DirectMethodHandle$Holder.invokeSpecial(java.lang.Object, java.lang.Object, java.lang.Object, java.lang.Object, java.lang.Object, int, int, int)'> (0x000000040f47ddf0) 
thrown [s\open\src\hotspot\share\interpreter\linkResolver.cpp, line 804]
Event: 6.893 Thread 0x000001deb5e1c930 Exception <a 'java/lang/NoSuchMethodError'{0x000000040febe2f8}: 'java.lang.Object java.lang.invoke.DirectMethodHandle$Holder.invokeSpecial(java.lang.Object, java.lang.Object, java.lang.Object, java.lang.Object, java.lang.Object, int, int, int)'> (0x000000040febe2f8) 
thrown [s\open\src\hotspot\share\interpreter\linkResolver.cpp, line 804]
Event: 6.893 Thread 0x000001deb5e14460 Exception <a 'java/lang/NoSuchMethodError'{0x000000040f562220}: 'java.lang.Object java.lang.invoke.Invokers$Holder.linkToTargetMethod(java.lang.Object, java.lang.Object, java.lang.Object, int, int, int, java.lang.Object)'> (0x000000040f562220) 
thrown [s\open\src\hotspot\share\interpreter\linkResolver.cpp, line 804]
Event: 6.893 Thread 0x000001deb4cbf800 Exception <a 'java/lang/NoSuchMethodError'{0x000000040f4ea980}: 'java.lang.Object java.lang.invoke.Invokers$Holder.linkToTargetMethod(java.lang.Object, java.lang.Object, java.lang.Object, int, int, int, java.lang.Object)'> (0x000000040f4ea980) 
thrown [s\open\src\hotspot\share\interpreter\linkResolver.cpp, line 804]
Event: 6.893 Thread 0x000001deb5e1f810 Exception <a 'java/lang/NoSuchMethodError'{0x000000040f485f88}: 'java.lang.Object java.lang.invoke.Invokers$Holder.linkToTargetMethod(java.lang.Object, java.lang.Object, java.lang.Object, int, int, int, java.lang.Object)'> (0x000000040f485f88) 
thrown [s\open\src\hotspot\share\interpreter\linkResolver.cpp, line 804]
Event: 6.893 Thread 0x000001deb5e1c930 Exception <a 'java/lang/NoSuchMethodError'{0x000000040fec6490}: 'java.lang.Object java.lang.invoke.Invokers$Holder.linkToTargetMethod(java.lang.Object, java.lang.Object, java.lang.Object, int, int, int, java.lang.Object)'> (0x000000040fec6490) 
thrown [s\open\src\hotspot\share\interpreter\linkResolver.cpp, line 804]
Event: 6.923 Thread 0x000001deb5e1c930 Exception <a 'java/lang/NoSuchMethodError'{0x0000000419d8d098}: 'double java.lang.invoke.DirectMethodHandle$Holder.invokeStaticInit(java.lang.Object, java.lang.Object, double)'> (0x0000000419d8d098) 
thrown [s\open\src\hotspot\share\interpreter\linkResolver.cpp, line 804]
Event: 6.927 Thread 0x000001deb5e1c930 Exception <a 'java/lang/NoSuchMethodError'{0x0000000418956e78}: 'double java.lang.invoke.DirectMethodHandle$Holder.invokeStaticInit(java.lang.Object, double, double)'> (0x0000000418956e78) 
thrown [s\open\src\hotspot\share\interpreter\linkResolver.cpp, line 804]
Event: 6.942 Thread 0x000001deb5e1a220 Implicit null exception at 0x000001de8809e353 to 0x000001de8809e390
Event: 6.942 Thread 0x000001deb5e1a220 Implicit null exception at 0x000001de88065753 to 0x000001de88065788

VM Operations (20 events):
Event: 6.584 Executing non-safepoint VM operation: HandshakeAllThreads (Deoptimize)
Event: 6.584 Executing non-safepoint VM operation: HandshakeAllThreads (Deoptimize) done
Event: 6.688 Executing non-safepoint VM operation: HandshakeAllThreads (Deoptimize)
Event: 6.688 Executing non-safepoint VM operation: HandshakeAllThreads (Deoptimize) done
Event: 6.716 Executing safepoint VM operation: G1CollectForAllocation (G1 Evacuation Pause)
Event: 6.719 Executing safepoint VM operation: G1CollectForAllocation (G1 Evacuation Pause) done
Event: 6.754 Executing non-safepoint VM operation: HandshakeAllThreads (Deoptimize)
Event: 6.755 Executing non-safepoint VM operation: HandshakeAllThreads (Deoptimize) done
Event: 6.832 Executing non-safepoint VM operation: HandshakeAllThreads (Deoptimize)
Event: 6.832 Executing non-safepoint VM operation: HandshakeAllThreads (Deoptimize) done
Event: 6.897 Executing safepoint VM operation: G1CollectForAllocation (G1 Evacuation Pause)
Event: 6.907 Executing safepoint VM operation: G1CollectForAllocation (G1 Evacuation Pause) done
Event: 6.947 Executing non-safepoint VM operation: HandshakeAllThreads (Deoptimize)
Event: 6.947 Executing non-safepoint VM operation: HandshakeAllThreads (Deoptimize) done
Event: 6.953 Executing safepoint VM operation: G1CollectForAllocation (G1 Evacuation Pause)
Event: 6.960 Executing safepoint VM operation: G1CollectForAllocation (G1 Evacuation Pause) done
Event: 6.966 Executing non-safepoint VM operation: HandshakeAllThreads (Deoptimize)
Event: 6.966 Executing non-safepoint VM operation: HandshakeAllThreads (Deoptimize) done
Event: 6.967 Executing non-safepoint VM operation: HandshakeAllThreads (Deoptimize)
Event: 6.968 Executing non-safepoint VM operation: HandshakeAllThreads (Deoptimize) done

Memory protections (0 events):
No events

Nmethod flushes (20 events):
Event: 5.878 Thread 0x000001def91bb1c0 flushing  nmethod 0x000001de80e00d88
Event: 5.878 Thread 0x000001def91bb1c0 flushing  nmethod 0x000001de80e01088
Event: 5.878 Thread 0x000001def91bb1c0 flushing  nmethod 0x000001de80e02288
Event: 5.878 Thread 0x000001def91bb1c0 flushing  nmethod 0x000001de80e02688
Event: 5.878 Thread 0x000001def91bb1c0 flushing  nmethod 0x000001de80e05f88
Event: 5.878 Thread 0x000001def91bb1c0 flushing  nmethod 0x000001de80e06408
Event: 5.878 Thread 0x000001def91bb1c0 flushing  nmethod 0x000001de80e06708
Event: 5.878 Thread 0x000001def91bb1c0 flushing  nmethod 0x000001de80e06b88
Event: 5.878 Thread 0x000001def91bb1c0 flushing  nmethod 0x000001de80e2d988
Event: 5.878 Thread 0x000001def91bb1c0 flushing  nmethod 0x000001de80e2e088
Event: 5.878 Thread 0x000001def91bb1c0 flushing  nmethod 0x000001de80e2e408
Event: 5.878 Thread 0x000001def91bb1c0 flushing  nmethod 0x000001de80e2ec88
Event: 5.878 Thread 0x000001def91bb1c0 flushing  nmethod 0x000001de80e30788
Event: 5.878 Thread 0x000001def91bb1c0 flushing  nmethod 0x000001de80e31208
Event: 5.878 Thread 0x000001def91bb1c0 flushing  nmethod 0x000001de80e6ee88
Event: 5.878 Thread 0x000001def91bb1c0 flushing  nmethod 0x000001de80e72808
Event: 5.878 Thread 0x000001def91bb1c0 flushing  nmethod 0x000001de80e74808
Event: 5.878 Thread 0x000001def91bb1c0 flushing  nmethod 0x000001de80e75288
Event: 5.878 Thread 0x000001def91bb1c0 flushing  nmethod 0x000001de80e75c08
Event: 5.878 Thread 0x000001def91bb1c0 flushing  nmethod 0x000001de80e76b08

Events (20 events):
Event: 6.702 Thread 0x000001deef65a3c0 Thread added: 0x000001deb5e1a220
Event: 6.702 Thread 0x000001deef65a3c0 Thread added: 0x000001deb5e1a9f0
Event: 6.702 Thread 0x000001deb5e14460 Thread added: 0x000001deb5e1b990
Event: 6.702 Thread 0x000001deb5e1a9f0 Thread added: 0x000001deb5e1d100
Event: 6.702 Thread 0x000001deb5e1a220 Thread added: 0x000001deb5e1c930
Event: 6.703 Thread 0x000001deb5e1b990 Thread added: 0x000001deb5e1f040
Event: 6.703 Thread 0x000001deb5e1d100 Thread added: 0x000001deb5e20f80
Event: 6.703 Thread 0x000001deb5e1c930 Thread added: 0x000001deb5e21750
Event: 6.703 Thread 0x000001deb5e1f040 Thread added: 0x000001deb5e1f810
Event: 6.704 Thread 0x000001deb5e20f80 Thread added: 0x000001deb5e26d40
Event: 6.704 Thread 0x000001deb5e21750 Thread added: 0x000001deb5e23690
Event: 6.708 Thread 0x000001deb5e1a220 Thread added: 0x000001deb5e28c80
Event: 6.708 Thread 0x000001deb5e1a220 Thread added: 0x000001deb5e29450
Event: 6.708 Thread 0x000001deb5e26d40 Thread added: 0x000001deb5e25da0
Event: 6.709 Thread 0x000001deb5e23690 Thread added: 0x000001deb5e29c20
Event: 6.709 Thread 0x000001deb5e15400 Thread added: 0x000001deb5e2a3f0
Event: 6.709 Thread 0x000001deb5e1b990 Thread added: 0x000001deb5e2b390
Event: 6.709 Thread 0x000001deb5e15400 Thread added: 0x000001deb5e2e270
Event: 6.724 Thread 0x000001def91e9a40 Thread added: 0x000001deb6c4df70
Event: 6.878 Thread 0x000001deb5e1b990 Thread added: 0x000001deb2907b90


Dynamic libraries:
0x00007ff7d3dd0000 - 0x00007ff7d3de0000 	C:\Program Files\Java\jdk-25.0.3\bin\java.exe
0x00007ffc838e0000 - 0x00007ffc83b46000 	C:\WINDOWS\SYSTEM32\ntdll.dll
0x00007ffc3f130000 - 0x00007ffc3f151000 	C:\Program Files\Norton\Suite\aswhook.dll
0x00007ffc82050000 - 0x00007ffc82119000 	C:\WINDOWS\System32\KERNEL32.DLL
0x00007ffc80b00000 - 0x00007ffc80efe000 	C:\WINDOWS\System32\KERNELBASE.dll
0x00007ffc80f10000 - 0x00007ffc8105c000 	C:\WINDOWS\System32\ucrtbase.dll
0x00007ffc3afa0000 - 0x00007ffc3afbe000 	C:\Program Files\Java\jdk-25.0.3\bin\VCRUNTIME140.dll
0x00007ffc3af80000 - 0x00007ffc3af97000 	C:\Program Files\Java\jdk-25.0.3\bin\jli.dll
0x00007ffc82580000 - 0x00007ffc82747000 	C:\WINDOWS\System32\USER32.dll
0x00007ffc56070000 - 0x00007ffc56302000 	C:\WINDOWS\WinSxS\amd64_microsoft.windows.common-controls_6595b64144ccf1df_6.0.26100.8875_none_3e0d5d42e32fe9dd\COMCTL32.dll
0x00007ffc81070000 - 0x00007ffc81097000 	C:\WINDOWS\System32\win32u.dll
0x00007ffc827a0000 - 0x00007ffc827cb000 	C:\WINDOWS\System32\GDI32.dll
0x00007ffc81a40000 - 0x00007ffc81ae9000 	C:\WINDOWS\System32\msvcrt.dll
0x00007ffc81130000 - 0x00007ffc8125a000 	C:\WINDOWS\System32\gdi32full.dll
0x00007ffc81560000 - 0x00007ffc81603000 	C:\WINDOWS\System32\msvcp_win.dll
0x00007ffc82540000 - 0x00007ffc82572000 	C:\WINDOWS\System32\IMM32.DLL
0x00007ffc4de50000 - 0x00007ffc4de5c000 	C:\Program Files\Java\jdk-25.0.3\bin\vcruntime140_1.dll
0x00007ffbea080000 - 0x00007ffbea10d000 	C:\Program Files\Java\jdk-25.0.3\bin\msvcp140.dll
0x00007ffbc3310000 - 0x00007ffbc4170000 	C:\Program Files\Java\jdk-25.0.3\bin\server\jvm.dll
0x00007ffc81720000 - 0x00007ffc817d7000 	C:\WINDOWS\System32\ADVAPI32.dll
0x00007ffc82120000 - 0x00007ffc821ca000 	C:\WINDOWS\System32\sechost.dll
0x00007ffc821d0000 - 0x00007ffc822e8000 	C:\WINDOWS\System32\RPCRT4.dll
0x00007ffc818e0000 - 0x00007ffc81960000 	C:\WINDOWS\System32\WS2_32.dll
0x00007ffc80710000 - 0x00007ffc8076e000 	C:\WINDOWS\SYSTEM32\POWRPROF.dll
0x00007ffc788a0000 - 0x00007ffc788ab000 	C:\WINDOWS\SYSTEM32\VERSION.dll
0x00007ffc72480000 - 0x00007ffc724b6000 	C:\WINDOWS\SYSTEM32\WINMM.dll
0x00007ffc806b0000 - 0x00007ffc806c4000 	C:\WINDOWS\SYSTEM32\UMPDC.dll
0x00007ffc7f7e0000 - 0x00007ffc7f7fb000 	C:\WINDOWS\SYSTEM32\kernel.appcore.dll
0x00007ffc47870000 - 0x00007ffc4787a000 	C:\Program Files\Java\jdk-25.0.3\bin\jimage.dll
0x00007ffc71ea0000 - 0x00007ffc720e2000 	C:\WINDOWS\SYSTEM32\DBGHELP.DLL
0x00007ffc81cc0000 - 0x00007ffc82043000 	C:\WINDOWS\System32\combase.dll
0x00007ffc817e0000 - 0x00007ffc818b9000 	C:\WINDOWS\System32\OLEAUT32.dll
0x00007ffc726e0000 - 0x00007ffc7271b000 	C:\WINDOWS\SYSTEM32\dbgcore.DLL
0x00007ffc813e0000 - 0x00007ffc8148c000 	C:\WINDOWS\System32\bcryptPrimitives.dll
0x00007ffbe86a0000 - 0x00007ffbe86dd000 	C:\Program Files\Java\jdk-25.0.3\bin\jdwp.dll
0x00007ffc46c20000 - 0x00007ffc46c30000 	C:\Program Files\Java\jdk-25.0.3\bin\instrument.dll
0x00007ffbfd020000 - 0x00007ffbfd03f000 	C:\Program Files\Java\jdk-25.0.3\bin\java.dll
0x00007ffc827d0000 - 0x00007ffc82969000 	C:\WINDOWS\System32\ole32.dll
0x00007ffc82b50000 - 0x00007ffc832e2000 	C:\WINDOWS\System32\SHELL32.dll
0x00007ffbea8a0000 - 0x00007ffbea8b7000 	C:\Program Files\Java\jdk-25.0.3\bin\zip.dll
0x00007ffc7e5e0000 - 0x00007ffc7ee72000 	C:\WINDOWS\SYSTEM32\windows.storage.dll
0x00007ffc832f0000 - 0x00007ffc833e7000 	C:\WINDOWS\System32\SHCORE.dll
0x00007ffc822f0000 - 0x00007ffc82357000 	C:\WINDOWS\System32\shlwapi.dll
0x00007ffc80a20000 - 0x00007ffc80a49000 	C:\WINDOWS\SYSTEM32\profapi.dll
0x00007ffc46b30000 - 0x00007ffc46b3c000 	C:\Program Files\Java\jdk-25.0.3\bin\dt_socket.dll
0x00007ffc7f1b0000 - 0x00007ffc7f1e3000 	C:\WINDOWS\SYSTEM32\IPHLPAPI.DLL
0x00007ffc7fd90000 - 0x00007ffc7fdfc000 	C:\WINDOWS\system32\mswsock.dll
0x00007ffbea5f0000 - 0x00007ffbea602000 	C:\Program Files\Java\jdk-25.0.3\bin\net.dll
0x00007ffbea060000 - 0x00007ffbea076000 	C:\Program Files\Java\jdk-25.0.3\bin\nio.dll
0x00007ffc44840000 - 0x00007ffc44850000 	C:\Program Files\Java\jdk-25.0.3\bin\verify.dll
0x00007ffc44100000 - 0x00007ffc4410a000 	C:\Program Files\Java\jdk-25.0.3\bin\management.dll
0x00007ffc435d0000 - 0x00007ffc435dc000 	C:\Program Files\Java\jdk-25.0.3\bin\management_ext.dll
0x00007ffc81a30000 - 0x00007ffc81a38000 	C:\WINDOWS\System32\PSAPI.DLL
0x00007ffc5b590000 - 0x00007ffc5b5a8000 	C:\WINDOWS\system32\napinsp.dll
0x00007ffc7f240000 - 0x00007ffc7f396000 	C:\WINDOWS\SYSTEM32\DNSAPI.dll
0x00007ffc7fb20000 - 0x00007ffc7fb2d000 	C:\WINDOWS\SYSTEM32\DSPARSE.dll
0x00007ffc81710000 - 0x00007ffc8171a000 	C:\WINDOWS\System32\NSI.dll
0x00007ffc5b7a0000 - 0x00007ffc5b7b3000 	C:\WINDOWS\System32\winrnr.dll
0x00007ffc5b770000 - 0x00007ffc5b792000 	C:\WINDOWS\system32\nlansp_c.dll
0x00007ffc78ed0000 - 0x00007ffc78ee6000 	C:\WINDOWS\system32\wshbth.dll
0x00007ffc78050000 - 0x00007ffc7805b000 	C:\Windows\System32\rasadhlp.dll
0x00007ffc78170000 - 0x00007ffc781f6000 	C:\WINDOWS\System32\fwpuclnt.dll
0x00007ffc80090000 - 0x00007ffc800ab000 	C:\WINDOWS\SYSTEM32\CRYPTSP.dll
0x00007ffc7f740000 - 0x00007ffc7f779000 	C:\WINDOWS\system32\rsaenh.dll
0x00007ffc7fe50000 - 0x00007ffc7fe82000 	C:\WINDOWS\SYSTEM32\USERENV.dll
0x00007ffc809f0000 - 0x00007ffc80a1a000 	C:\WINDOWS\SYSTEM32\bcrypt.dll
0x00007ffc800b0000 - 0x00007ffc800bc000 	C:\WINDOWS\SYSTEM32\CRYPTBASE.dll
0x00007ffbe5d40000 - 0x00007ffbe5d89000 	C:\Users\Owner\AppData\Local\Temp\jna--823301853\jna9417097683707906721.dll
0x00007ffc81970000 - 0x00007ffc81a1e000 	C:\WINDOWS\System32\clbcatq.dll
0x00007ffc54d80000 - 0x00007ffc54d9d000 	C:\WINDOWS\SYSTEM32\amsi.dll
0x00007ffc52f20000 - 0x00007ffc53020000 	C:\Program Files\Norton\Suite\aswAMSI.dll
0x00007ffc5f570000 - 0x00007ffc5f5c8000 	C:\WINDOWS\SYSTEM32\Pdh.dll
0x00007ffc5ec50000 - 0x00007ffc5ec61000 	C:\WINDOWS\System32\perfos.dll
0x00007ffc7c7e0000 - 0x00007ffc7c7f2000 	C:\WINDOWS\SYSTEM32\pfclient.dll
0x00007ffc40da0000 - 0x00007ffc40dae000 	C:\Program Files\Java\jdk-25.0.3\bin\sunmscapi.dll
0x00007ffc81260000 - 0x00007ffc813d8000 	C:\WINDOWS\System32\CRYPT32.dll
0x00007ffc80340000 - 0x00007ffc80370000 	C:\WINDOWS\SYSTEM32\ncrypt.dll
0x00007ffc802f0000 - 0x00007ffc8032f000 	C:\WINDOWS\SYSTEM32\NTASN1.dll
0x00007ffc414e0000 - 0x00007ffc414e9000 	C:\Program Files\Java\jdk-25.0.3\bin\extnet.dll
0x00007ffc5b200000 - 0x00007ffc5b3dc000 	C:\WINDOWS\system32\urlmon.dll
0x00007ffc5af30000 - 0x00007ffc5b1f5000 	C:\WINDOWS\SYSTEM32\iertutil.dll
0x00007ffc7f190000 - 0x00007ffc7f19d000 	C:\WINDOWS\SYSTEM32\netutils.dll
0x00007ffc61e40000 - 0x00007ffc61e69000 	C:\WINDOWS\SYSTEM32\srvcli.dll
0x00007ffbe4aa0000 - 0x00007ffbe4b24000 	C:\Users\Owner\AppData\Local\Temp\lwjgl_LichtMeilleur\3.4.1-snapshot\x64\lwjgl.dll
0x00007ffbdce40000 - 0x00007ffbdceca000 	C:\Users\Owner\AppData\Local\Temp\lwjgl_LichtMeilleur\3.4.1-snapshot\x64\glfw.dll
0x00007ffbcb5c0000 - 0x00007ffbcb830000 	C:\Users\Owner\AppData\Local\Temp\lwjgl_LichtMeilleur\3.4.1-snapshot\x64\jemalloc.dll
0x00007ffc34420000 - 0x00007ffc3446b000 	C:\WINDOWS\SYSTEM32\dinput8.dll
0x00007ffc16ef0000 - 0x00007ffc16f0b000 	C:\WINDOWS\SYSTEM32\xinput1_4.dll
0x00007ffc80780000 - 0x00007ffc807d1000 	C:\WINDOWS\SYSTEM32\cfgmgr32.dll
0x00007ffc806d0000 - 0x00007ffc806ff000 	C:\WINDOWS\SYSTEM32\DEVOBJ.dll
0x00007ffc590c0000 - 0x00007ffc592a4000 	C:\WINDOWS\SYSTEM32\inputhost.dll
0x00007ffc7d740000 - 0x00007ffc7d865000 	C:\WINDOWS\SYSTEM32\CoreMessaging.dll
0x00007ffc7df10000 - 0x00007ffc7df3f000 	C:\WINDOWS\SYSTEM32\dwmapi.dll
0x00007ffc7dc70000 - 0x00007ffc7dd19000 	C:\WINDOWS\system32\uxtheme.dll
0x00007ffc823d0000 - 0x00007ffc8252d000 	C:\WINDOWS\System32\MSCTF.dll
0x00007ffbb0ce0000 - 0x00007ffbb0dec000 	C:\WINDOWS\SYSTEM32\opengl32.dll
0x00007ffbe22f0000 - 0x00007ffbe231d000 	C:\WINDOWS\SYSTEM32\GLU32.dll
0x00007ffc7dd50000 - 0x00007ffc7dd96000 	C:\WINDOWS\SYSTEM32\dxcore.dll
0x00007ffc5a980000 - 0x00007ffc5a99a000 	C:\WINDOWS\SYSTEM32\windows.staterepositorycore.dll
0x00007ffb9fef0000 - 0x00007ffba2ba2000 	C:\WINDOWS\System32\DriverStore\FileRepository\nv_dispi.inf_amd64_b7cca8360c0d57e9\nvoglv64.dll
0x00007ffc833f0000 - 0x00007ffc83877000 	C:\WINDOWS\System32\SETUPAPI.dll
0x00007ffc7dc10000 - 0x00007ffc7dc39000 	C:\WINDOWS\SYSTEM32\WTSAPI32.dll
0x00007ffc7fa90000 - 0x00007ffc7fad9000 	C:\WINDOWS\SYSTEM32\SspiCli.dll
0x00007ffc801e0000 - 0x00007ffc801f3000 	C:\WINDOWS\SYSTEM32\msasn1.dll
0x00007ffc78380000 - 0x00007ffc783bb000 	C:\WINDOWS\SYSTEM32\cryptnet.dll
0x00007ffc80170000 - 0x00007ffc801da000 	C:\WINDOWS\SYSTEM32\wldp.dll
0x00007ffc78200000 - 0x00007ffc78379000 	C:\WINDOWS\SYSTEM32\drvstore.dll
0x00007ffc810a0000 - 0x00007ffc81123000 	C:\WINDOWS\System32\WINTRUST.dll
0x00007ffc7f910000 - 0x00007ffc7f946000 	C:\WINDOWS\SYSTEM32\ntmarta.dll
0x00007ffc81c90000 - 0x00007ffc81cb0000 	C:\WINDOWS\System32\imagehlp.dll
0x00007ffc72840000 - 0x00007ffc77797000 	C:\WINDOWS\System32\DriverStore\FileRepository\nv_dispi.inf_amd64_b7cca8360c0d57e9\nvgpucomp64.dll
0x00007ffc35770000 - 0x00007ffc358b7000 	C:\WINDOWS\system32\nvspcap64.dll
0x00007ffc80230000 - 0x00007ffc80291000 	C:\WINDOWS\SYSTEM32\WINSTA.dll
0x00007ffc59050000 - 0x00007ffc590ae000 	C:\WINDOWS\system32\ApplicationTargetedFeatureDatabase.dll
0x00007ffc79830000 - 0x00007ffc79a7f000 	C:\Windows\System32\twinapi.appcore.dll
0x00007ffc58f00000 - 0x00007ffc59047000 	C:\WINDOWS\SYSTEM32\textinputframework.dll
0x00007ffc7ac00000 - 0x00007ffc7ad6a000 	C:\Windows\System32\WinTypes.dll
0x00007ffc791a0000 - 0x00007ffc79484000 	C:\WINDOWS\SYSTEM32\CoreUIComponents.dll
0x00007ffc7b9f0000 - 0x00007ffc7baf6000 	C:\WINDOWS\SYSTEM32\PROPSYS.dll
0x00007ffc55ff0000 - 0x00007ffc56063000 	C:\WINDOWS\SYSTEM32\OLEACC.dll
0x00007ffbe88b0000 - 0x00007ffbe8abc000 	C:\Windows\System32\IME\IMEJP\imjpapi.dll
0x00007ffc44640000 - 0x00007ffc4467d000 	C:\Windows\System32\IME\shared\imjkapi.dll
0x00007ffc7bd50000 - 0x00007ffc7be07000 	C:\WINDOWS\SYSTEM32\policymanager.dll
0x00007ffc49010000 - 0x00007ffc49040000 	C:\WINDOWS\SYSTEM32\coreprivacysettingsstore.dll
0x00007ffc400b0000 - 0x00007ffc4018a000 	C:\Windows\System32\IME\IMEJP\imjppred.dll
0x00007ffc70be0000 - 0x00007ffc70c0a000 	C:\WINDOWS\SYSTEM32\Cabinet.dll
0x00007ffbe3260000 - 0x00007ffbe32bc000 	C:\Users\Owner\AppData\Local\Temp\lwjgl_LichtMeilleur\3.4.1-snapshot\x64\lwjgl_opengl.dll
0x00007ffc4dd20000 - 0x00007ffc4dd4e000 	C:\Windows\System32\IME\SHARED\imesearchdll.dll

JVMTI agents:
jdwp path:C:\Program Files\Java\jdk-25.0.3\bin\jdwp.dll, loaded, initialized, options:transport=dt_socket,server=n,suspend=y,address=127.0.0.1:56448
C:\Users\Owner\AppData\Local\JetBrains\IntelliJIdea2026.1\captureAgent\debugger-agent.jar path:C:\Program Files\Java\jdk-25.0.3\bin\instrument.dll, loaded, initialized, instrumentlib options:file:///C:/Users/Owner/AppData/Local/Temp/capture17534760281078270838.props

dbghelp: loaded successfully - version: 4.0.5 - missing functions: none
symbol engine: initialized successfully - sym options: 0x614 - pdb path: .;C:\Program Files\Java\jdk-25.0.3\bin;C:\WINDOWS\SYSTEM32;C:\Program Files\Norton\Suite;C:\WINDOWS\WinSxS\amd64_microsoft.windows.common-controls_6595b64144ccf1df_6.0.26100.8875_none_3e0d5d42e32fe9dd;C:\Program Files\Java\jdk-25.0.3\bin\server;C:\Users\Owner\AppData\Local\Temp\jna--823301853;C:\Users\Owner\AppData\Local\Temp\lwjgl_LichtMeilleur\3.4.1-snapshot\x64;C:\WINDOWS\System32\DriverStore\FileRepository\nv_dispi.inf_amd64_b7cca8360c0d57e9;C:\Windows\System32\IME\IMEJP;C:\Windows\System32\IME\shared;C:\WINDOWS\system32\wbem;C:\WINDOWS\System32\Speech\Common

VM Arguments:
jvm_args: -Ddebugger.agent.enable.coroutines=true -Ddebugger.async.stack.trace.for.all.threads=true -Dfabric.dli.config=J:\minecraft@@0020orgenal@@0020mod@@0020with@@0020GPT\the_end_of_dragon\fabric\.gradle\loom-cache\launch.cfg -Dfabric.dli.env=client -Dfabric.dli.main=net.fabricmc.loader.impl.launch.knot.KnotClient -Dkotlinx.coroutines.debug.enable.creation.stack.trace=false -Dkotlinx.coroutines.debug.enable.flows.stack.trace=true -Dkotlinx.coroutines.debug.enable.mutable.state.flows.stack.trace=true --sun-misc-unsafe-memory-access=allow --enable-native-access=ALL-UNNAMED -agentlib:jdwp=transport=dt_socket,server=n,suspend=y,address=127.0.0.1:56448 -javaagent:C:\Users\Owner\AppData\Local\JetBrains\IntelliJIdea2026.1\captureAgent\debugger-agent.jar=file:///C:/Users/Owner/AppData/Local/Temp/capture17534760281078270838.props -Dfile.encoding=UTF-8 -Duser.country=JP -Duser.language=ja -Duser.variant 
java_command: net.fabricmc.devlaunchinjector.Main
java_class_path (initial): J:\minecraft orgenal mod with GPT\the_end_of_dragon\fabric\build\classes\java\client;J:\minecraft orgenal mod with GPT\the_end_of_dragon\fabric\build\resources\client;C:\Users\Owner\.gradle\caches\modules-2\files-2.1\net.fabricmc\fabric-loader\0.18.6\b823a25197a42c7f32bb904f187cd05730e8873c\fabric-loader-0.18.6.jar;C:\Users\Owner\.gradle\caches\modules-2\files-2.1\net.fabricmc.fabric-api\fabric-api\0.145.4+26.1.2\f6a5958eae1644ce8e8622b513bc6a795594675b\fabric-api-0.145.4+26.1.2.jar;C:\Users\Owner\.gradle\caches\modules-2\files-2.1\curse.maven\geckolib-388172\7806318\b0c7f6888470b521f615842219d082782b5ae816\geckolib-388172-7806318.jar;C:\Users\Owner\.gradle\caches\modules-2\files-2.1\org.ow2.asm\asm\9.9\c29635c8a7afa03d74b33c1884df8abb2b3f3dcc\asm-9.9.jar;C:\Users\Owner\.gradle\caches\modules-2\files-2.1\org.ow2.asm\asm-analysis\9.9\bf4fa6e66638851c1cd22c2caea0c3ee5d5f437\asm-analysis-9.9.jar;C:\Users\Owner\.gradle\caches\modules-2\files-2.1\org.ow2.asm\asm-commons\9.9\db9165a3bf908ded6b08612d583a15d1d0c7bda0\asm-commons-9.9.jar;C:\Users\Owner\.gradle\caches\modules-2\files-2.1\org.ow2.asm\asm-tree\9.9\f8de6eead6d24dd0f45bd065bbe112b2cda6ea21\asm-tree-9.9.jar;C:\Users\Owner\.gradle\caches\modules-2\files-2.1\org.ow2.asm\asm-util\9.9\42fdfc0508b43807c8078d6e82ecff2ce2112ae8\asm-util-9.9.jar;C:\Users\Owner\.gradle\caches\modules-2\files-2.1\net.fabricmc\sponge-mixin\0.17.0+mixin.0.8.7\cf31463202f72d03b0ef1e1e38e8ee71b7faaab6\sponge-mixin-0.17.0+mixin.0.8.7.jar;C:\Users\Owner\.gradle\caches\modules-2\files-2.1\io.github.llamalad7\mixinextras-fabric\0.5.3\8ee5af001acbc9f7970e383bdf0944d063c80f63\mixinextras-fabric-0.5.3.jar;C:\Users\Owner\.gradle\caches\modules-2\files-2.1\net.fabricmc\dev-launch-injector\0.2.1+build.8\da8bef7e6e2f952da707f282bdb46882a0fce5e3\dev-launch-injector-0.2.1+build.8.jar;C:\Users\Owner\.gradle\caches\modules-2\files-2.1\net.fabricmc\fabric-log4j-util\1.0.2\ef0b3fb613356feb75a67d54f2fad6f03a006648\fabric-log4j-util-1.0.2.jar;C:\Users\Owner\.gradle\caches\modules-2\files-2.1\at.yawk.lz4\lz4-java\1.10.1\f541d7f910fe3d76f38f799c507c48cc81b12ecb\lz4-java-1.10.1.jar;C:\Users\Owner\.gradle\caches\modules-2\files-2.1\com.azure\azure-json\1.4.0\fcc1d354dbc3e0300e5276b1bf124d0247799cd8\azure-json-1.4.0.jar;C:\Users\Owner\.gradle\caches\modules-2\files-2.1\com.github.oshi\oshi-core\6.9.0\3224870731860cfcd7744581a05b559e94291e7\oshi-core-6.9.0.jar;C:\Users\Owner\.gradle\caches\modules-2\files-2.1\com.google.code.gson\gson\2.13.2\48b8230771e573b54ce6e867a9001e75977fe78e\gson-2.13.2.jar;C:\Users\Owner\.gradle\caches\modules-2\files-2.1\com.google.guava\failureaccess\1.0.3\aeaffd00d57023a2c947393ed251f0354f0985fc\failureaccess-1.0.3.jar;C:\Users\Owner\.gradle\caches\modules-2\files-2.1\com.google.guava\guava\33.5.0-jre\8699de25f2f979108d6c1b804a7ba38cda1116bc\guava-33.5.0-jre.jar;C:\Users\Owner\.gradle\caches\modules-2\files-2.1\com.ibm.icu\icu4j\77.1\38693cf0b1d7362a8b726af74dc06026a7c23809\icu4j-77.1.jar;C:\Users\Owner\.gradle\caches\modules-2\files-2.1\com.microsoft.azure\msal4j\1.23.1\6c722b514873b24a4e1ce9c22dca36ea3c22bdbe\msal4j-1.23.1.jar;C:\Users\Owner\.gradle\caches\modules-2\files-2.1\com.mojang\authlib\7.0.63\54895b4e25e8b9b4cbbbe25f24eccf2b71b1ac2b\authlib-7.0.63.jar;C:\Users\Owner\.gradle\caches\modules-2\files-2.1\com.mojang\blocklist\1.0.10\5c685c5ffa94c4cd39496c7184c1d122e515ecef\blocklist-1.0.10.jar;C:\Users\Owner\.gradle\caches\modules-2\files-2.1\com.mojang\brigadier\1.3.10\d15b53a14cf20fdcaa98f731af5dda654452c010\brigadier-1.3.10.jar;C:\Users\Owner\.gradle\caches\modules-2\files-2.1\com.mojang\datafixerupper\9.0.19\4e91f9712fa1e83231d1501625381b0210a977da\datafixerupper-9.0.19.jar;C:\Users\Owner\.gradle\caches\modules-2\files-2.1\com.mojang\jtracy\1.0.37\a3fb649b2e2b2288d2978f0b0bc3d83f62809d1e\jtracy-1.0.37.jar;C:\Users\Owner\.gradle\caches\modules-2\files-2.1\com.mojang\jtracy\1.0.37\6ff6d710fd4ffd470f2799653fab57e27fed0c9d\jtracy-1.0.37-natives-windows.jar;C:\Users\Owner\.gradle\caches\modules-2\files-2.1\com.mojang\logging\1.6.11\fd147240733010c158249d986323f9ef98977fe\logging-1.6.11.jar;C:\Users\Owner\.gradle\caches\modules-2\files-2.1\com.mojang\patchy\2.2.10\da05971b07cbb379d002cf7eaec6a2048211fefc\patchy-2.2.10.jar;C:\Users\Owner\.gradle\caches\modules-2\files-2.1\com.mojang\text2speech\1.18.11\e853a12cdd6ba4f4836e8f4bf3b37844a13482b6\text2speech-1.18.11.jar;C:\Users\Owner\.gradle\caches\modules-2\files-2.1\commons-codec\commons-codec\1.19.0\8c0dbe3ae883fceda9b50a6c76e745e548073388\commons-codec-1.19.0.jar;C:\Users\Owner\.gradle\caches\modules-2\files-2.1\commons-io\commons-io\2.20.0\36f3474daec2849c149e877614e7f979b2082cd2\commons-io-2.20.0.jar;C:\Users\Owner\.gradle\caches\modules-2\files-2.1\io.netty\netty-buffer\4.2.7.Final\5555ff561643bf2f8430fb57c24403c0efe15994\netty-buffer-4.2.7.Final.jar;C:\Users\Owner\.gradle\caches\modules-2\files-2.1\io.netty\netty-codec-base\4.2.7.Final\915e381ebabcf115f1c7ff7032d55c48afb50210\netty-codec-base-4.2.7.Final.jar;C:\Users\Owner\.gradle\caches\modules-2\files-2.1\io.netty\netty-codec-compression\4.2.7.Final\572341bc1ca90fd9d6e47f1d2694aab5258566e9\netty-codec-compression-4.2.7.Final.jar;C:\Users\Owner\.gradle\caches\modules-2\files-2.1\io.netty\netty-codec-http\4.2.7.Final\b734c108854099c421fd94d92d9f865e4d4da853\netty-codec-http-4.2.7.Final.jar;C:\Users\Owner\.gradle\caches\modules-2\files-2.1\io.netty\netty-common\4.2.7.Final\11aa30df26af4fca3239ac1917f303a280f301e1\netty-common-4.2.7.Final.jar;C:\Users\Owner\.gradle\caches\modules-2\files-2.1\io.netty\netty-handler\4.2.7.Final\7ad8a1f851e2e6fe93cdd091871fda2b81c03b5b\netty-handler-4.2.7.Final.jar;C:\Users\Owner\.gradle\caches\modules-2\files-2.1\io.netty\netty-resolver\4.2.7.Final\5f3e5ef8de03992cd4fb46960dc0085ec1a12a12\netty-resolver-4.2.7.Final.jar;C:\Users\Owner\.gradle\caches\modules-2\files-2.1\io.netty\netty-transport-classes-epoll\4.2.7.Final\1075c09f48a78eef9d819fbfd9096b903fdd362a\netty-transport-classes-epoll-4.2.7.Final.jar;C:\Users\Owner\.gradle\caches\modules-2\files-2.1\io.netty\netty-transport-classes-kqueue\4.2.7.Final\bdec7c23c75caabd848426d073c09568e8d5f94e\netty-transport-classes-kqueue-4.2.7.Final.jar;C:\Users\Owner\.gradle\caches\modules-2\files-2.1\io.netty\netty-transport-native-unix-common\4.2.7.Final\89953f04259ea7502cffb313630dd51e00e60669\netty-transport-native-unix-common-4.2.7.Final.jar;C:\Users\Owner\.gradle\caches\modules-2\files-2.1\io.netty\netty-transport\4.2.7.Final\83ea548981d0d8c4a98027cc1a6f9624f902e142\netty-transport-4.2.7.Final.jar;C:\Users\Owner\.gradle\caches\modules-2\files-2.1\it.unimi.dsi\fastutil\8.5.18\a6cff377eecc19c2037bf31568a6d7106b50ba1f\fastutil-8.5.18.jar;C:\Users\Owner\.gradle\caches\modules-2\files-2.1\net.java.dev.jna\jna-platform\5.17.0\a4934c44d25a9d8c2ddf4203affd20330cb3426f\jna-platform-5.17.0.jar;C:\Users\Owner\.gradle\caches\modules-2\files-2.1\net.java.dev.jna\jna\5.17.0\33d12735bef894440780fce64f9758d420c7bae2\jna-5.17.0.jar;C:\Users\Owner\.gradle\caches\modules-2\files-2.1\net.sf.jopt-simple\jopt-simple\5.0.4\4fdac2fbe92dfad86aa6e9301736f6b4342a3f5c\jopt-simple-5.0.4.jar;C:\Users\Owner\.gradle\caches\modules-2\files-2.1\org.apache.commons\commons-compress\1.28.0\e482f2c7a88dac3c497e96aa420b6a769f59c8d7\commons-compress-1.28.0.jar;C:\Users\Owner\.gradle\caches\modules-2\files-2.1\org.apache.commons\commons-lang3\3.19.0\d6524b169a6574cd253760c472d419b47bfd37e6\commons-lang3-3.19.0.jar;C:\Users\Owner\.gradle\caches\modules-2\files-2.1\org.apache.logging.log4j\log4j-api\2.25.2\292c1a2b1702f1e1e3adb13e1c57e5bff60335ff\log4j-api-2.25.2.jar;C:\Users\Owner\.gradle\caches\modules-2\files-2.1\org.apache.logging.log4j\log4j-core\2.25.2\d4d0ad2e51e03e531f784891fbfff1bae1e13a12\log4j-core-2.25.2.jar;C:\Users\Owner\.gradle\caches\modules-2\files-2.1\org.apache.logging.log4j\log4j-slf4j2-impl\2.25.2\5eec0c392661dee8a366baec17e8896900dd978f\log4j-slf4j2-impl-2.25.2.jar;C:\Users\Owner\.gradle\caches\modules-2\files-2.1\org.jcraft\jorbis\0.0.17\8872d22b293e8f5d7d56ff92be966e6dc28ebdc6\jorbis-0.0.17.jar;C:\Users\Owner\.gradle\caches\modules-2\files-2.1\org.joml\joml\1.10.8\fc0a71dad90a2cf41d82a76156a0e700af8e4f8d\joml-1.10.8.jar;C:\Users\Owner\.gradle\caches\modules-2\files-2.1\org.jspecify\jspecify\1.0.0\7425a601c1c7ec76645a78d22b8c6a627edee507\jspecify-1.0.0.jar;C:\Users\Owner\.gradle\caches\modules-2\files-2.1\org.lwjgl\lwjgl-freetype\3.4.1\caa75a37e857efc9b0686e434d708d6420c5b6ea\lwjgl-freetype-3.4.1.jar;C:\Users\Owner\.gradle\caches\modules-2\files-2.1\org.lwjgl\lwjgl-freetype\3.4.1\32fc9cfd236aca5433d53af78bfb15f1b4c1103e\lwjgl-freetype-3.4.1-natives-windows.jar;C:\Users\Owner\.gradle\caches\modules-2\files-2.1\org.lwjgl\lwjgl-freetype\3.4.1\a677b4a7bba84f925b4cc4f52a58c5248974bdeb\lwjgl-freetype-3.4.1-natives-windows-arm64.jar;C:\Users\Owner\.gradle\caches\modules-2\files-2.1\org.lwjgl\lwjgl-freetype\3.4.1\81431d868bcf162d4c915b9c39b2c7aae155ad4f\lwjgl-freetype-3.4.1-natives-windows-x86.jar;C:\Users\Owner\.gradle\caches\modules-2\files-2.1\org.lwjgl\lwjgl-glfw\3.4.1\a782b1ddd175c9107bf300fd92920579ea65e2a4\lwjgl-glfw-3.4.1.jar;C:\Users\Owner\.gradle\caches\modules-2\files-2.1\org.lwjgl\lwjgl-glfw\3.4.1\2eb4aa895ea190ba8cf4356f8cea24d3ebb40ea1\lwjgl-glfw-3.4.1-natives-windows.jar;C:\Users\Owner\.gradle\caches\modules-2\files-2.1\org.lwjgl\lwjgl-glfw\3.4.1\196101d96d9b2aa73264a96ae1dc8944a1446cee\lwjgl-glfw-3.4.1-natives-windows-arm64.jar;C:\Users\Owner\.gradle\caches\modules-2\files-2.1\org.lwjgl\lwjgl-glfw\3.4.1\a48bbdd544f00c88f8906e9d09e3f31bc1c17fac\lwjgl-glfw-3.4.1-natives-windows-x86.jar;C:\Users\Owner\.gradle\caches\modules-2\files-2.1\org.lwjgl\lwjgl-jemalloc\3.4.1\16b663092854fc6adfe0a941e61cae2bb2e437b6\lwjgl-jemalloc-3.4.1.jar;C:\Users\Owner\.gradle\caches\modules-2\files-2.1\org.lwjgl\lwjgl-jemalloc\3.4.1\70db8048d1aca8a6365f46f9963b8d6cd77b9e94\lwjgl-jemalloc-3.4.1-natives-windows.jar;C:\Users\Owner\.gradle\caches\modules-2\files-2.1\org.lwjgl\lwjgl-jemalloc\3.4.1\662e0926dd990f679e1cfb31d710d22d175bdabc\lwjgl-jemalloc-3.4.1-natives-windows-arm64.jar;C:\Users\Owner\.gradle\caches\modules-2\files-2.1\org.lwjgl\lwjgl-jemalloc\3.4.1\d8cf69e1155df83260f9bbe01944fe91f8ca3955\lwjgl-jemalloc-3.4.1-natives-windows-x86.jar;C:\Users\Owner\.gradle\caches\modules-2\files-2.1\org.lwjgl\lwjgl-openal\3.4.1\8508bd60589de0539aa465b78fcf838efd07ae9a\lwjgl-openal-3.4.1.jar;C:\Users\Owner\.gradle\caches\modules-2\files-2.1\org.lwjgl\lwjgl-openal\3.4.1\8e83fdfdf65c80c9877c6fb6cb645d239ed7638\lwjgl-openal-3.4.1-natives-windows.jar;C:\Users\Owner\.gradle\caches\modules-2\files-2.1\org.lwjgl\lwjgl-openal\3.4.1\4b996cc3321a807ee34e7ce53aba7fe529dc485a\lwjgl-openal-3.4.1-natives-windows-arm64.jar;C:\Users\Owner\.gradle\caches\modules-2\files-2.1\org.lwjgl\lwjgl-openal\3.4.1\9e4bab87e9b89876fa77ea3c19e1b45334b97c10\lwjgl-openal-3.4.1-natives-windows-x86.jar;C:\Users\Owner\.gradle\caches\modules-2\files-2.1\org.lwjgl\lwjgl-opengl\3.4.1\830412cab823c029cda6b9729f9d2ed36cf79959\lwjgl-opengl-3.4.1.jar;C:\Users\Owner\.gradle\caches\modules-2\files-2.1\org.lwjgl\lwjgl-opengl\3.4.1\617f37ef4e2ffb727bd5e74333e8073ef43ca1ec\lwjgl-opengl-3.4.1-natives-windows.jar;C:\Users\Owner\.gradle\caches\modules-2\files-2.1\org.lwjgl\lwjgl-opengl\3.4.1\4b6a9c5d7d5325312b740d9886087b7292b43bf9\lwjgl-opengl-3.4.1-natives-windows-arm64.jar;C:\Users\Owner\.gradle\caches\modules-2\files-2.1\org.lwjgl\lwjgl-opengl\3.4.1\cfd47352b758a0c9f7046de467b103182ec77eb1\lwjgl-opengl-3.4.1-natives-windows-x86.jar;C:\Users\Owner\.gradle\caches\modules-2\files-2.1\org.lwjgl\lwjgl-stb\3.4.1\f077c3dafc31924fbe8acb0b913f08977ba27f8e\lwjgl-stb-3.4.1.jar;C:\Users\Owner\.gradle\caches\modules-2\files-2.1\org.lwjgl\lwjgl-stb\3.4.1\b4e13ece83c228ecf57354639d8555076a989d74\lwjgl-stb-3.4.1-natives-windows.jar;C:\Users\Owner\.gradle\caches\modules-2\files-2.1\org.lwjgl\lwjgl-stb\3.4.1\7f4c39b3d56c7bae4900ee6e59d8f75432bdb18f\lwjgl-stb-3.4.1-natives-windows-arm64.jar;C:\Users\Owner\.gradle\caches\modules-2\files-2.1\org.lwjgl\lwjgl-stb\3.4.1\e091cd3b25ab7db88f0e34a0d2797dc396a528fa\lwjgl-stb-3.4.1-natives-windows-x86.jar;C:\Users\Owner\.gradle\caches\modules-2\files-2.1\org.lwjgl\lwjgl-tinyfd\3.4.1\562697d40dbd2ed0424bf24dcf65d51170f81adf\lwjgl-tinyfd-3.4.1.jar;C:\Users\Owner\.gradle\caches\modules-2\files-2.1\org.lwjgl\lwjgl-tinyfd\3.4.1\bdd8c03151cc94460247986f843d134ae8f9406a\lwjgl-tinyfd-3.4.1-natives-windows.jar;C:\Users\Owner\.gradle\caches\modules-2\files-2.1\org.lwjgl\lwjgl-tinyfd\3.4.1\9c93b8211856bfe682f3225ccac811e74243f98e\lwjgl-tinyfd-3.4.1-natives-windows-arm64.jar;C:\Users\Owner\.gradle\caches\modules-2\files-2.1\org.lwjgl\lwjgl-tinyfd\3.4.1\f585da74a17695ba38351697712c03784ee1348b\lwjgl-tinyfd-3.4.1-natives-windows-x86.jar;C:\Users\Owner\.gradle\caches\modules-2\files-2.1\org.lwjgl\lwjgl\3.4.1\6105690714874b995aa7812e4f7732a21109276c\lwjgl-3.4.1.jar;C:\Users\Owner\.gradle\caches\modules-2\files-2.1\org.lwjgl\lwjgl\3.4.1\96a217f0428ab73487f114a54179a4f41e851a04\lwjgl-3.4.1-natives-windows.jar;C:\Users\Owner\.gradle\caches\modules-2\files-2.1\org.lwjgl\lwjgl\3.4.1\d1d3a7052da47ccde2a5fdf3a1bd45d801c3157c\lwjgl-3.4.1-natives-windows-arm64.jar;C:\Users\Owner\.gradle\caches\modules-2\files-2.1\org.lwjgl\lwjgl\3.4.1\65de43bd52507e108a58247c0da57a50ce3ee6f6\lwjgl-3.4.1-natives-windows-x86.jar;C:\Users\Owner\.gradle\caches\modules-2\files-2.1\org.slf4j\slf4j-api\2.0.17\d9e58ac9c7779ba3bf8142aff6c830617a7fe60f\slf4j-api-2.0.17.jar;J:\minecraft orgenal mod with GPT\the_end_of_dragon\.gradle\loom-cache\minecraftMaven\net\minecraft\minecraft-clientOnly-39a6175d73\26.1.2\minecraft-clientOnly-39a6175d73-26.1.2.jar;J:\minecraft orgenal mod with GPT\the_end_of_dragon\.gradle\loom-cache\minecraftMaven\net\minecraft\minecraft-common-39a6175d73\26.1.2\minecraft-common-39a6175d73-26.1.2.jar;C:\Users\Owner\.gradle\caches\modules-2\files-2.1\io.netty\netty-transport-native-epoll\4.2.7.Final\e83998bfc10b5289d9bcbe807c4079ef0eed8e6f\netty-transport-native-epoll-4.2.7.Final-linux-x86_64.jar;C:\Users\Owner\.gradle\caches\modules-2\files-2.1\io.netty\netty-transport-native-epoll\4.2.7.Final\98d02251c98c8f07a23ac5ea27657d9e0ef57614\netty-transport-native-epoll-4.2.7.Final-linux-aarch_64.jar;C:\Users\Owner\.gradle\caches\modules-2\files-2.1\io.netty\netty-transport-native-kqueue\4.2.7.Final\40868fd4e43bce2798245f790624b58803dc26b6\netty-transport-native-kqueue-4.2.7.Final-osx-x86_64.jar;C:\Users\Owner\.gradle\caches\modules-2\files-2.1\io.netty\netty-transport-native-kqueue\4.2.7.Final\e5a0feef41410c8a5ae00c6cb4e0c99bd0aded6a\netty-transport-native-kqueue-4.2.7.Final-osx-aarch_64.jar;C:\Users\Owner\.gradle\caches\modules-2\files-2.1\net.fabricmc.fabric-api\fabric-transfer-api-v1\8.0.2+d871b99e39\91b9b1733feeb9234602e11b6144d2bc019bf4b0\fabric-transfer-api-v1-8.0.2+d871b99e39.jar;C:\Users\Owner\.gradle\caches\modules-2\files-2.1\net.fabricmc.fabric-api\fabric-api-lookup-api-v1\2.0.10+d5a053b639\b961c1555ea0947153d6b2d0138f7181b88747d\fabric-api-lookup-api-v1-2.0.10+d5a053b639.jar;C:\Users\Owner\.gradle\caches\modules-2\files-2.1\net.fabricmc.fabric-api\fabric-command-api-v2\3.0.5+e2bdee7839\10548ff2b7c417dfd62d46f7997bcab48f3853cd\fabric-command-api-v2-3.0.5+e2bdee7839.jar;C:\Users\Owner\.gradle\caches\modules-2\files-2.1\net.fabricmc.fabric-api\fabric-content-registries-v0\11.0.12+d871b99e39\d1463c10d511d2542482173d339e9cf5709043bd\fabric-content-registries-v0-11.0.12+d871b99e39.jar;C:\Users\Owner\.gradle\caches\modules-2\files-2.1\net.fabricmc.fabric-api\fabric-data-generation-api-v1\24.0.17+35c80edc39\d9f07782c42dbde190d6c07099d529ede41680a6\fabric-data-generation-api-v1-24.0.17+35c80edc39.jar;C:\Users\Owner\.gradle\caches\modules-2\files-2.1\net.fabricmc.fabric-api\fabric-convention-tags-v2\4.3.2+c37e6e5f39\4f46111a925877d1559c41f03223f06b4da3a715\fabric-convention-tags-v2-4.3.2+c37e6e5f39.jar;C:\Users\Owner\.gradle\caches\modules-2\files-2.1\net.fabricmc.fabric-api\fabric-creative-tab-api-v1\5.0.10+d871b99e39\8632530aae80afe84e60adcea9eed6d6e565df95\fabric-creative-tab-api-v1-5.0.10+d871b99e39.jar;C:\Users\Owner\.gradle\caches\modules-2\files-2.1\net.fabricmc.fabric-api\fabric-data-attachment-api-v1\2.2.3+d602a89639\e84f7afd85bb086cdc440e6e6a683a0cbb8b923d\fabric-data-attachment-api-v1-2.2.3+d602a89639.jar;C:\Users\Owner\.gradle\caches\modules-2\files-2.1\net.fabricmc.fabric-api\fabric-debug-api-v1\1.0.1+c792624d39\b9791fbdbee04e19b22683871085a2afa77ffd59\fabric-debug-api-v1-1.0.1+c792624d39.jar;C:\Users\Owner\.gradle\caches\modules-2\files-2.1\net.fabricmc.fabric-api\fabric-dimensions-v1\5.1.4+9cbf5da539\dbdfd36291b0d22031c64e1e55f8a2cb283e9337\fabric-dimensions-v1-5.1.4+9cbf5da539.jar;C:\Users\Owner\.gradle\caches\modules-2\files-2.1\net.fabricmc.fabric-api\fabric-entity-events-v1\5.0.2+e2bdee7839\4351ed2fcdfa0c8b7a3d2c36a46670ed461af3a0\fabric-entity-events-v1-5.0.2+e2bdee7839.jar;C:\Users\Owner\.gradle\caches\modules-2\files-2.1\net.fabricmc.fabric-api\fabric-events-interaction-v0\5.1.10+c82f046139\9b5b7d40f9bda0a9eb0ed595974c63bd077a2d23\fabric-events-interaction-v0-5.1.10+c82f046139.jar;C:\Users\Owner\.gradle\caches\modules-2\files-2.1\net.fabricmc.fabric-api\fabric-game-rule-api-v1\4.0.5+d871b99e39\a130ffc8d2f8d0966ff05742ee57d3f0b78289fc\fabric-game-rule-api-v1-4.0.5+d871b99e39.jar;C:\Users\Owner\.gradle\caches\modules-2\files-2.1\net.fabricmc.fabric-api\fabric-gametest-api-v1\4.0.13+00a1fba639\864fbcf8c4e74aa776fd06b5c11dc64bc31c860f\fabric-gametest-api-v1-4.0.13+00a1fba639.jar;C:\Users\Owner\.gradle\caches\modules-2\files-2.1\net.fabricmc.fabric-api\fabric-item-api-v1\14.1.0+9833182c39\8d76358ee41a297970aa5efbb3057e2e04d83e5d\fabric-item-api-v1-14.1.0+9833182c39.jar;C:\Users\Owner\.gradle\caches\modules-2\files-2.1\net.fabricmc.fabric-api\fabric-recipe-api-v1\9.0.13+be4b75ae39\8d5c45b18cc18cce01efb54835fa9ac09a4fe208\fabric-recipe-api-v1-9.0.13+be4b75ae39.jar;C:\Users\Owner\.gradle\caches\modules-2\files-2.1\net.fabricmc.fabric-api\fabric-model-loading-api-v1\8.0.3+c80601bb39\19ef8dab4660d06bd26357024e2733924ae4cdb\fabric-model-loading-api-v1-8.0.3+c80601bb39.jar;C:\Users\Owner\.gradle\caches\modules-2\files-2.1\net.fabricmc.fabric-api\fabric-renderer-indigo\8.0.2+a6be36ef39\3abc5ae5f10b05a08db6a9dca31b6bfb59971fb\fabric-renderer-indigo-8.0.2+a6be36ef39.jar;C:\Users\Owner\.gradle\caches\modules-2\files-2.1\net.fabricmc.fabric-api\fabric-renderer-api-v1\13.0.0+c80601bb39\c3e8c145aeee55f2e76c45718af25b0817be4584\fabric-renderer-api-v1-13.0.0+c80601bb39.jar;C:\Users\Owner\.gradle\caches\modules-2\files-2.1\net.fabricmc.fabric-api\fabric-rendering-v1\23.0.4+c7e428fd39\775fd4c6c91d75439ea3fe9fbb80aedb26d43763\fabric-rendering-v1-23.0.4+c7e428fd39.jar;C:\Users\Owner\.gradle\caches\modules-2\files-2.1\net.fabricmc.fabric-api\fabric-lifecycle-events-v1\4.0.6+a9b9c17639\1391e6ce52ad05c3ef51ec461ce31ed05b32e3b8\fabric-lifecycle-events-v1-4.0.6+a9b9c17639.jar;C:\Users\Owner\.gradle\caches\modules-2\files-2.1\net.fabricmc.fabric-api\fabric-loot-api-v3\3.0.11+00a1fba639\bb18f62d32df09d49d392f24fc59735c15782335\fabric-loot-api-v3-3.0.11+00a1fba639.jar;C:\Users\Owner\.gradle\caches\modules-2\files-2.1\net.fabricmc.fabric-api\fabric-menu-api-v1\2.0.12+d871b99e39\8e260bcc1209af6e41c575e7080a435cc280f6cf\fabric-menu-api-v1-2.0.12+d871b99e39.jar;C:\Users\Owner\.gradle\caches\modules-2\files-2.1\net.fabricmc.fabric-api\fabric-message-api-v1\7.0.5+dae8ce3e39\dd4aa0822a0e10f5c94aa2f1120cd90d49b937b3\fabric-message-api-v1-7.0.5+dae8ce3e39.jar;C:\Users\Owner\.gradle\caches\modules-2\files-2.1\net.fabricmc.fabric-api\fabric-particles-v1\5.0.14+b61fef4339\884817fa132fdbe59f7d17d374ca8c3db1731421\fabric-particles-v1-5.0.14+b61fef4339.jar;C:\Users\Owner\.gradle\caches\modules-2\files-2.1\net.fabricmc.fabric-api\fabric-object-builder-api-v1\23.0.13+b61fef4339\975f55b99405c8abb185661b289eb0e0686e9f4d\fabric-object-builder-api-v1-23.0.13+b61fef4339.jar;C:\Users\Owner\.gradle\caches\modules-2\files-2.1\net.fabricmc.fabric-api\fabric-registry-sync-v0\7.0.12+b61fef4339\be9ab6b5c123d594360b98fec40bed07d6dbe35\fabric-registry-sync-v0-7.0.12+b61fef4339.jar;C:\Users\Owner\.gradle\caches\modules-2\files-2.1\net.fabricmc.fabric-api\fabric-networking-api-v1\6.3.0+50a808ce39\98c91c80f1bb156ea293343a581abd747120b8d\fabric-networking-api-v1-6.3.0+50a808ce39.jar;C:\Users\Owner\.gradle\caches\modules-2\files-2.1\net.fabricmc.fabric-api\fabric-rendering-fluids-v1\6.0.1+d871b99e39\b9c07322aad9f74508b9996b01049822a8f2fd61\fabric-rendering-fluids-v1-6.0.1+d871b99e39.jar;C:\Users\Owner\.gradle\caches\modules-2\files-2.1\net.fabricmc.fabric-api\fabric-tag-api-v1\2.0.9+11a26f3139\2db761550726f440cec4e7203e1ba407fe7f1eca\fabric-tag-api-v1-2.0.9+11a26f3139.jar;C:\Users\Owner\.gradle\caches\modules-2\files-2.1\net.fabricmc.fabric-api\fabric-resource-loader-v0\3.3.16+4fc5413f39\a01c1e5b66047a2177866ef6c1968986f1ed528b\fabric-resource-loader-v0-3.3.16+4fc5413f39.jar;C:\Users\Owner\.gradle\caches\modules-2\files-2.1\net.fabricmc.fabric-api\fabric-resource-loader-v1\2.0.9+d871b99e39\65c314cfd24c9f50821686d05e5b18b569ec51ab\fabric-resource-loader-v1-2.0.9+d871b99e39.jar;C:\Users\Owner\.gradle\caches\modules-2\files-2.1\net.fabricmc.fabric-api\fabric-screen-api-v1\5.0.1+d871b99e39\1f5bc27c49357d4e22df816a476ffbbbff3f97b6\fabric-screen-api-v1-5.0.1+d871b99e39.jar;C:\Users\Owner\.gradle\caches\modules-2\files-2.1\net.fabricmc.fabric-api\fabric-api-base\2.0.3+ece0632339\5c9f61de9a3f982deec09f2f345d8aea1d0e1d7d\fabric-api-base-2.0.3+ece0632339.jar;C:\Users\Owner\.gradle\caches\modules-2\files-2.1\net.fabricmc.fabric-api\fabric-biome-api-v1\18.0.4+35c80edc39\cc953874bea507821c78f9e06be59ad2a13c2a9d\fabric-biome-api-v1-18.0.4+35c80edc39.jar;C:\Users\Owner\.gradle\caches\modules-2\files-2.1\net.fabricmc.fabric-api\fabric-block-api-v1\3.0.2+ec56b60139\85d612b2032b95f4709835fc6a7b28bec10ba819\fabric-block-api-v1-3.0.2+ec56b60139.jar;C:\Users\Owner\.gradle\caches\modules-2\files-2.1\net.fabricmc.fabric-api\fabric-block-getter-api-v2\2.0.6+ec56b60139\fb8fc18856e44b16b31e7a394f249b849b4b88ed\fabric-block-getter-api-v2-2.0.6+ec56b60139.jar;C:\Users\Owner\.gradle\caches\modules-2\files-2.1\net.fabricmc.fabric-api\fabric-client-gametest-api-v1\5.0.14+9c21967139\8f823f915f695247b5a9f1a03c2dd3cef027958c\fabric-client-gametest-api-v1-5.0.14+9c21967139.jar;C:\Users\Owner\.gradle\caches\modules-2\files-2.1\net.fabricmc.fabric-api\fabric-crash-report-info-v1\1.0.3+9f78a5a839\aac6fe7e043507af39bbe857b12b469cf91f3848\fabric-crash-report-info-v1-1.0.3+9f78a5a839.jar;C:\Users\Owner\.gradle\caches\modules-2\files-2.1\net.fabricmc.fabric-api\fabric-key-mapping-api-v1\2.0.4+e2bdee7839\1b1e4d6c551f2140827b9ed16478cadb8c81633a\fabric-key-mapping-api-v1-2.0.4+e2bdee7839.jar;C:\Users\Owner\.gradle\caches\modules-2\files-2.1\net.fabricmc.fabric-api\fabric-resource-conditions-api-v1\6.0.5+00a1fba639\838cfa9d7709a518263d7cac4f9eb2d3e5ea7e6d\fabric-resource-conditions-api-v1-6.0.5+00a1fba639.jar;C:\Users\Owner\.gradle\caches\modules-2\files-2.1\net.fabricmc.fabric-api\fabric-serialization-api-v1\2.0.3+11a26f3139\a4dad7cf50e6727879ebab013f947c078d9e6779\fabric-serialization-api-v1-2.0.3+11a26f3139.jar;C:\Users\Owner\.gradle\caches\modules-2\files-2.1\net.fabricmc.fabric-api\fabric-sound-api-v1\2.0.4+11a26f3139\29db65b5994288adbb30e50af802904beb968387\fabric-sound-api-v1-2.0.4+11a26f3139.jar;C:\Users\Owner\.gradle\caches\modules-2\files-2.1\net.fabricmc.fabric-api\fabric-transitive-access-wideners-v1\8.0.11+d871b99e39\f7b531d31939d10a244b3164624a93786df0b784\fabric-transitive-access-wideners-v1-8.0.11+d871b99e39.jar;J:\minecraft orgenal mod with GPT\the_end_of_dragon\fabric\build\classes\java\main;J:\minecraft orgenal mod with GPT\the_end_of_dragon\fabric\build\resources\main
Launcher Type: SUN_STANDARD

[Global flags]
     intx CICompilerCount                          = 12                                        {product} {ergonomic}
     uint ConcGCThreads                            = 5                                         {product} {ergonomic}
     uint G1ConcRefinementThreads                  = 20                                        {product} {ergonomic}
   size_t G1HeapRegionSize                         = 8388608                                   {product} {ergonomic}
   size_t InitialHeapSize                          = 1073741824                                {product} {ergonomic}
   size_t MarkStackSize                            = 4194304                                   {product} {ergonomic}
   size_t MarkStackSizeMax                         = 536870912                                 {product} {ergonomic}
   size_t MaxHeapSize                              = 17129537536                               {product} {ergonomic}
   size_t MaxNewSize                               = 10276044800                               {product} {ergonomic}
   size_t MinHeapDeltaBytes                        = 8388608                                   {product} {ergonomic}
   size_t MinHeapSize                              = 8388608                                   {product} {ergonomic}
    uintx NonNMethodCodeHeapSize                   = 7602176                                {pd product} {ergonomic}
    uintx NonProfiledCodeHeapSize                  = 122093568                              {pd product} {ergonomic}
    uintx ProfiledCodeHeapSize                     = 121962496                              {pd product} {ergonomic}
    uintx ReservedCodeCacheSize                    = 251658240                              {pd product} {ergonomic}
     bool SegmentedCodeCache                       = true                                      {product} {ergonomic}
   size_t SoftMaxHeapSize                          = 17129537536                            {manageable} {ergonomic}
     bool UseCompressedOops                        = true                           {product lp64_product} {ergonomic}
     bool UseG1GC                                  = true                                      {product} {ergonomic}
     bool UseLargePagesIndividualAllocation        = false                                  {pd product} {ergonomic}

Logging:
Log output configuration:
 #0: stdout all=warning uptime,level,tags foldmultilines=false
 #1: stderr all=off uptime,level,tags foldmultilines=false

Release file:
IMPLEMENTOR="Oracle Corporation" 
JAVA_RUNTIME_VERSION="25.0.3+9-LTS-195" 
JAVA_VERSION="25.0.3" 
JAVA_VERSION_DATE="2026-04-21" 
LIBC="default" 
MODULES="java.base java.compiler java.datatransfer java.xml java.prefs java.desktop java.instrument java.logging java.management java.security.sasl java.naming java.rmi java.management.rmi java.net.http java.scripting java.security.jgss java.transaction.xa java.sql java.sql.rowset java.xml.crypto java.se java.smartcardio jdk.accessibility jdk.internal.jvmstat jdk.attach jdk.charsets jdk.internal.opt jdk.zipfs jdk.compiler jdk.crypto.cryptoki jdk.crypto.ec jdk.crypto.mscapi jdk.dynalink jdk.internal.ed jdk.editpad jdk.internal.vm.ci jdk.graal.compiler jdk.graal.compiler.management jdk.hotspot.agent jdk.httpserver jdk.incubator.vector jdk.internal.le jdk.internal.md jdk.jartool jdk.javadoc jdk.jcmd jdk.management jdk.management.agent jdk.jconsole jdk.jdeps jdk.jdwp.agent jdk.jdi jdk.jfr jdk.jlink jdk.jpackage jdk.jshell jdk.jsobject jdk.jstatd jdk.localedata jdk.management.jfr jdk.naming.dns jdk.naming.rmi jdk.net jdk.nio.mapmode jdk.sctp jdk.security.auth jdk.security.jgss jdk.unsupported jdk.unsupported.desktop jdk.xml.dom" 
OS_ARCH="x86_64" 
OS_NAME="Windows" 
SOURCE=".:git:bf167394bb46 open:git:e57ac4c1e765" 

Environment Variables:
PATH=C:\Program Files\Common Files\Oracle\Java\javapath;C:\Windows\system32;C:\Windows;C:\Windows\System32\Wbem;C:\Windows\System32\WindowsPowerShell\v1.0\;C:\Windows\System32\OpenSSH\;C:\Program Files (x86)\NVIDIA Corporation\PhysX\Common;C:\WINDOWS\system32;C:\WINDOWS;C:\WINDOWS\System32\Wbem;C:\WINDOWS\System32\WindowsPowerShell\v1.0\;C:\WINDOWS\System32\OpenSSH\;C:\Program Files\Microsoft SQL Server\150\Tools\Binn\;C:\Program Files\Microsoft SQL Server\Client SDK\ODBC\170\Tools\Binn\;C:\Program Files\dotnet\;C:\Program Files (x86)\Windows Kits\10\Windows Performance Toolkit\;C:\Program Files\Git\cmd;C:\Program Files\NVIDIA Corporation\NVIDIA App\NvDLISR;C:\Users\Owner\AppData\Local\Programs\Eclipse Adoptium\jdk-21.0.6.7-hotspot\bin;C:\Users\Owner\AppData\Local\Microsoft\WindowsApps;C:\Users\Owner\AppData\Local\Programs\Microsoft VS Code\bin;C:\Users\Owner\.dotnet\tools;C:\Program Files\JetBrains\IntelliJ IDEA 2026.1\bin
USERNAME=LichtMeilleur
OS=Windows_NT
PROCESSOR_IDENTIFIER=Intel64 Family 6 Model 183 Stepping 1, GenuineIntel
TMP=C:\Users\Owner\AppData\Local\Temp
TEMP=C:\Users\Owner\AppData\Local\Temp




Compilation memory statistics disabled.

Periodic native trim disabled

---------------  S Y S T E M  ---------------

OS:
 Windows 11 , 64 bit Build 26100 (10.0.26100.8875)
OS uptime: 3 days 16:34 hours

CPU: total 28 (initial active 28) (14 cores per cpu, 2 threads per core) family 6 model 183 stepping 1 microcode 0x120, cx8, cmov, fxsr, ht, mmx, 3dnowpref, sse, sse2, sse3, ssse3, sse4.1, sse4.2, popcnt, lzcnt, tsc, tscinvbit, avx, avx2, aes, erms, clmul, bmi1, bmi2, adx, sha, fma, vzeroupper, clflush, clflushopt, clwb, serialize, rdtscp, rdpid, fsrm, gfni, f16c, pku, cet_ibt, cet_ss
Processor Information for the first 28 processors :
  Max Mhz: 3400, Current Mhz: 3400, Mhz Limit: 3400

Memory: 4k page, system-wide physical 65312M (33925M free)
TotalPageFile size 130848M (AvailPageFile size 86520M)
current process WorkingSet (physical memory assigned to process): 1189M, peak: 1189M
current process commit charge ("private bytes"): 1573M, peak: 1575M

vm_info: Java HotSpot(TM) 64-Bit Server VM (25.0.3+9-LTS-195) for windows-amd64 JRE (25.0.3+9-LTS-195), built on 2026-03-11T00:20:00Z with MS VC++ 17.13 (VS2022)

END.
